group,problem,artifact_problem,method,seed,history_path,best_f,feasible
main,f01,f01,glosade,450,results/main/f01/glosade/seed450/history.npz,-0.02762376368396622,True
main,f01,f01,glosade,451,results/main/f01/glosade/seed451/history.npz,-0.024291947253262777,True
main,f01,f01,glosade,452,results/main/f01/glosade/seed452/history.npz,-0.026955626911107193,True
main,f01,f01,glosade,453,results/main/f01/glosade/seed453/history.npz,-0.09565309274453027,True
main,f01,f01,glosade,454,results/main/f01/glosade/seed454/history.npz,-0.04798876308833663,True
main,f01,f01,glosade,455,results/main/f01/glosade/seed455/history.npz,-0.05963804041144452,True
main,f01,f01,glosade,456,results/main/f01/glosade/seed456/history.npz,-0.05282575142403304,True
main,f01,f01,glosade,457,results/main/f01/glosade/seed457/history.npz,-0.022964016557936166,True
main,f01,f01,glosade,458,results/main/f01/glosade/seed458/history.npz,-0.02317665367288818,True
main,f01,f01,glosade,459,results/main/f01/glosade/seed459/history.npz,-0.042481625443313645,True
main,f01,f01,glosade,460,results/main/f01/glosade/seed460/history.npz,-0.004145931019246498,True
main,f01,f01,glosade,461,results/main/f01/glosade/seed461/history.npz,-0.014945534092465615,True
main,f01,f01,glosade,462,results/main/f01/glosade/seed462/history.npz,-0.02748785999921822,True
main,f01,f01,glosade,463,results/main/f01/glosade/seed463/history.npz,-0.0316846718796884,True
main,f01,f01,glosade,464,results/main/f01/glosade/seed464/history.npz,-0.05043180020086248,True
main,f01,f01,glosade,465,results/main/f01/glosade/seed465/history.npz,-0.07464214260739296,True
main,f01,f01,glosade,466,results/main/f01/glosade/seed466/history.npz,-0.0751141020799541,True
main,f01,f01,glosade,467,results/main/f01/glosade/seed467/history.npz,-0.09553552753209438,True
main,f01,f01,glosade,468,results/main/f01/glosade/seed468/history.npz,-0.028012878943414754,True
main,f01,f01,glosade,469,results/main/f01/glosade/seed469/history.npz,-0.0007343846532948645,True
main,f01,f01,glosade,470,results/main/f01/glosade/seed470/history.npz,-0.024996009019234888,True
main,f01,f01,glosade,471,results/main/f01/glosade/seed471/history.npz,-0.018780904587797374,True
main,f01,f01,glosade,472,results/main/f01/glosade/seed472/history.npz,-0.02784814626568915,True
main,f01,f01,glosade,473,results/main/f01/glosade/seed473/history.npz,-0.005601402549531902,True
main,f01,f01,glosade,474,results/main/f01/glosade/seed474/history.npz,-0.058253765274404186,True
main,f01,f01,glosade,475,results/main/f01/glosade/seed475/history.npz,-0.031659972071615396,True
main,f01,f01,glosade,476,results/main/f01/glosade/seed476/history.npz,-0.08346690270423249,True
main,f01,f01,glosade,477,results/main/f01/glosade/seed477/history.npz,0.00012350101085628737,True
main,f01,f01,glosade,478,results/main/f01/glosade/seed478/history.npz,-0.07127781787955777,True
main,f01,f01,glosade,479,results/main/f01/glosade/seed479/history.npz,-0.020981874947570384,True
main,f01,f01,gp_de,450,results/main/f01/gp_de/seed450/history.npz,-0.09582503885030746,True
main,f01,f01,gp_de,451,results/main/f01/gp_de/seed451/history.npz,-0.09582503885030746,True
main,f01,f01,gp_de,452,results/main/f01/gp_de/seed452/history.npz,-0.09582503139972687,True
main,f01,f01,gp_de,453,results/main/f01/gp_de/seed453/history.npz,-0.02798035554587841,True
main,f01,f01,gp_de,454,results/main/f01/gp_de/seed454/history.npz,-0.09582503885030746,True
main,f01,f01,gp_de,455,results/main/f01/gp_de/seed455/history.npz,-0.09582484513521194,True
main,f01,f01,gp_de,456,results/main/f01/gp_de/seed456/history.npz,-0.09582503885030746,True
main,f01,f01,gp_de,457,results/main/f01/gp_de/seed457/history.npz,-0.09582501649856567,True
main,f01,f01,gp_de,458,results/main/f01/gp_de/seed458/history.npz,-0.09582503885030746,True
main,f01,f01,gp_de,459,results/main/f01/gp_de/seed459/history.npz,-0.09582500904798508,True
main,f01,f01,gp_de,460,results/main/f01/gp_de/seed460/history.npz,-0.09582503885030746,True
main,f01,f01,gp_de,461,results/main/f01/gp_de/seed461/history.npz,-0.02803618647158146,True
main,f01,f01,gp_de,462,results/main/f01/gp_de/seed462/history.npz,-0.09582503139972687,True
main,f01,f01,gp_de,463,results/main/f01/gp_de/seed463/history.npz,-0.09582503139972687,True
main,f01,f01,gp_de,464,results/main/f01/gp_de/seed464/history.npz,nan,False
main,f01,f01,gp_de,465,results/main/f01/gp_de/seed465/history.npz,-0.02760123275220394,True
main,f01,f01,gp_de,466,results/main/f01/gp_de/seed466/history.npz,-0.09582503885030746,True
main,f01,f01,gp_de,467,results/main/f01/gp_de/seed467/history.npz,-0.09582498669624329,True
main,f01,f01,gp_de,468,results/main/f01/gp_de/seed468/history.npz,-0.09582502394914627,True
main,f01,f01,gp_de,469,results/main/f01/gp_de/seed469/history.npz,-0.026607945561408997,True
main,f01,f01,gp_de,470,results/main/f01/gp_de/seed470/history.npz,-0.09582503885030746,True
main,f01,f01,gp_de,471,results/main/f01/gp_de/seed471/history.npz,-0.09582503139972687,True
main,f01,f01,gp_de,472,results/main/f01/gp_de/seed472/history.npz,-0.09582479298114777,True
main,f01,f01,gp_de,473,results/main/f01/gp_de/seed473/history.npz,-0.017871607095003128,True
main,f01,f01,gp_de,474,results/main/f01/gp_de/seed474/history.npz,-0.09582500904798508,True
main,f01,f01,gp_de,475,results/main/f01/gp_de/seed475/history.npz,-0.09582503885030746,True
main,f01,f01,gp_de,476,results/main/f01/gp_de/seed476/history.npz,nan,False
main,f01,f01,gp_de,477,results/main/f01/gp_de/seed477/history.npz,-0.09582503139972687,True
main,f01,f01,gp_de,478,results/main/f01/gp_de/seed478/history.npz,0.004121735226362944,True
main,f01,f01,gp_de,479,results/main/f01/gp_de/seed479/history.npz,-0.09582503885030746,True
main,f01,f01,ji_sade_grm,450,results/main/f01/ji_sade_grm/seed450/history.npz,-0.02785000515229133,True
main,f01,f01,ji_sade_grm,451,results/main/f01/ji_sade_grm/seed451/history.npz,-0.027264808317852426,True
main,f01,f01,ji_sade_grm,452,results/main/f01/ji_sade_grm/seed452/history.npz,-0.025812287881559107,True
main,f01,f01,ji_sade_grm,453,results/main/f01/ji_sade_grm/seed453/history.npz,-0.010455635989854911,True
main,f01,f01,ji_sade_grm,454,results/main/f01/ji_sade_grm/seed454/history.npz,-0.023796248036922707,True
main,f01,f01,ji_sade_grm,455,results/main/f01/ji_sade_grm/seed455/history.npz,-0.03144587785155814,True
main,f01,f01,ji_sade_grm,456,results/main/f01/ji_sade_grm/seed456/history.npz,-0.09535503838464152,True
main,f01,f01,ji_sade_grm,457,results/main/f01/ji_sade_grm/seed457/history.npz,-0.09470869881053016,True
main,f01,f01,ji_sade_grm,458,results/main/f01/ji_sade_grm/seed458/history.npz,-0.02581228398711745,True
main,f01,f01,ji_sade_grm,459,results/main/f01/ji_sade_grm/seed459/history.npz,-0.025812275692218778,True
main,f01,f01,ji_sade_grm,460,results/main/f01/ji_sade_grm/seed460/history.npz,-0.09581062112271253,True
main,f01,f01,ji_sade_grm,461,results/main/f01/ji_sade_grm/seed461/history.npz,-0.026935268341975297,True
main,f01,f01,ji_sade_grm,462,results/main/f01/ji_sade_grm/seed462/history.npz,-0.09246420058466992,True
main,f01,f01,ji_sade_grm,463,results/main/f01/ji_sade_grm/seed463/history.npz,-0.02571181963230433,True
main,f01,f01,ji_sade_grm,464,results/main/f01/ji_sade_grm/seed464/history.npz,-0.025821736824310736,True
main,f01,f01,ji_sade_grm,465,results/main/f01/ji_sade_grm/seed465/history.npz,-0.07451967390626756,True
main,f01,f01,ji_sade_grm,466,results/main/f01/ji_sade_grm/seed466/history.npz,-0.04013023146747145,True
main,f01,f01,ji_sade_grm,467,results/main/f01/ji_sade_grm/seed467/history.npz,-0.02726285909412905,True
main,f01,f01,ji_sade_grm,468,results/main/f01/ji_sade_grm/seed468/history.npz,-0.09289022011935638,True
main,f01,f01,ji_sade_grm,469,results/main/f01/ji_sade_grm/seed469/history.npz,-0.02543191736734914,True
main,f01,f01,ji_sade_grm,470,results/main/f01/ji_sade_grm/seed470/history.npz,-0.09464048987737761,True
main,f01,f01,ji_sade_grm,471,results/main/f01/ji_sade_grm/seed471/history.npz,-0.019161159394546386,True
main,f01,f01,ji_sade_grm,472,results/main/f01/ji_sade_grm/seed472/history.npz,-0.07480069887908891,True
main,f01,f01,ji_sade_grm,473,results/main/f01/ji_sade_grm/seed473/history.npz,-0.09581357919358192,True
main,f01,f01,ji_sade_grm,474,results/main/f01/ji_sade_grm/seed474/history.npz,-0.02224889121964077,True
main,f01,f01,ji_sade_grm,475,results/main/f01/ji_sade_grm/seed475/history.npz,-0.02581214278734163,True
main,f01,f01,ji_sade_grm,476,results/main/f01/ji_sade_grm/seed476/history.npz,-0.09408377630284123,True
main,f01,f01,ji_sade_grm,477,results/main/f01/ji_sade_grm/seed477/history.npz,-0.021452130235652848,True
main,f01,f01,ji_sade_grm,478,results/main/f01/ji_sade_grm/seed478/history.npz,-0.09511074278604509,True
main,f01,f01,ji_sade_grm,479,results/main/f01/ji_sade_grm/seed479/history.npz,-0.02697515070320616,True
main,f01,f01,mlp_de,450,results/main/f01/mlp_de/seed450/history.npz,-0.09423816949129105,True
main,f01,f01,mlp_de,451,results/main/f01/mlp_de/seed451/history.npz,-0.09578631073236465,True
main,f01,f01,mlp_de,452,results/main/f01/mlp_de/seed452/history.npz,-0.09582255035638809,True
main,f01,f01,mlp_de,453,results/main/f01/mlp_de/seed453/history.npz,-0.0956774577498436,True
main,f01,f01,mlp_de,454,results/main/f01/mlp_de/seed454/history.npz,-0.09580162912607193,True
main,f01,f01,mlp_de,455,results/main/f01/mlp_de/seed455/history.npz,-0.09578510373830795,True
main,f01,f01,mlp_de,456,results/main/f01/mlp_de/seed456/history.npz,-0.09581500291824341,True
main,f01,f01,mlp_de,457,results/main/f01/mlp_de/seed457/history.npz,-0.09579962491989136,True
main,f01,f01,mlp_de,458,results/main/f01/mlp_de/seed458/history.npz,-0.09509652853012085,True
main,f01,f01,mlp_de,459,results/main/f01/mlp_de/seed459/history.npz,-0.027812635526061058,True
main,f01,f01,mlp_de,460,results/main/f01/mlp_de/seed460/history.npz,-0.09575812518596649,True
main,f01,f01,mlp_de,461,results/main/f01/mlp_de/seed461/history.npz,-0.09568510949611664,True
main,f01,f01,mlp_de,462,results/main/f01/mlp_de/seed462/history.npz,-0.09582174569368362,True
main,f01,f01,mlp_de,463,results/main/f01/mlp_de/seed463/history.npz,-0.09582460671663284,True
main,f01,f01,mlp_de,464,results/main/f01/mlp_de/seed464/history.npz,-0.09576725214719772,True
main,f01,f01,mlp_de,465,results/main/f01/mlp_de/seed465/history.npz,-0.09581837058067322,True
main,f01,f01,mlp_de,466,results/main/f01/mlp_de/seed466/history.npz,-0.0958249643445015,True
main,f01,f01,mlp_de,467,results/main/f01/mlp_de/seed467/history.npz,-0.09582161158323288,True
main,f01,f01,mlp_de,468,results/main/f01/mlp_de/seed468/history.npz,-0.0958249419927597,True
main,f01,f01,mlp_de,469,results/main/f01/mlp_de/seed469/history.npz,-0.09580492228269577,True
main,f01,f01,mlp_de,470,results/main/f01/mlp_de/seed470/history.npz,-0.09581907093524933,True
main,f01,f01,mlp_de,471,results/main/f01/mlp_de/seed471/history.npz,-0.09582184255123138,True
main,f01,f01,mlp_de,472,results/main/f01/mlp_de/seed472/history.npz,-0.02803138643503189,True
main,f01,f01,mlp_de,473,results/main/f01/mlp_de/seed473/history.npz,-0.095816969871521,True
main,f01,f01,mlp_de,474,results/main/f01/mlp_de/seed474/history.npz,-0.09582158178091049,True
main,f01,f01,mlp_de,475,results/main/f01/mlp_de/seed475/history.npz,-0.09459841996431351,True
main,f01,f01,mlp_de,476,results/main/f01/mlp_de/seed476/history.npz,-0.0737188458442688,True
main,f01,f01,mlp_de,477,results/main/f01/mlp_de/seed477/history.npz,-0.0958227813243866,True
main,f01,f01,mlp_de,478,results/main/f01/mlp_de/seed478/history.npz,-0.09570077806711197,True
main,f01,f01,mlp_de,479,results/main/f01/mlp_de/seed479/history.npz,-0.0958227589726448,True
main,f01,f01,pigp_de,450,results/main/f01/pigp_de/seed450/history.npz,-0.09582503885030746,True
main,f01,f01,pigp_de,451,results/main/f01/pigp_de/seed451/history.npz,-0.09582503885030746,True
main,f01,f01,pigp_de,452,results/main/f01/pigp_de/seed452/history.npz,-0.09582503885030746,True
main,f01,f01,pigp_de,453,results/main/f01/pigp_de/seed453/history.npz,-0.015253412537276745,True
main,f01,f01,pigp_de,454,results/main/f01/pigp_de/seed454/history.npz,-0.09582503885030746,True
main,f01,f01,pigp_de,455,results/main/f01/pigp_de/seed455/history.npz,-0.09582503885030746,True
main,f01,f01,pigp_de,456,results/main/f01/pigp_de/seed456/history.npz,-0.02803780511021614,True
main,f01,f01,pigp_de,457,results/main/f01/pigp_de/seed457/history.npz,-0.09582503885030746,True
main,f01,f01,pigp_de,458,results/main/f01/pigp_de/seed458/history.npz,-0.09582503885030746,True
main,f01,f01,pigp_de,459,results/main/f01/pigp_de/seed459/history.npz,-0.09582503885030746,True
main,f01,f01,pigp_de,460,results/main/f01/pigp_de/seed460/history.npz,-0.09582503885030746,True
main,f01,f01,pigp_de,461,results/main/f01/pigp_de/seed461/history.npz,-0.02803780697286129,True
main,f01,f01,pigp_de,462,results/main/f01/pigp_de/seed462/history.npz,-0.09582503885030746,True
main,f01,f01,pigp_de,463,results/main/f01/pigp_de/seed463/history.npz,-0.02581225149333477,True
main,f01,f01,pigp_de,464,results/main/f01/pigp_de/seed464/history.npz,-0.09582503885030746,True
main,f01,f01,pigp_de,465,results/main/f01/pigp_de/seed465/history.npz,-0.02803780511021614,True
main,f01,f01,pigp_de,466,results/main/f01/pigp_de/seed466/history.npz,-0.09582503885030746,True
main,f01,f01,pigp_de,467,results/main/f01/pigp_de/seed467/history.npz,-0.09582503885030746,True
main,f01,f01,pigp_de,468,results/main/f01/pigp_de/seed468/history.npz,-0.09582503885030746,True
main,f01,f01,pigp_de,469,results/main/f01/pigp_de/seed469/history.npz,-0.02803780511021614,True
main,f01,f01,pigp_de,470,results/main/f01/pigp_de/seed470/history.npz,-0.09582503885030746,True
main,f01,f01,pigp_de,471,results/main/f01/pigp_de/seed471/history.npz,-0.09582503885030746,True
main,f01,f01,pigp_de,472,results/main/f01/pigp_de/seed472/history.npz,-0.02803780697286129,True
main,f01,f01,pigp_de,473,results/main/f01/pigp_de/seed473/history.npz,-0.09582503885030746,True
main,f01,f01,pigp_de,474,results/main/f01/pigp_de/seed474/history.npz,-0.02803780697286129,True
main,f01,f01,pigp_de,475,results/main/f01/pigp_de/seed475/history.npz,-0.09582503885030746,True
main,f01,f01,pigp_de,476,results/main/f01/pigp_de/seed476/history.npz,-0.09582503885030746,True
main,f01,f01,pigp_de,477,results/main/f01/pigp_de/seed477/history.npz,-0.09582503885030746,True
main,f01,f01,pigp_de,478,results/main/f01/pigp_de/seed478/history.npz,-0.02803780697286129,True
main,f01,f01,pigp_de,479,results/main/f01/pigp_de/seed479/history.npz,-0.09582503885030746,True
main,f01,f01,pinn_de,450,results/main/f01/pinn_de/seed450/history.npz,-0.09582435339689255,True
main,f01,f01,pinn_de,451,results/main/f01/pinn_de/seed451/history.npz,-0.09581498056650162,True
main,f01,f01,pinn_de,452,results/main/f01/pinn_de/seed452/history.npz,-0.09582503139972687,True
main,f01,f01,pinn_de,453,results/main/f01/pinn_de/seed453/history.npz,-0.0958213284611702,True
main,f01,f01,pinn_de,454,results/main/f01/pinn_de/seed454/history.npz,-0.09582500904798508,True
main,f01,f01,pinn_de,455,results/main/f01/pinn_de/seed455/history.npz,-0.09582217782735825,True
main,f01,f01,pinn_de,456,results/main/f01/pinn_de/seed456/history.npz,-0.09582497924566269,True
main,f01,f01,pinn_de,457,results/main/f01/pinn_de/seed457/history.npz,-0.09581951797008514,True
main,f01,f01,pinn_de,458,results/main/f01/pinn_de/seed458/history.npz,-0.09582461416721344,True
main,f01,f01,pinn_de,459,results/main/f01/pinn_de/seed459/history.npz,-0.0958024188876152,True
main,f01,f01,pinn_de,460,results/main/f01/pinn_de/seed460/history.npz,-0.09582498669624329,True
main,f01,f01,pinn_de,461,results/main/f01/pinn_de/seed461/history.npz,-0.09582484513521194,True
main,f01,f01,pinn_de,462,results/main/f01/pinn_de/seed462/history.npz,-0.09580205380916595,True
main,f01,f01,pinn_de,463,results/main/f01/pinn_de/seed463/history.npz,-0.09582493454217911,True
main,f01,f01,pinn_de,464,results/main/f01/pinn_de/seed464/history.npz,-0.0958106592297554,True
main,f01,f01,pinn_de,465,results/main/f01/pinn_de/seed465/history.npz,-0.09581828117370605,True
main,f01,f01,pinn_de,466,results/main/f01/pinn_de/seed466/history.npz,-0.09582454711198807,True
main,f01,f01,pinn_de,467,results/main/f01/pinn_de/seed467/history.npz,-0.09581904113292694,True
main,f01,f01,pinn_de,468,results/main/f01/pinn_de/seed468/history.npz,-0.09582498669624329,True
main,f01,f01,pinn_de,469,results/main/f01/pinn_de/seed469/history.npz,-0.09582503885030746,True
main,f01,f01,pinn_de,470,results/main/f01/pinn_de/seed470/history.npz,-0.09582261741161346,True
main,f01,f01,pinn_de,471,results/main/f01/pinn_de/seed471/history.npz,-0.09569787979125977,True
main,f01,f01,pinn_de,472,results/main/f01/pinn_de/seed472/history.npz,-0.09582410752773285,True
main,f01,f01,pinn_de,473,results/main/f01/pinn_de/seed473/history.npz,-0.09582352638244629,True
main,f01,f01,pinn_de,474,results/main/f01/pinn_de/seed474/history.npz,-0.09579113125801086,True
main,f01,f01,pinn_de,475,results/main/f01/pinn_de/seed475/history.npz,-0.09581880271434784,True
main,f01,f01,pinn_de,476,results/main/f01/pinn_de/seed476/history.npz,-0.0958203449845314,True
main,f01,f01,pinn_de,477,results/main/f01/pinn_de/seed477/history.npz,-0.09582485258579254,True
main,f01,f01,pinn_de,478,results/main/f01/pinn_de/seed478/history.npz,-0.09580154716968536,True
main,f01,f01,pinn_de,479,results/main/f01/pinn_de/seed479/history.npz,-0.09582503885030746,True
main,f01,f01,pino_de,450,results/main/f01/pino_de/seed450/history.npz,-0.09582498669624329,True
main,f01,f01,pino_de,451,results/main/f01/pino_de/seed451/history.npz,-0.0958249494433403,True
main,f01,f01,pino_de,452,results/main/f01/pino_de/seed452/history.npz,-0.09582503885030746,True
main,f01,f01,pino_de,453,results/main/f01/pino_de/seed453/history.npz,-0.09582503885030746,True
main,f01,f01,pino_de,454,results/main/f01/pino_de/seed454/history.npz,-0.09582501649856567,True
main,f01,f01,pino_de,455,results/main/f01/pino_de/seed455/history.npz,-0.09582503139972687,True
main,f01,f01,pino_de,456,results/main/f01/pino_de/seed456/history.npz,-0.09582503885030746,True
main,f01,f01,pino_de,457,results/main/f01/pino_de/seed457/history.npz,-0.0958024337887764,True
main,f01,f01,pino_de,458,results/main/f01/pino_de/seed458/history.npz,-0.09582503885030746,True
main,f01,f01,pino_de,459,results/main/f01/pino_de/seed459/history.npz,-0.09582502394914627,True
main,f01,f01,pino_de,460,results/main/f01/pino_de/seed460/history.npz,-0.09582503885030746,True
main,f01,f01,pino_de,461,results/main/f01/pino_de/seed461/history.npz,-0.09582500904798508,True
main,f01,f01,pino_de,462,results/main/f01/pino_de/seed462/history.npz,-0.09582503885030746,True
main,f01,f01,pino_de,463,results/main/f01/pino_de/seed463/history.npz,-0.09582416713237762,True
main,f01,f01,pino_de,464,results/main/f01/pino_de/seed464/history.npz,-0.09582502394914627,True
main,f01,f01,pino_de,465,results/main/f01/pino_de/seed465/history.npz,-0.09582503139972687,True
main,f01,f01,pino_de,466,results/main/f01/pino_de/seed466/history.npz,-0.09582500904798508,True
main,f01,f01,pino_de,467,results/main/f01/pino_de/seed467/history.npz,-0.09582503885030746,True
main,f01,f01,pino_de,468,results/main/f01/pino_de/seed468/history.npz,-0.09582499414682388,True
main,f01,f01,pino_de,469,results/main/f01/pino_de/seed469/history.npz,-0.09582493454217911,True
main,f01,f01,pino_de,470,results/main/f01/pino_de/seed470/history.npz,-0.09582503885030746,True
main,f01,f01,pino_de,471,results/main/f01/pino_de/seed471/history.npz,-0.09582500904798508,True
main,f01,f01,pino_de,472,results/main/f01/pino_de/seed472/history.npz,-0.09582503885030746,True
main,f01,f01,pino_de,473,results/main/f01/pino_de/seed473/history.npz,-0.09582503139972687,True
main,f01,f01,pino_de,474,results/main/f01/pino_de/seed474/history.npz,-0.09582503885030746,True
main,f01,f01,pino_de,475,results/main/f01/pino_de/seed475/history.npz,-0.0958242267370224,True
main,f01,f01,pino_de,476,results/main/f01/pino_de/seed476/history.npz,-0.09582503885030746,True
main,f01,f01,pino_de,477,results/main/f01/pino_de/seed477/history.npz,-0.09582497179508209,True
main,f01,f01,pino_de,478,results/main/f01/pino_de/seed478/history.npz,-0.09582503885030746,True
main,f01,f01,pino_de,479,results/main/f01/pino_de/seed479/history.npz,-0.09582503885030746,True
main,f01,f01,rbfn_de,450,results/main/f01/rbfn_de/seed450/history.npz,-0.08403126150369644,True
main,f01,f01,rbfn_de,451,results/main/f01/rbfn_de/seed451/history.npz,-0.09475047886371613,True
main,f01,f01,rbfn_de,452,results/main/f01/rbfn_de/seed452/history.npz,-0.08936235308647156,True
main,f01,f01,rbfn_de,453,results/main/f01/rbfn_de/seed453/history.npz,-0.09574604779481888,True
main,f01,f01,rbfn_de,454,results/main/f01/rbfn_de/seed454/history.npz,-0.09275059401988983,True
main,f01,f01,rbfn_de,455,results/main/f01/rbfn_de/seed455/history.npz,-0.0958237498998642,True
main,f01,f01,rbfn_de,456,results/main/f01/rbfn_de/seed456/history.npz,-0.09582486003637314,True
main,f01,f01,rbfn_de,457,results/main/f01/rbfn_de/seed457/history.npz,-0.08671027421951294,True
main,f01,f01,rbfn_de,458,results/main/f01/rbfn_de/seed458/history.npz,-0.09320094436407089,True
main,f01,f01,rbfn_de,459,results/main/f01/rbfn_de/seed459/history.npz,-0.045379698276519775,True
main,f01,f01,rbfn_de,460,results/main/f01/rbfn_de/seed460/history.npz,nan,False
main,f01,f01,rbfn_de,461,results/main/f01/rbfn_de/seed461/history.npz,-0.028022438287734985,True
main,f01,f01,rbfn_de,462,results/main/f01/rbfn_de/seed462/history.npz,-0.09475846588611603,True
main,f01,f01,rbfn_de,463,results/main/f01/rbfn_de/seed463/history.npz,-0.09543868154287338,True
main,f01,f01,rbfn_de,464,results/main/f01/rbfn_de/seed464/history.npz,-0.06067300960421562,True
main,f01,f01,rbfn_de,465,results/main/f01/rbfn_de/seed465/history.npz,-0.08042678982019424,True
main,f01,f01,rbfn_de,466,results/main/f01/rbfn_de/seed466/history.npz,-0.09582503885030746,True
main,f01,f01,rbfn_de,467,results/main/f01/rbfn_de/seed467/history.npz,-0.07219704240560532,True
main,f01,f01,rbfn_de,468,results/main/f01/rbfn_de/seed468/history.npz,-0.09581798315048218,True
main,f01,f01,rbfn_de,469,results/main/f01/rbfn_de/seed469/history.npz,-0.09582279622554779,True
main,f01,f01,rbfn_de,470,results/main/f01/rbfn_de/seed470/history.npz,-0.09582499414682388,True
main,f01,f01,rbfn_de,471,results/main/f01/rbfn_de/seed471/history.npz,-0.09558426588773727,True
main,f01,f01,rbfn_de,472,results/main/f01/rbfn_de/seed472/history.npz,-0.0958104357123375,True
main,f01,f01,rbfn_de,473,results/main/f01/rbfn_de/seed473/history.npz,-0.08643791079521179,True
main,f01,f01,rbfn_de,474,results/main/f01/rbfn_de/seed474/history.npz,-0.09582462906837463,True
main,f01,f01,rbfn_de,475,results/main/f01/rbfn_de/seed475/history.npz,-0.07599218934774399,True
main,f01,f01,rbfn_de,476,results/main/f01/rbfn_de/seed476/history.npz,0.03475116565823555,True
main,f01,f01,rbfn_de,477,results/main/f01/rbfn_de/seed477/history.npz,-0.08921768516302109,True
main,f01,f01,rbfn_de,478,results/main/f01/rbfn_de/seed478/history.npz,-0.07295969873666763,True
main,f01,f01,rbfn_de,479,results/main/f01/rbfn_de/seed479/history.npz,-0.09582488238811493,True
main,f02,f02,glosade,450,results/main/f02/glosade/seed450/history.npz,nan,False
main,f02,f02,glosade,451,results/main/f02/glosade/seed451/history.npz,nan,False
main,f02,f02,glosade,452,results/main/f02/glosade/seed452/history.npz,nan,False
main,f02,f02,glosade,453,results/main/f02/glosade/seed453/history.npz,nan,False
main,f02,f02,glosade,454,results/main/f02/glosade/seed454/history.npz,nan,False
main,f02,f02,glosade,455,results/main/f02/glosade/seed455/history.npz,nan,False
main,f02,f02,glosade,456,results/main/f02/glosade/seed456/history.npz,nan,False
main,f02,f02,glosade,457,results/main/f02/glosade/seed457/history.npz,nan,False
main,f02,f02,glosade,458,results/main/f02/glosade/seed458/history.npz,nan,False
main,f02,f02,glosade,459,results/main/f02/glosade/seed459/history.npz,nan,False
main,f02,f02,glosade,460,results/main/f02/glosade/seed460/history.npz,nan,False
main,f02,f02,glosade,461,results/main/f02/glosade/seed461/history.npz,nan,False
main,f02,f02,glosade,462,results/main/f02/glosade/seed462/history.npz,nan,False
main,f02,f02,glosade,463,results/main/f02/glosade/seed463/history.npz,nan,False
main,f02,f02,glosade,464,results/main/f02/glosade/seed464/history.npz,nan,False
main,f02,f02,glosade,465,results/main/f02/glosade/seed465/history.npz,nan,False
main,f02,f02,glosade,466,results/main/f02/glosade/seed466/history.npz,nan,False
main,f02,f02,glosade,467,results/main/f02/glosade/seed467/history.npz,nan,False
main,f02,f02,glosade,468,results/main/f02/glosade/seed468/history.npz,nan,False
main,f02,f02,glosade,469,results/main/f02/glosade/seed469/history.npz,nan,False
main,f02,f02,glosade,470,results/main/f02/glosade/seed470/history.npz,nan,False
main,f02,f02,glosade,471,results/main/f02/glosade/seed471/history.npz,nan,False
main,f02,f02,glosade,472,results/main/f02/glosade/seed472/history.npz,nan,False
main,f02,f02,glosade,473,results/main/f02/glosade/seed473/history.npz,nan,False
main,f02,f02,glosade,474,results/main/f02/glosade/seed474/history.npz,nan,False
main,f02,f02,glosade,475,results/main/f02/glosade/seed475/history.npz,nan,False
main,f02,f02,glosade,476,results/main/f02/glosade/seed476/history.npz,nan,False
main,f02,f02,glosade,477,results/main/f02/glosade/seed477/history.npz,nan,False
main,f02,f02,glosade,478,results/main/f02/glosade/seed478/history.npz,nan,False
main,f02,f02,glosade,479,results/main/f02/glosade/seed479/history.npz,nan,False
main,f02,f02,gp_de,450,results/main/f02/gp_de/seed450/history.npz,962.037319413315,True
main,f02,f02,gp_de,451,results/main/f02/gp_de/seed451/history.npz,nan,False
main,f02,f02,gp_de,452,results/main/f02/gp_de/seed452/history.npz,963.7304892334213,True
main,f02,f02,gp_de,453,results/main/f02/gp_de/seed453/history.npz,nan,False
main,f02,f02,gp_de,454,results/main/f02/gp_de/seed454/history.npz,nan,False
main,f02,f02,gp_de,455,results/main/f02/gp_de/seed455/history.npz,nan,False
main,f02,f02,gp_de,456,results/main/f02/gp_de/seed456/history.npz,nan,False
main,f02,f02,gp_de,457,results/main/f02/gp_de/seed457/history.npz,nan,False
main,f02,f02,gp_de,458,results/main/f02/gp_de/seed458/history.npz,nan,False
main,f02,f02,gp_de,459,results/main/f02/gp_de/seed459/history.npz,nan,False
main,f02,f02,gp_de,460,results/main/f02/gp_de/seed460/history.npz,966.8602956524119,True
main,f02,f02,gp_de,461,results/main/f02/gp_de/seed461/history.npz,nan,False
main,f02,f02,gp_de,462,results/main/f02/gp_de/seed462/history.npz,nan,False
main,f02,f02,gp_de,463,results/main/f02/gp_de/seed463/history.npz,nan,False
main,f02,f02,gp_de,464,results/main/f02/gp_de/seed464/history.npz,nan,False
main,f02,f02,gp_de,465,results/main/f02/gp_de/seed465/history.npz,nan,False
main,f02,f02,gp_de,466,results/main/f02/gp_de/seed466/history.npz,nan,False
main,f02,f02,gp_de,467,results/main/f02/gp_de/seed467/history.npz,nan,False
main,f02,f02,gp_de,468,results/main/f02/gp_de/seed468/history.npz,nan,False
main,f02,f02,gp_de,469,results/main/f02/gp_de/seed469/history.npz,nan,False
main,f02,f02,gp_de,470,results/main/f02/gp_de/seed470/history.npz,nan,False
main,f02,f02,gp_de,471,results/main/f02/gp_de/seed471/history.npz,961.9468076672632,True
main,f02,f02,gp_de,472,results/main/f02/gp_de/seed472/history.npz,nan,False
main,f02,f02,gp_de,473,results/main/f02/gp_de/seed473/history.npz,nan,False
main,f02,f02,gp_de,474,results/main/f02/gp_de/seed474/history.npz,nan,False
main,f02,f02,gp_de,475,results/main/f02/gp_de/seed475/history.npz,nan,False
main,f02,f02,gp_de,476,results/main/f02/gp_de/seed476/history.npz,962.3206056221777,True
main,f02,f02,gp_de,477,results/main/f02/gp_de/seed477/history.npz,963.7784561125641,True
main,f02,f02,gp_de,478,results/main/f02/gp_de/seed478/history.npz,nan,False
main,f02,f02,gp_de,479,results/main/f02/gp_de/seed479/history.npz,nan,False
main,f02,f02,ji_sade_grm,450,results/main/f02/ji_sade_grm/seed450/history.npz,963.772297694927,True
main,f02,f02,ji_sade_grm,451,results/main/f02/ji_sade_grm/seed451/history.npz,nan,False
main,f02,f02,ji_sade_grm,452,results/main/f02/ji_sade_grm/seed452/history.npz,nan,False
main,f02,f02,ji_sade_grm,453,results/main/f02/ji_sade_grm/seed453/history.npz,961.7856886830288,True
main,f02,f02,ji_sade_grm,454,results/main/f02/ji_sade_grm/seed454/history.npz,nan,False
main,f02,f02,ji_sade_grm,455,results/main/f02/ji_sade_grm/seed455/history.npz,nan,False
main,f02,f02,ji_sade_grm,456,results/main/f02/ji_sade_grm/seed456/history.npz,nan,False
main,f02,f02,ji_sade_grm,457,results/main/f02/ji_sade_grm/seed457/history.npz,nan,False
main,f02,f02,ji_sade_grm,458,results/main/f02/ji_sade_grm/seed458/history.npz,nan,False
main,f02,f02,ji_sade_grm,459,results/main/f02/ji_sade_grm/seed459/history.npz,nan,False
main,f02,f02,ji_sade_grm,460,results/main/f02/ji_sade_grm/seed460/history.npz,nan,False
main,f02,f02,ji_sade_grm,461,results/main/f02/ji_sade_grm/seed461/history.npz,nan,False
main,f02,f02,ji_sade_grm,462,results/main/f02/ji_sade_grm/seed462/history.npz,963.0253460634672,True
main,f02,f02,ji_sade_grm,463,results/main/f02/ji_sade_grm/seed463/history.npz,nan,False
main,f02,f02,ji_sade_grm,464,results/main/f02/ji_sade_grm/seed464/history.npz,nan,False
main,f02,f02,ji_sade_grm,465,results/main/f02/ji_sade_grm/seed465/history.npz,nan,False
main,f02,f02,ji_sade_grm,466,results/main/f02/ji_sade_grm/seed466/history.npz,963.1454166156984,True
main,f02,f02,ji_sade_grm,467,results/main/f02/ji_sade_grm/seed467/history.npz,nan,False
main,f02,f02,ji_sade_grm,468,results/main/f02/ji_sade_grm/seed468/history.npz,nan,False
main,f02,f02,ji_sade_grm,469,results/main/f02/ji_sade_grm/seed469/history.npz,nan,False
main,f02,f02,ji_sade_grm,470,results/main/f02/ji_sade_grm/seed470/history.npz,962.0444375064651,True
main,f02,f02,ji_sade_grm,471,results/main/f02/ji_sade_grm/seed471/history.npz,961.6136463592678,True
main,f02,f02,ji_sade_grm,472,results/main/f02/ji_sade_grm/seed472/history.npz,nan,False
main,f02,f02,ji_sade_grm,473,results/main/f02/ji_sade_grm/seed473/history.npz,nan,False
main,f02,f02,ji_sade_grm,474,results/main/f02/ji_sade_grm/seed474/history.npz,nan,False
main,f02,f02,ji_sade_grm,475,results/main/f02/ji_sade_grm/seed475/history.npz,nan,False
main,f02,f02,ji_sade_grm,476,results/main/f02/ji_sade_grm/seed476/history.npz,nan,False
main,f02,f02,ji_sade_grm,477,results/main/f02/ji_sade_grm/seed477/history.npz,nan,False
main,f02,f02,ji_sade_grm,478,results/main/f02/ji_sade_grm/seed478/history.npz,961.9858256077667,True
main,f02,f02,ji_sade_grm,479,results/main/f02/ji_sade_grm/seed479/history.npz,961.9632180660495,True
main,f02,f02,mlp_de,450,results/main/f02/mlp_de/seed450/history.npz,961.6605886751203,True
main,f02,f02,mlp_de,451,results/main/f02/mlp_de/seed451/history.npz,nan,False
main,f02,f02,mlp_de,452,results/main/f02/mlp_de/seed452/history.npz,nan,False
main,f02,f02,mlp_de,453,results/main/f02/mlp_de/seed453/history.npz,nan,False
main,f02,f02,mlp_de,454,results/main/f02/mlp_de/seed454/history.npz,nan,False
main,f02,f02,mlp_de,455,results/main/f02/mlp_de/seed455/history.npz,nan,False
main,f02,f02,mlp_de,456,results/main/f02/mlp_de/seed456/history.npz,nan,False
main,f02,f02,mlp_de,457,results/main/f02/mlp_de/seed457/history.npz,962.1226828861726,True
main,f02,f02,mlp_de,458,results/main/f02/mlp_de/seed458/history.npz,nan,False
main,f02,f02,mlp_de,459,results/main/f02/mlp_de/seed459/history.npz,nan,False
main,f02,f02,mlp_de,460,results/main/f02/mlp_de/seed460/history.npz,nan,False
main,f02,f02,mlp_de,461,results/main/f02/mlp_de/seed461/history.npz,nan,False
main,f02,f02,mlp_de,462,results/main/f02/mlp_de/seed462/history.npz,nan,False
main,f02,f02,mlp_de,463,results/main/f02/mlp_de/seed463/history.npz,nan,False
main,f02,f02,mlp_de,464,results/main/f02/mlp_de/seed464/history.npz,nan,False
main,f02,f02,mlp_de,465,results/main/f02/mlp_de/seed465/history.npz,nan,False
main,f02,f02,mlp_de,466,results/main/f02/mlp_de/seed466/history.npz,nan,False
main,f02,f02,mlp_de,467,results/main/f02/mlp_de/seed467/history.npz,nan,False
main,f02,f02,mlp_de,468,results/main/f02/mlp_de/seed468/history.npz,nan,False
main,f02,f02,mlp_de,469,results/main/f02/mlp_de/seed469/history.npz,nan,False
main,f02,f02,mlp_de,470,results/main/f02/mlp_de/seed470/history.npz,nan,False
main,f02,f02,mlp_de,471,results/main/f02/mlp_de/seed471/history.npz,962.0246821657904,True
main,f02,f02,mlp_de,472,results/main/f02/mlp_de/seed472/history.npz,nan,False
main,f02,f02,mlp_de,473,results/main/f02/mlp_de/seed473/history.npz,nan,False
main,f02,f02,mlp_de,474,results/main/f02/mlp_de/seed474/history.npz,nan,False
main,f02,f02,mlp_de,475,results/main/f02/mlp_de/seed475/history.npz,nan,False
main,f02,f02,mlp_de,476,results/main/f02/mlp_de/seed476/history.npz,nan,False
main,f02,f02,mlp_de,477,results/main/f02/mlp_de/seed477/history.npz,963.0113120670986,True
main,f02,f02,mlp_de,478,results/main/f02/mlp_de/seed478/history.npz,nan,False
main,f02,f02,mlp_de,479,results/main/f02/mlp_de/seed479/history.npz,nan,False
main,f02,f02,pigp_de,450,results/main/f02/pigp_de/seed450/history.npz,nan,False
main,f02,f02,pigp_de,451,results/main/f02/pigp_de/seed451/history.npz,nan,False
main,f02,f02,pigp_de,452,results/main/f02/pigp_de/seed452/history.npz,nan,False
main,f02,f02,pigp_de,453,results/main/f02/pigp_de/seed453/history.npz,nan,False
main,f02,f02,pigp_de,454,results/main/f02/pigp_de/seed454/history.npz,nan,False
main,f02,f02,pigp_de,455,results/main/f02/pigp_de/seed455/history.npz,nan,False
main,f02,f02,pigp_de,456,results/main/f02/pigp_de/seed456/history.npz,961.6583938015169,True
main,f02,f02,pigp_de,457,results/main/f02/pigp_de/seed457/history.npz,nan,False
main,f02,f02,pigp_de,458,results/main/f02/pigp_de/seed458/history.npz,961.981575710534,True
main,f02,f02,pigp_de,459,results/main/f02/pigp_de/seed459/history.npz,962.6248967767691,True
main,f02,f02,pigp_de,460,results/main/f02/pigp_de/seed460/history.npz,963.2340844867415,True
main,f02,f02,pigp_de,461,results/main/f02/pigp_de/seed461/history.npz,nan,False
main,f02,f02,pigp_de,462,results/main/f02/pigp_de/seed462/history.npz,nan,False
main,f02,f02,pigp_de,463,results/main/f02/pigp_de/seed463/history.npz,961.6204315390012,True
main,f02,f02,pigp_de,464,results/main/f02/pigp_de/seed464/history.npz,962.162745281819,True
main,f02,f02,pigp_de,465,results/main/f02/pigp_de/seed465/history.npz,nan,False
main,f02,f02,pigp_de,466,results/main/f02/pigp_de/seed466/history.npz,962.1632355307129,True
main,f02,f02,pigp_de,467,results/main/f02/pigp_de/seed467/history.npz,nan,False
main,f02,f02,pigp_de,468,results/main/f02/pigp_de/seed468/history.npz,nan,False
main,f02,f02,pigp_de,469,results/main/f02/pigp_de/seed469/history.npz,nan,False
main,f02,f02,pigp_de,470,results/main/f02/pigp_de/seed470/history.npz,nan,False
main,f02,f02,pigp_de,471,results/main/f02/pigp_de/seed471/history.npz,961.724520472993,True
main,f02,f02,pigp_de,472,results/main/f02/pigp_de/seed472/history.npz,nan,False
main,f02,f02,pigp_de,473,results/main/f02/pigp_de/seed473/history.npz,962.1069468279005,True
main,f02,f02,pigp_de,474,results/main/f02/pigp_de/seed474/history.npz,nan,False
main,f02,f02,pigp_de,475,results/main/f02/pigp_de/seed475/history.npz,nan,False
main,f02,f02,pigp_de,476,results/main/f02/pigp_de/seed476/history.npz,nan,False
main,f02,f02,pigp_de,477,results/main/f02/pigp_de/seed477/history.npz,961.8923391548394,True
main,f02,f02,pigp_de,478,results/main/f02/pigp_de/seed478/history.npz,962.0058012976118,True
main,f02,f02,pigp_de,479,results/main/f02/pigp_de/seed479/history.npz,962.1657507238859,True
main,f02,f02,pinn_de,450,results/main/f02/pinn_de/seed450/history.npz,nan,False
main,f02,f02,pinn_de,451,results/main/f02/pinn_de/seed451/history.npz,nan,False
main,f02,f02,pinn_de,452,results/main/f02/pinn_de/seed452/history.npz,nan,False
main,f02,f02,pinn_de,453,results/main/f02/pinn_de/seed453/history.npz,nan,False
main,f02,f02,pinn_de,454,results/main/f02/pinn_de/seed454/history.npz,nan,False
main,f02,f02,pinn_de,455,results/main/f02/pinn_de/seed455/history.npz,nan,False
main,f02,f02,pinn_de,456,results/main/f02/pinn_de/seed456/history.npz,nan,False
main,f02,f02,pinn_de,457,results/main/f02/pinn_de/seed457/history.npz,962.0906113471555,True
main,f02,f02,pinn_de,458,results/main/f02/pinn_de/seed458/history.npz,970.170595071315,True
main,f02,f02,pinn_de,459,results/main/f02/pinn_de/seed459/history.npz,962.0777011071724,True
main,f02,f02,pinn_de,460,results/main/f02/pinn_de/seed460/history.npz,962.8313131839429,True
main,f02,f02,pinn_de,461,results/main/f02/pinn_de/seed461/history.npz,nan,False
main,f02,f02,pinn_de,462,results/main/f02/pinn_de/seed462/history.npz,nan,False
main,f02,f02,pinn_de,463,results/main/f02/pinn_de/seed463/history.npz,nan,False
main,f02,f02,pinn_de,464,results/main/f02/pinn_de/seed464/history.npz,nan,False
main,f02,f02,pinn_de,465,results/main/f02/pinn_de/seed465/history.npz,nan,False
main,f02,f02,pinn_de,466,results/main/f02/pinn_de/seed466/history.npz,nan,False
main,f02,f02,pinn_de,467,results/main/f02/pinn_de/seed467/history.npz,nan,False
main,f02,f02,pinn_de,468,results/main/f02/pinn_de/seed468/history.npz,nan,False
main,f02,f02,pinn_de,469,results/main/f02/pinn_de/seed469/history.npz,nan,False
main,f02,f02,pinn_de,470,results/main/f02/pinn_de/seed470/history.npz,nan,False
main,f02,f02,pinn_de,471,results/main/f02/pinn_de/seed471/history.npz,nan,False
main,f02,f02,pinn_de,472,results/main/f02/pinn_de/seed472/history.npz,964.2680495349982,True
main,f02,f02,pinn_de,473,results/main/f02/pinn_de/seed473/history.npz,nan,False
main,f02,f02,pinn_de,474,results/main/f02/pinn_de/seed474/history.npz,nan,False
main,f02,f02,pinn_de,475,results/main/f02/pinn_de/seed475/history.npz,nan,False
main,f02,f02,pinn_de,476,results/main/f02/pinn_de/seed476/history.npz,962.2886896666358,True
main,f02,f02,pinn_de,477,results/main/f02/pinn_de/seed477/history.npz,nan,False
main,f02,f02,pinn_de,478,results/main/f02/pinn_de/seed478/history.npz,nan,False
main,f02,f02,pinn_de,479,results/main/f02/pinn_de/seed479/history.npz,nan,False
main,f02,f02,pino_de,450,results/main/f02/pino_de/seed450/history.npz,nan,False
main,f02,f02,pino_de,451,results/main/f02/pino_de/seed451/history.npz,nan,False
main,f02,f02,pino_de,452,results/main/f02/pino_de/seed452/history.npz,nan,False
main,f02,f02,pino_de,453,results/main/f02/pino_de/seed453/history.npz,964.7683623237205,True
main,f02,f02,pino_de,454,results/main/f02/pino_de/seed454/history.npz,962.0334310634944,True
main,f02,f02,pino_de,455,results/main/f02/pino_de/seed455/history.npz,962.1076916191156,True
main,f02,f02,pino_de,456,results/main/f02/pino_de/seed456/history.npz,nan,False
main,f02,f02,pino_de,457,results/main/f02/pino_de/seed457/history.npz,nan,False
main,f02,f02,pino_de,458,results/main/f02/pino_de/seed458/history.npz,nan,False
main,f02,f02,pino_de,459,results/main/f02/pino_de/seed459/history.npz,nan,False
main,f02,f02,pino_de,460,results/main/f02/pino_de/seed460/history.npz,nan,False
main,f02,f02,pino_de,461,results/main/f02/pino_de/seed461/history.npz,nan,False
main,f02,f02,pino_de,462,results/main/f02/pino_de/seed462/history.npz,nan,False
main,f02,f02,pino_de,463,results/main/f02/pino_de/seed463/history.npz,962.124439794357,True
main,f02,f02,pino_de,464,results/main/f02/pino_de/seed464/history.npz,nan,False
main,f02,f02,pino_de,465,results/main/f02/pino_de/seed465/history.npz,962.0293478526606,True
main,f02,f02,pino_de,466,results/main/f02/pino_de/seed466/history.npz,962.16500604977,True
main,f02,f02,pino_de,467,results/main/f02/pino_de/seed467/history.npz,nan,False
main,f02,f02,pino_de,468,results/main/f02/pino_de/seed468/history.npz,nan,False
main,f02,f02,pino_de,469,results/main/f02/pino_de/seed469/history.npz,nan,False
main,f02,f02,pino_de,470,results/main/f02/pino_de/seed470/history.npz,962.0393588658545,True
main,f02,f02,pino_de,471,results/main/f02/pino_de/seed471/history.npz,nan,False
main,f02,f02,pino_de,472,results/main/f02/pino_de/seed472/history.npz,961.6111222999336,True
main,f02,f02,pino_de,473,results/main/f02/pino_de/seed473/history.npz,nan,False
main,f02,f02,pino_de,474,results/main/f02/pino_de/seed474/history.npz,962.0005602746975,True
main,f02,f02,pino_de,475,results/main/f02/pino_de/seed475/history.npz,963.1432891855695,True
main,f02,f02,pino_de,476,results/main/f02/pino_de/seed476/history.npz,967.4644105772048,True
main,f02,f02,pino_de,477,results/main/f02/pino_de/seed477/history.npz,964.4321158408568,True
main,f02,f02,pino_de,478,results/main/f02/pino_de/seed478/history.npz,nan,False
main,f02,f02,pino_de,479,results/main/f02/pino_de/seed479/history.npz,nan,False
main,f02,f02,rbfn_de,450,results/main/f02/rbfn_de/seed450/history.npz,nan,False
main,f02,f02,rbfn_de,451,results/main/f02/rbfn_de/seed451/history.npz,nan,False
main,f02,f02,rbfn_de,452,results/main/f02/rbfn_de/seed452/history.npz,nan,False
main,f02,f02,rbfn_de,453,results/main/f02/rbfn_de/seed453/history.npz,nan,False
main,f02,f02,rbfn_de,454,results/main/f02/rbfn_de/seed454/history.npz,nan,False
main,f02,f02,rbfn_de,455,results/main/f02/rbfn_de/seed455/history.npz,nan,False
main,f02,f02,rbfn_de,456,results/main/f02/rbfn_de/seed456/history.npz,nan,False
main,f02,f02,rbfn_de,457,results/main/f02/rbfn_de/seed457/history.npz,nan,False
main,f02,f02,rbfn_de,458,results/main/f02/rbfn_de/seed458/history.npz,nan,False
main,f02,f02,rbfn_de,459,results/main/f02/rbfn_de/seed459/history.npz,961.8191383033115,True
main,f02,f02,rbfn_de,460,results/main/f02/rbfn_de/seed460/history.npz,965.4318536750927,True
main,f02,f02,rbfn_de,461,results/main/f02/rbfn_de/seed461/history.npz,nan,False
main,f02,f02,rbfn_de,462,results/main/f02/rbfn_de/seed462/history.npz,nan,False
main,f02,f02,rbfn_de,463,results/main/f02/rbfn_de/seed463/history.npz,nan,False
main,f02,f02,rbfn_de,464,results/main/f02/rbfn_de/seed464/history.npz,nan,False
main,f02,f02,rbfn_de,465,results/main/f02/rbfn_de/seed465/history.npz,nan,False
main,f02,f02,rbfn_de,466,results/main/f02/rbfn_de/seed466/history.npz,nan,False
main,f02,f02,rbfn_de,467,results/main/f02/rbfn_de/seed467/history.npz,nan,False
main,f02,f02,rbfn_de,468,results/main/f02/rbfn_de/seed468/history.npz,966.0055893394325,True
main,f02,f02,rbfn_de,469,results/main/f02/rbfn_de/seed469/history.npz,nan,False
main,f02,f02,rbfn_de,470,results/main/f02/rbfn_de/seed470/history.npz,nan,False
main,f02,f02,rbfn_de,471,results/main/f02/rbfn_de/seed471/history.npz,nan,False
main,f02,f02,rbfn_de,472,results/main/f02/rbfn_de/seed472/history.npz,nan,False
main,f02,f02,rbfn_de,473,results/main/f02/rbfn_de/seed473/history.npz,nan,False
main,f02,f02,rbfn_de,474,results/main/f02/rbfn_de/seed474/history.npz,963.0317105460016,True
main,f02,f02,rbfn_de,475,results/main/f02/rbfn_de/seed475/history.npz,nan,False
main,f02,f02,rbfn_de,476,results/main/f02/rbfn_de/seed476/history.npz,nan,False
main,f02,f02,rbfn_de,477,results/main/f02/rbfn_de/seed477/history.npz,nan,False
main,f02,f02,rbfn_de,478,results/main/f02/rbfn_de/seed478/history.npz,nan,False
main,f02,f02,rbfn_de,479,results/main/f02/rbfn_de/seed479/history.npz,962.1026333492001,True
main,f03,f03,glosade,450,results/main/f03/glosade/seed450/history.npz,0.557329190759603,True
main,f03,f03,glosade,451,results/main/f03/glosade/seed451/history.npz,4.386662709878962,True
main,f03,f03,glosade,452,results/main/f03/glosade/seed452/history.npz,8.475182605149204,True
main,f03,f03,glosade,453,results/main/f03/glosade/seed453/history.npz,4.4239579920943735,True
main,f03,f03,glosade,454,results/main/f03/glosade/seed454/history.npz,10.322273149555313,True
main,f03,f03,glosade,455,results/main/f03/glosade/seed455/history.npz,6.922908412190914,True
main,f03,f03,glosade,456,results/main/f03/glosade/seed456/history.npz,12.956636970281489,True
main,f03,f03,glosade,457,results/main/f03/glosade/seed457/history.npz,4.435305301464134,True
main,f03,f03,glosade,458,results/main/f03/glosade/seed458/history.npz,5.6996701167035955,True
main,f03,f03,glosade,459,results/main/f03/glosade/seed459/history.npz,1.8887358958023448,True
main,f03,f03,glosade,460,results/main/f03/glosade/seed460/history.npz,9.893039837422652,True
main,f03,f03,glosade,461,results/main/f03/glosade/seed461/history.npz,10.524236682941348,True
main,f03,f03,glosade,462,results/main/f03/glosade/seed462/history.npz,5.271180259545836,True
main,f03,f03,glosade,463,results/main/f03/glosade/seed463/history.npz,9.629624210660392,True
main,f03,f03,glosade,464,results/main/f03/glosade/seed464/history.npz,5.630295570526783,True
main,f03,f03,glosade,465,results/main/f03/glosade/seed465/history.npz,3.8631696529410675,True
main,f03,f03,glosade,466,results/main/f03/glosade/seed466/history.npz,7.929668091159249,True
main,f03,f03,glosade,467,results/main/f03/glosade/seed467/history.npz,5.767008384303474,True
main,f03,f03,glosade,468,results/main/f03/glosade/seed468/history.npz,4.58170631964985,True
main,f03,f03,glosade,469,results/main/f03/glosade/seed469/history.npz,1.9313110601303105,True
main,f03,f03,glosade,470,results/main/f03/glosade/seed470/history.npz,9.959793529741214,True
main,f03,f03,glosade,471,results/main/f03/glosade/seed471/history.npz,0.15889633685010196,True
main,f03,f03,glosade,472,results/main/f03/glosade/seed472/history.npz,4.642514606318226,True
main,f03,f03,glosade,473,results/main/f03/glosade/seed473/history.npz,9.661382050255211,True
main,f03,f03,glosade,474,results/main/f03/glosade/seed474/history.npz,5.88047263200528,True
main,f03,f03,glosade,475,results/main/f03/glosade/seed475/history.npz,9.379627447929316,True
main,f03,f03,glosade,476,results/main/f03/glosade/seed476/history.npz,8.13059093803184,True
main,f03,f03,glosade,477,results/main/f03/glosade/seed477/history.npz,9.988981260857583,True
main,f03,f03,glosade,478,results/main/f03/glosade/seed478/history.npz,4.629660014368969,True
main,f03,f03,glosade,479,results/main/f03/glosade/seed479/history.npz,0.24930208643178986,True
main,f03,f03,gp_de,450,results/main/f03/gp_de/seed450/history.npz,4.2912702560424805,True
main,f03,f03,gp_de,451,results/main/f03/gp_de/seed451/history.npz,1.6104716062545776,True
main,f03,f03,gp_de,452,results/main/f03/gp_de/seed452/history.npz,1.1182734738213185e-09,True
main,f03,f03,gp_de,453,results/main/f03/gp_de/seed453/history.npz,3.516140937805176,True
main,f03,f03,gp_de,454,results/main/f03/gp_de/seed454/history.npz,2.986112356185913,True
main,f03,f03,gp_de,455,results/main/f03/gp_de/seed455/history.npz,1.4785206303713494e-06,True
main,f03,f03,gp_de,456,results/main/f03/gp_de/seed456/history.npz,0.2639443576335907,True
main,f03,f03,gp_de,457,results/main/f03/gp_de/seed457/history.npz,4.160789489746094,True
main,f03,f03,gp_de,458,results/main/f03/gp_de/seed458/history.npz,0.029765117913484573,True
main,f03,f03,gp_de,459,results/main/f03/gp_de/seed459/history.npz,2.5733445596642923e-08,True
main,f03,f03,gp_de,460,results/main/f03/gp_de/seed460/history.npz,3.4394280910491943,True
main,f03,f03,gp_de,461,results/main/f03/gp_de/seed461/history.npz,6.673614620922308e-07,True
main,f03,f03,gp_de,462,results/main/f03/gp_de/seed462/history.npz,2.529421329498291,True
main,f03,f03,gp_de,463,results/main/f03/gp_de/seed463/history.npz,4.294675350189209,True
main,f03,f03,gp_de,464,results/main/f03/gp_de/seed464/history.npz,3.573385715484619,True
main,f03,f03,gp_de,465,results/main/f03/gp_de/seed465/history.npz,3.8769643306732178,True
main,f03,f03,gp_de,466,results/main/f03/gp_de/seed466/history.npz,2.8777008056640625,True
main,f03,f03,gp_de,467,results/main/f03/gp_de/seed467/history.npz,0.2639550566673279,True
main,f03,f03,gp_de,468,results/main/f03/gp_de/seed468/history.npz,1.692377971096448e-08,True
main,f03,f03,gp_de,469,results/main/f03/gp_de/seed469/history.npz,4.298211574554443,True
main,f03,f03,gp_de,470,results/main/f03/gp_de/seed470/history.npz,4.342408657073975,True
main,f03,f03,gp_de,471,results/main/f03/gp_de/seed471/history.npz,4.182553291320801,True
main,f03,f03,gp_de,472,results/main/f03/gp_de/seed472/history.npz,0.26394808292388916,True
main,f03,f03,gp_de,473,results/main/f03/gp_de/seed473/history.npz,0.2192278951406479,True
main,f03,f03,gp_de,474,results/main/f03/gp_de/seed474/history.npz,3.55991268157959,True
main,f03,f03,gp_de,475,results/main/f03/gp_de/seed475/history.npz,3.4422600269317627,True
main,f03,f03,gp_de,476,results/main/f03/gp_de/seed476/history.npz,4.257126808166504,True
main,f03,f03,gp_de,477,results/main/f03/gp_de/seed477/history.npz,8.391008066155337e-08,True
main,f03,f03,gp_de,478,results/main/f03/gp_de/seed478/history.npz,4.2984113693237305,True
main,f03,f03,gp_de,479,results/main/f03/gp_de/seed479/history.npz,4.236339569091797,True
main,f03,f03,ji_sade_grm,450,results/main/f03/ji_sade_grm/seed450/history.npz,4.021837610256408,True
main,f03,f03,ji_sade_grm,451,results/main/f03/ji_sade_grm/seed451/history.npz,9.992644764970011,True
main,f03,f03,ji_sade_grm,452,results/main/f03/ji_sade_grm/seed452/history.npz,9.990037790299114,True
main,f03,f03,ji_sade_grm,453,results/main/f03/ji_sade_grm/seed453/history.npz,3.4800116627913393,True
main,f03,f03,ji_sade_grm,454,results/main/f03/ji_sade_grm/seed454/history.npz,3.0667402519175466,True
main,f03,f03,ji_sade_grm,455,results/main/f03/ji_sade_grm/seed455/history.npz,0.1821632620360809,True
main,f03,f03,ji_sade_grm,456,results/main/f03/ji_sade_grm/seed456/history.npz,13.25507368911288,True
main,f03,f03,ji_sade_grm,457,results/main/f03/ji_sade_grm/seed457/history.npz,5.1081284501309785,True
main,f03,f03,ji_sade_grm,458,results/main/f03/ji_sade_grm/seed458/history.npz,2.796577630985281,True
main,f03,f03,ji_sade_grm,459,results/main/f03/ji_sade_grm/seed459/history.npz,8.27264338223529,True
main,f03,f03,ji_sade_grm,460,results/main/f03/ji_sade_grm/seed460/history.npz,4.291105727176028,True
main,f03,f03,ji_sade_grm,461,results/main/f03/ji_sade_grm/seed461/history.npz,4.983404348146221,True
main,f03,f03,ji_sade_grm,462,results/main/f03/ji_sade_grm/seed462/history.npz,4.056228345106101,True
main,f03,f03,ji_sade_grm,463,results/main/f03/ji_sade_grm/seed463/history.npz,9.897992912414686,True
main,f03,f03,ji_sade_grm,464,results/main/f03/ji_sade_grm/seed464/history.npz,4.282822140470923,True
main,f03,f03,ji_sade_grm,465,results/main/f03/ji_sade_grm/seed465/history.npz,4.010891081821993,True
main,f03,f03,ji_sade_grm,466,results/main/f03/ji_sade_grm/seed466/history.npz,4.264960707153277,True
main,f03,f03,ji_sade_grm,467,results/main/f03/ji_sade_grm/seed467/history.npz,7.761319516486284,True
main,f03,f03,ji_sade_grm,468,results/main/f03/ji_sade_grm/seed468/history.npz,9.901784672616957,True
main,f03,f03,ji_sade_grm,469,results/main/f03/ji_sade_grm/seed469/history.npz,8.218777441211795,True
main,f03,f03,ji_sade_grm,470,results/main/f03/ji_sade_grm/seed470/history.npz,9.927492924674421,True
main,f03,f03,ji_sade_grm,471,results/main/f03/ji_sade_grm/seed471/history.npz,4.295824271858222,True
main,f03,f03,ji_sade_grm,472,results/main/f03/ji_sade_grm/seed472/history.npz,4.2839063916942575,True
main,f03,f03,ji_sade_grm,473,results/main/f03/ji_sade_grm/seed473/history.npz,10.864164784636142,True
main,f03,f03,ji_sade_grm,474,results/main/f03/ji_sade_grm/seed474/history.npz,4.298683070422374,True
main,f03,f03,ji_sade_grm,475,results/main/f03/ji_sade_grm/seed475/history.npz,13.364745502427706,True
main,f03,f03,ji_sade_grm,476,results/main/f03/ji_sade_grm/seed476/history.npz,8.26973231187859,True
main,f03,f03,ji_sade_grm,477,results/main/f03/ji_sade_grm/seed477/history.npz,9.848171679179638,True
main,f03,f03,ji_sade_grm,478,results/main/f03/ji_sade_grm/seed478/history.npz,4.2970890973553,True
main,f03,f03,ji_sade_grm,479,results/main/f03/ji_sade_grm/seed479/history.npz,4.29418446568325,True
main,f03,f03,mlp_de,450,results/main/f03/mlp_de/seed450/history.npz,0.034416135400533676,True
main,f03,f03,mlp_de,451,results/main/f03/mlp_de/seed451/history.npz,0.002416955539956689,True
main,f03,f03,mlp_de,452,results/main/f03/mlp_de/seed452/history.npz,3.359865427017212,True
main,f03,f03,mlp_de,453,results/main/f03/mlp_de/seed453/history.npz,0.00029379292391240597,True
main,f03,f03,mlp_de,454,results/main/f03/mlp_de/seed454/history.npz,4.250558376312256,True
main,f03,f03,mlp_de,455,results/main/f03/mlp_de/seed455/history.npz,0.0015711643500253558,True
main,f03,f03,mlp_de,456,results/main/f03/mlp_de/seed456/history.npz,0.012080376036465168,True
main,f03,f03,mlp_de,457,results/main/f03/mlp_de/seed457/history.npz,4.299739837646484,True
main,f03,f03,mlp_de,458,results/main/f03/mlp_de/seed458/history.npz,3.8670616149902344,True
main,f03,f03,mlp_de,459,results/main/f03/mlp_de/seed459/history.npz,3.9185640811920166,True
main,f03,f03,mlp_de,460,results/main/f03/mlp_de/seed460/history.npz,0.07310143113136292,True
main,f03,f03,mlp_de,461,results/main/f03/mlp_de/seed461/history.npz,0.06741587817668915,True
main,f03,f03,mlp_de,462,results/main/f03/mlp_de/seed462/history.npz,0.0013618468074128032,True
main,f03,f03,mlp_de,463,results/main/f03/mlp_de/seed463/history.npz,4.295243740081787,True
main,f03,f03,mlp_de,464,results/main/f03/mlp_de/seed464/history.npz,3.670609712600708,True
main,f03,f03,mlp_de,465,results/main/f03/mlp_de/seed465/history.npz,4.2768096923828125,True
main,f03,f03,mlp_de,466,results/main/f03/mlp_de/seed466/history.npz,2.294684410095215,True
main,f03,f03,mlp_de,467,results/main/f03/mlp_de/seed467/history.npz,0.002121806377544999,True
main,f03,f03,mlp_de,468,results/main/f03/mlp_de/seed468/history.npz,5.3276245637334796e-08,True
main,f03,f03,mlp_de,469,results/main/f03/mlp_de/seed469/history.npz,0.16637040674686432,True
main,f03,f03,mlp_de,470,results/main/f03/mlp_de/seed470/history.npz,3.237786293029785,True
main,f03,f03,mlp_de,471,results/main/f03/mlp_de/seed471/history.npz,0.9229583144187927,True
main,f03,f03,mlp_de,472,results/main/f03/mlp_de/seed472/history.npz,0.008786234073340893,True
main,f03,f03,mlp_de,473,results/main/f03/mlp_de/seed473/history.npz,0.009225752204656601,True
main,f03,f03,mlp_de,474,results/main/f03/mlp_de/seed474/history.npz,0.00017230438243132085,True
main,f03,f03,mlp_de,475,results/main/f03/mlp_de/seed475/history.npz,4.122967720031738,True
main,f03,f03,mlp_de,476,results/main/f03/mlp_de/seed476/history.npz,4.0873003005981445,True
main,f03,f03,mlp_de,477,results/main/f03/mlp_de/seed477/history.npz,0.006974987220019102,True
main,f03,f03,mlp_de,478,results/main/f03/mlp_de/seed478/history.npz,4.288222789764404,True
main,f03,f03,mlp_de,479,results/main/f03/mlp_de/seed479/history.npz,5.5953168869018555,True
main,f03,f03,pigp_de,450,results/main/f03/pigp_de/seed450/history.npz,4.617453441824182e-07,True
main,f03,f03,pigp_de,451,results/main/f03/pigp_de/seed451/history.npz,0.049631763249635696,True
main,f03,f03,pigp_de,452,results/main/f03/pigp_de/seed452/history.npz,4.295281410217285,True
main,f03,f03,pigp_de,453,results/main/f03/pigp_de/seed453/history.npz,4.630962280316453e-12,True
main,f03,f03,pigp_de,454,results/main/f03/pigp_de/seed454/history.npz,1.721262812614441,True
main,f03,f03,pigp_de,455,results/main/f03/pigp_de/seed455/history.npz,1.0892620139202336e-11,True
main,f03,f03,pigp_de,456,results/main/f03/pigp_de/seed456/history.npz,4.297607421875,True
main,f03,f03,pigp_de,457,results/main/f03/pigp_de/seed457/history.npz,4.298683166503906,True
main,f03,f03,pigp_de,458,results/main/f03/pigp_de/seed458/history.npz,8.555769426266124e-10,True
main,f03,f03,pigp_de,459,results/main/f03/pigp_de/seed459/history.npz,0.00047507623094134033,True
main,f03,f03,pigp_de,460,results/main/f03/pigp_de/seed460/history.npz,3.2283671203003905e-07,True
main,f03,f03,pigp_de,461,results/main/f03/pigp_de/seed461/history.npz,8.425260489275388e-12,True
main,f03,f03,pigp_de,462,results/main/f03/pigp_de/seed462/history.npz,1.3322676295501878e-13,True
main,f03,f03,pigp_de,463,results/main/f03/pigp_de/seed463/history.npz,1.3294318534917693e-08,True
main,f03,f03,pigp_de,464,results/main/f03/pigp_de/seed464/history.npz,0.2638845145702362,True
main,f03,f03,pigp_de,465,results/main/f03/pigp_de/seed465/history.npz,2.0584118366241455,True
main,f03,f03,pigp_de,466,results/main/f03/pigp_de/seed466/history.npz,4.267078876495361,True
main,f03,f03,pigp_de,467,results/main/f03/pigp_de/seed467/history.npz,0.00020603297161869705,True
main,f03,f03,pigp_de,468,results/main/f03/pigp_de/seed468/history.npz,3.0460967082035495e-11,True
main,f03,f03,pigp_de,469,results/main/f03/pigp_de/seed469/history.npz,3.1867841698840493e-12,True
main,f03,f03,pigp_de,470,results/main/f03/pigp_de/seed470/history.npz,0.2638844847679138,True
main,f03,f03,pigp_de,471,results/main/f03/pigp_de/seed471/history.npz,4.295746326446533,True
main,f03,f03,pigp_de,472,results/main/f03/pigp_de/seed472/history.npz,3.541865110397339,True
main,f03,f03,pigp_de,473,results/main/f03/pigp_de/seed473/history.npz,1.4345857834996423e-11,True
main,f03,f03,pigp_de,474,results/main/f03/pigp_de/seed474/history.npz,1.2464918654586654e-05,True
main,f03,f03,pigp_de,475,results/main/f03/pigp_de/seed475/history.npz,4.136655807495117,True
main,f03,f03,pigp_de,476,results/main/f03/pigp_de/seed476/history.npz,4.275638580322266,True
main,f03,f03,pigp_de,477,results/main/f03/pigp_de/seed477/history.npz,2.2174084790549387e-09,True
main,f03,f03,pigp_de,478,results/main/f03/pigp_de/seed478/history.npz,0.7840394973754883,True
main,f03,f03,pigp_de,479,results/main/f03/pigp_de/seed479/history.npz,4.973799150320701e-14,True
main,f03,f03,pinn_de,450,results/main/f03/pinn_de/seed450/history.npz,0.10044221580028534,True
main,f03,f03,pinn_de,451,results/main/f03/pinn_de/seed451/history.npz,0.09680172801017761,True
main,f03,f03,pinn_de,452,results/main/f03/pinn_de/seed452/history.npz,0.26410406827926636,True
main,f03,f03,pinn_de,453,results/main/f03/pinn_de/seed453/history.npz,4.649738798434555e-07,True
main,f03,f03,pinn_de,454,results/main/f03/pinn_de/seed454/history.npz,0.00037107692332938313,True
main,f03,f03,pinn_de,455,results/main/f03/pinn_de/seed455/history.npz,0.9573910236358643,True
main,f03,f03,pinn_de,456,results/main/f03/pinn_de/seed456/history.npz,4.283963680267334,True
main,f03,f03,pinn_de,457,results/main/f03/pinn_de/seed457/history.npz,0.0009953476255759597,True
main,f03,f03,pinn_de,458,results/main/f03/pinn_de/seed458/history.npz,0.007574616931378841,True
main,f03,f03,pinn_de,459,results/main/f03/pinn_de/seed459/history.npz,0.0008975192904472351,True
main,f03,f03,pinn_de,460,results/main/f03/pinn_de/seed460/history.npz,0.26422321796417236,True
main,f03,f03,pinn_de,461,results/main/f03/pinn_de/seed461/history.npz,0.004334120079874992,True
main,f03,f03,pinn_de,462,results/main/f03/pinn_de/seed462/history.npz,4.16806551584159e-06,True
main,f03,f03,pinn_de,463,results/main/f03/pinn_de/seed463/history.npz,1.4495236428047065e-05,True
main,f03,f03,pinn_de,464,results/main/f03/pinn_de/seed464/history.npz,1.4334921836853027,True
main,f03,f03,pinn_de,465,results/main/f03/pinn_de/seed465/history.npz,0.264102578163147,True
main,f03,f03,pinn_de,466,results/main/f03/pinn_de/seed466/history.npz,0.00012007674376945943,True
main,f03,f03,pinn_de,467,results/main/f03/pinn_de/seed467/history.npz,0.3677152991294861,True
main,f03,f03,pinn_de,468,results/main/f03/pinn_de/seed468/history.npz,0.004988654516637325,True
main,f03,f03,pinn_de,469,results/main/f03/pinn_de/seed469/history.npz,0.0010333826066926122,True
main,f03,f03,pinn_de,470,results/main/f03/pinn_de/seed470/history.npz,0.017642837017774582,True
main,f03,f03,pinn_de,471,results/main/f03/pinn_de/seed471/history.npz,1.3311078873812221e-05,True
main,f03,f03,pinn_de,472,results/main/f03/pinn_de/seed472/history.npz,3.798251152038574,True
main,f03,f03,pinn_de,473,results/main/f03/pinn_de/seed473/history.npz,0.0012747285654768348,True
main,f03,f03,pinn_de,474,results/main/f03/pinn_de/seed474/history.npz,0.0014158226549625397,True
main,f03,f03,pinn_de,475,results/main/f03/pinn_de/seed475/history.npz,0.001122826593928039,True
main,f03,f03,pinn_de,476,results/main/f03/pinn_de/seed476/history.npz,0.006687032990157604,True
main,f03,f03,pinn_de,477,results/main/f03/pinn_de/seed477/history.npz,4.472144428291358e-05,True
main,f03,f03,pinn_de,478,results/main/f03/pinn_de/seed478/history.npz,0.007134158629924059,True
main,f03,f03,pinn_de,479,results/main/f03/pinn_de/seed479/history.npz,0.004993735812604427,True
main,f03,f03,pino_de,450,results/main/f03/pino_de/seed450/history.npz,3.6722715321957367e-06,True
main,f03,f03,pino_de,451,results/main/f03/pino_de/seed451/history.npz,9.457718988414854e-06,True
main,f03,f03,pino_de,452,results/main/f03/pino_de/seed452/history.npz,0.0004192086635157466,True
main,f03,f03,pino_de,453,results/main/f03/pino_de/seed453/history.npz,0.0007523386739194393,True
main,f03,f03,pino_de,454,results/main/f03/pino_de/seed454/history.npz,1.083548665046692,True
main,f03,f03,pino_de,455,results/main/f03/pino_de/seed455/history.npz,1.0971097946166992,True
main,f03,f03,pino_de,456,results/main/f03/pino_de/seed456/history.npz,9.893750393530354e-05,True
main,f03,f03,pino_de,457,results/main/f03/pino_de/seed457/history.npz,0.0019383367616683245,True
main,f03,f03,pino_de,458,results/main/f03/pino_de/seed458/history.npz,0.0010419917525723577,True
main,f03,f03,pino_de,459,results/main/f03/pino_de/seed459/history.npz,0.0026649467181414366,True
main,f03,f03,pino_de,460,results/main/f03/pino_de/seed460/history.npz,0.0058378190733492374,True
main,f03,f03,pino_de,461,results/main/f03/pino_de/seed461/history.npz,0.00015551985416095704,True
main,f03,f03,pino_de,462,results/main/f03/pino_de/seed462/history.npz,0.0022281010169535875,True
main,f03,f03,pino_de,463,results/main/f03/pino_de/seed463/history.npz,0.0003398242697585374,True
main,f03,f03,pino_de,464,results/main/f03/pino_de/seed464/history.npz,6.3214556575985625e-06,True
main,f03,f03,pino_de,465,results/main/f03/pino_de/seed465/history.npz,1.327854037284851,True
main,f03,f03,pino_de,466,results/main/f03/pino_de/seed466/history.npz,0.0009174887672998011,True
main,f03,f03,pino_de,467,results/main/f03/pino_de/seed467/history.npz,0.0016132632736116648,True
main,f03,f03,pino_de,468,results/main/f03/pino_de/seed468/history.npz,0.0003972080012317747,True
main,f03,f03,pino_de,469,results/main/f03/pino_de/seed469/history.npz,0.0008296534651890397,True
main,f03,f03,pino_de,470,results/main/f03/pino_de/seed470/history.npz,0.0012144092470407486,True
main,f03,f03,pino_de,471,results/main/f03/pino_de/seed471/history.npz,0.0028604783583432436,True
main,f03,f03,pino_de,472,results/main/f03/pino_de/seed472/history.npz,0.5024912357330322,True
main,f03,f03,pino_de,473,results/main/f03/pino_de/seed473/history.npz,0.001243768259882927,True
main,f03,f03,pino_de,474,results/main/f03/pino_de/seed474/history.npz,0.0017326150555163622,True
main,f03,f03,pino_de,475,results/main/f03/pino_de/seed475/history.npz,0.0013604447012767196,True
main,f03,f03,pino_de,476,results/main/f03/pino_de/seed476/history.npz,0.0028173455502837896,True
main,f03,f03,pino_de,477,results/main/f03/pino_de/seed477/history.npz,8.780965436017141e-05,True
main,f03,f03,pino_de,478,results/main/f03/pino_de/seed478/history.npz,0.0017657350981608033,True
main,f03,f03,pino_de,479,results/main/f03/pino_de/seed479/history.npz,9.397860412718728e-05,True
main,f03,f03,rbfn_de,450,results/main/f03/rbfn_de/seed450/history.npz,2.9970357418060303,True
main,f03,f03,rbfn_de,451,results/main/f03/rbfn_de/seed451/history.npz,0.005350346211344004,True
main,f03,f03,rbfn_de,452,results/main/f03/rbfn_de/seed452/history.npz,4.1424994468688965,True
main,f03,f03,rbfn_de,453,results/main/f03/rbfn_de/seed453/history.npz,0.009499503299593925,True
main,f03,f03,rbfn_de,454,results/main/f03/rbfn_de/seed454/history.npz,4.154142379760742,True
main,f03,f03,rbfn_de,455,results/main/f03/rbfn_de/seed455/history.npz,0.5169143080711365,True
main,f03,f03,rbfn_de,456,results/main/f03/rbfn_de/seed456/history.npz,4.282304286956787,True
main,f03,f03,rbfn_de,457,results/main/f03/rbfn_de/seed457/history.npz,0.00878219399601221,True
main,f03,f03,rbfn_de,458,results/main/f03/rbfn_de/seed458/history.npz,0.06652527302503586,True
main,f03,f03,rbfn_de,459,results/main/f03/rbfn_de/seed459/history.npz,4.298664569854736,True
main,f03,f03,rbfn_de,460,results/main/f03/rbfn_de/seed460/history.npz,4.060793876647949,True
main,f03,f03,rbfn_de,461,results/main/f03/rbfn_de/seed461/history.npz,3.6125998497009277,True
main,f03,f03,rbfn_de,462,results/main/f03/rbfn_de/seed462/history.npz,3.713876724243164,True
main,f03,f03,rbfn_de,463,results/main/f03/rbfn_de/seed463/history.npz,4.153136253356934,True
main,f03,f03,rbfn_de,464,results/main/f03/rbfn_de/seed464/history.npz,4.170629024505615,True
main,f03,f03,rbfn_de,465,results/main/f03/rbfn_de/seed465/history.npz,3.6869428157806396,True
main,f03,f03,rbfn_de,466,results/main/f03/rbfn_de/seed466/history.npz,0.0001093253304134123,True
main,f03,f03,rbfn_de,467,results/main/f03/rbfn_de/seed467/history.npz,0.04066912457346916,True
main,f03,f03,rbfn_de,468,results/main/f03/rbfn_de/seed468/history.npz,0.262638658285141,True
main,f03,f03,rbfn_de,469,results/main/f03/rbfn_de/seed469/history.npz,4.278193950653076,True
main,f03,f03,rbfn_de,470,results/main/f03/rbfn_de/seed470/history.npz,0.18539179861545563,True
main,f03,f03,rbfn_de,471,results/main/f03/rbfn_de/seed471/history.npz,0.01579095982015133,True
main,f03,f03,rbfn_de,472,results/main/f03/rbfn_de/seed472/history.npz,2.131523370742798,True
main,f03,f03,rbfn_de,473,results/main/f03/rbfn_de/seed473/history.npz,0.006887444294989109,True
main,f03,f03,rbfn_de,474,results/main/f03/rbfn_de/seed474/history.npz,4.233713626861572,True
main,f03,f03,rbfn_de,475,results/main/f03/rbfn_de/seed475/history.npz,4.281876087188721,True
main,f03,f03,rbfn_de,476,results/main/f03/rbfn_de/seed476/history.npz,4.1483473777771,True
main,f03,f03,rbfn_de,477,results/main/f03/rbfn_de/seed477/history.npz,0.2694188952445984,True
main,f03,f03,rbfn_de,478,results/main/f03/rbfn_de/seed478/history.npz,4.160233497619629,True
main,f03,f03,rbfn_de,479,results/main/f03/rbfn_de/seed479/history.npz,4.298323631286621,True
main,f04,f04,glosade,450,results/main/f04/glosade/seed450/history.npz,-0.8744534892957827,True
main,f04,f04,glosade,451,results/main/f04/glosade/seed451/history.npz,-0.9549039515506306,True
main,f04,f04,glosade,452,results/main/f04/glosade/seed452/history.npz,-0.7735277326505201,True
main,f04,f04,glosade,453,results/main/f04/glosade/seed453/history.npz,-0.9312669591993772,True
main,f04,f04,glosade,454,results/main/f04/glosade/seed454/history.npz,-1.0314664860988092,True
main,f04,f04,glosade,455,results/main/f04/glosade/seed455/history.npz,-0.7006737627732782,True
main,f04,f04,glosade,456,results/main/f04/glosade/seed456/history.npz,-0.9855002980957719,True
main,f04,f04,glosade,457,results/main/f04/glosade/seed457/history.npz,-1.018371812987031,True
main,f04,f04,glosade,458,results/main/f04/glosade/seed458/history.npz,-1.0237954126190343,True
main,f04,f04,glosade,459,results/main/f04/glosade/seed459/history.npz,-1.0294513869317934,True
main,f04,f04,glosade,460,results/main/f04/glosade/seed460/history.npz,-0.9913583299663589,True
main,f04,f04,glosade,461,results/main/f04/glosade/seed461/history.npz,-1.0029400573761884,True
main,f04,f04,glosade,462,results/main/f04/glosade/seed462/history.npz,-0.8973424494982342,True
main,f04,f04,glosade,463,results/main/f04/glosade/seed463/history.npz,-0.9889413359856123,True
main,f04,f04,glosade,464,results/main/f04/glosade/seed464/history.npz,-0.9361695750302834,True
main,f04,f04,glosade,465,results/main/f04/glosade/seed465/history.npz,-0.9071501622858881,True
main,f04,f04,glosade,466,results/main/f04/glosade/seed466/history.npz,-0.9121378538534763,True
main,f04,f04,glosade,467,results/main/f04/glosade/seed467/history.npz,-1.0309273973475042,True
main,f04,f04,glosade,468,results/main/f04/glosade/seed468/history.npz,-0.9767974659023373,True
main,f04,f04,glosade,469,results/main/f04/glosade/seed469/history.npz,-0.989302617715828,True
main,f04,f04,glosade,470,results/main/f04/glosade/seed470/history.npz,-0.9613056988666818,True
main,f04,f04,glosade,471,results/main/f04/glosade/seed471/history.npz,-1.0293168660526193,True
main,f04,f04,glosade,472,results/main/f04/glosade/seed472/history.npz,-0.9899754022907026,True
main,f04,f04,glosade,473,results/main/f04/glosade/seed473/history.npz,-0.9271678683450555,True
main,f04,f04,glosade,474,results/main/f04/glosade/seed474/history.npz,-0.9563619014860852,True
main,f04,f04,glosade,475,results/main/f04/glosade/seed475/history.npz,-0.8444095575472546,True
main,f04,f04,glosade,476,results/main/f04/glosade/seed476/history.npz,-0.8598354830051267,True
main,f04,f04,glosade,477,results/main/f04/glosade/seed477/history.npz,-1.0015976252365493,True
main,f04,f04,glosade,478,results/main/f04/glosade/seed478/history.npz,-1.0296918843324132,True
main,f04,f04,glosade,479,results/main/f04/glosade/seed479/history.npz,-0.4049524559213022,True
main,f04,f04,gp_de,450,results/main/f04/gp_de/seed450/history.npz,-1.0316284533803466,True
main,f04,f04,gp_de,451,results/main/f04/gp_de/seed451/history.npz,-0.9585971520775296,True
main,f04,f04,gp_de,452,results/main/f04/gp_de/seed452/history.npz,-1.0316284534299494,True
main,f04,f04,gp_de,453,results/main/f04/gp_de/seed453/history.npz,-1.0316284225279457,True
main,f04,f04,gp_de,454,results/main/f04/gp_de/seed454/history.npz,-1.0316284466782908,True
main,f04,f04,gp_de,455,results/main/f04/gp_de/seed455/history.npz,-1.0316284465983145,True
main,f04,f04,gp_de,456,results/main/f04/gp_de/seed456/history.npz,-1.0316284525531256,True
main,f04,f04,gp_de,457,results/main/f04/gp_de/seed457/history.npz,-1.0316284534820477,True
main,f04,f04,gp_de,458,results/main/f04/gp_de/seed458/history.npz,-1.031628453489785,True
main,f04,f04,gp_de,459,results/main/f04/gp_de/seed459/history.npz,-1.0316284524339498,True
main,f04,f04,gp_de,460,results/main/f04/gp_de/seed460/history.npz,-1.031628452132934,True
main,f04,f04,gp_de,461,results/main/f04/gp_de/seed461/history.npz,-1.0316284371839248,True
main,f04,f04,gp_de,462,results/main/f04/gp_de/seed462/history.npz,-1.0316283882032982,True
main,f04,f04,gp_de,463,results/main/f04/gp_de/seed463/history.npz,-1.0316284467841983,True
main,f04,f04,gp_de,464,results/main/f04/gp_de/seed464/history.npz,-1.0316284533669633,True
main,f04,f04,gp_de,465,results/main/f04/gp_de/seed465/history.npz,-1.0316284486504377,True
main,f04,f04,gp_de,466,results/main/f04/gp_de/seed466/history.npz,-1.0316284300859366,True
main,f04,f04,gp_de,467,results/main/f04/gp_de/seed467/history.npz,-1.0316284532279625,True
main,f04,f04,gp_de,468,results/main/f04/gp_de/seed468/history.npz,-1.0316284282215842,True
main,f04,f04,gp_de,469,results/main/f04/gp_de/seed469/history.npz,-1.0316284529811042,True
main,f04,f04,gp_de,470,results/main/f04/gp_de/seed470/history.npz,-1.0316284493594405,True
main,f04,f04,gp_de,471,results/main/f04/gp_de/seed471/history.npz,-1.0316284443027854,True
main,f04,f04,gp_de,472,results/main/f04/gp_de/seed472/history.npz,-1.031628418421735,True
main,f04,f04,gp_de,473,results/main/f04/gp_de/seed473/history.npz,-0.42335788889971937,True
main,f04,f04,gp_de,474,results/main/f04/gp_de/seed474/history.npz,-1.0316284417348576,True
main,f04,f04,gp_de,475,results/main/f04/gp_de/seed475/history.npz,-1.0235206732939655,True
main,f04,f04,gp_de,476,results/main/f04/gp_de/seed476/history.npz,-1.0316284534453681,True
main,f04,f04,gp_de,477,results/main/f04/gp_de/seed477/history.npz,-1.0316284478630335,True
main,f04,f04,gp_de,478,results/main/f04/gp_de/seed478/history.npz,-0.26440476461702156,True
main,f04,f04,gp_de,479,results/main/f04/gp_de/seed479/history.npz,-1.031628453489818,True
main,f04,f04,ji_sade_grm,450,results/main/f04/ji_sade_grm/seed450/history.npz,-1.031623005669238,True
main,f04,f04,ji_sade_grm,451,results/main/f04/ji_sade_grm/seed451/history.npz,-0.6918024823082961,True
main,f04,f04,ji_sade_grm,452,results/main/f04/ji_sade_grm/seed452/history.npz,-1.027400860903936,True
main,f04,f04,ji_sade_grm,453,results/main/f04/ji_sade_grm/seed453/history.npz,-1.0315976874833355,True
main,f04,f04,ji_sade_grm,454,results/main/f04/ji_sade_grm/seed454/history.npz,-1.0315726718262832,True
main,f04,f04,ji_sade_grm,455,results/main/f04/ji_sade_grm/seed455/history.npz,-1.0302017336878175,True
main,f04,f04,ji_sade_grm,456,results/main/f04/ji_sade_grm/seed456/history.npz,-1.0311206264491501,True
main,f04,f04,ji_sade_grm,457,results/main/f04/ji_sade_grm/seed457/history.npz,-1.0316283187834803,True
main,f04,f04,ji_sade_grm,458,results/main/f04/ji_sade_grm/seed458/history.npz,-1.0315011773302272,True
main,f04,f04,ji_sade_grm,459,results/main/f04/ji_sade_grm/seed459/history.npz,-1.0316284517435212,True
main,f04,f04,ji_sade_grm,460,results/main/f04/ji_sade_grm/seed460/history.npz,-1.0316284534871312,True
main,f04,f04,ji_sade_grm,461,results/main/f04/ji_sade_grm/seed461/history.npz,-0.3785784770920762,True
main,f04,f04,ji_sade_grm,462,results/main/f04/ji_sade_grm/seed462/history.npz,-0.9307625060081987,True
main,f04,f04,ji_sade_grm,463,results/main/f04/ji_sade_grm/seed463/history.npz,-1.0311004468225704,True
main,f04,f04,ji_sade_grm,464,results/main/f04/ji_sade_grm/seed464/history.npz,-0.9843366481885646,True
main,f04,f04,ji_sade_grm,465,results/main/f04/ji_sade_grm/seed465/history.npz,-1.031511817918351,True
main,f04,f04,ji_sade_grm,466,results/main/f04/ji_sade_grm/seed466/history.npz,-1.031628453430081,True
main,f04,f04,ji_sade_grm,467,results/main/f04/ji_sade_grm/seed467/history.npz,-1.031627638012357,True
main,f04,f04,ji_sade_grm,468,results/main/f04/ji_sade_grm/seed468/history.npz,-1.0316279499636298,True
main,f04,f04,ji_sade_grm,469,results/main/f04/ji_sade_grm/seed469/history.npz,-1.031305753223231,True
main,f04,f04,ji_sade_grm,470,results/main/f04/ji_sade_grm/seed470/history.npz,-1.0316275536384345,True
main,f04,f04,ji_sade_grm,471,results/main/f04/ji_sade_grm/seed471/history.npz,-1.031620628517992,True
main,f04,f04,ji_sade_grm,472,results/main/f04/ji_sade_grm/seed472/history.npz,-0.9384226353273786,True
main,f04,f04,ji_sade_grm,473,results/main/f04/ji_sade_grm/seed473/history.npz,-1.0312578533850123,True
main,f04,f04,ji_sade_grm,474,results/main/f04/ji_sade_grm/seed474/history.npz,-1.0314250655743682,True
main,f04,f04,ji_sade_grm,475,results/main/f04/ji_sade_grm/seed475/history.npz,-1.028531864449483,True
main,f04,f04,ji_sade_grm,476,results/main/f04/ji_sade_grm/seed476/history.npz,-1.0315977150606086,True
main,f04,f04,ji_sade_grm,477,results/main/f04/ji_sade_grm/seed477/history.npz,-1.031606904367252,True
main,f04,f04,ji_sade_grm,478,results/main/f04/ji_sade_grm/seed478/history.npz,-1.0316284107681486,True
main,f04,f04,ji_sade_grm,479,results/main/f04/ji_sade_grm/seed479/history.npz,-1.0315420075632646,True
main,f04,f04,mlp_de,450,results/main/f04/mlp_de/seed450/history.npz,-1.0316282016122476,True
main,f04,f04,mlp_de,451,results/main/f04/mlp_de/seed451/history.npz,-1.031628230232863,True
main,f04,f04,mlp_de,452,results/main/f04/mlp_de/seed452/history.npz,-1.0316183208363112,True
main,f04,f04,mlp_de,453,results/main/f04/mlp_de/seed453/history.npz,-1.031628346921854,True
main,f04,f04,mlp_de,454,results/main/f04/mlp_de/seed454/history.npz,-1.0316204145893078,True
main,f04,f04,mlp_de,455,results/main/f04/mlp_de/seed455/history.npz,-1.0315942947881747,True
main,f04,f04,mlp_de,456,results/main/f04/mlp_de/seed456/history.npz,-1.0316283578733456,True
main,f04,f04,mlp_de,457,results/main/f04/mlp_de/seed457/history.npz,-1.0316213775882066,True
main,f04,f04,mlp_de,458,results/main/f04/mlp_de/seed458/history.npz,-1.031626395253695,True
main,f04,f04,mlp_de,459,results/main/f04/mlp_de/seed459/history.npz,-1.031627586798398,True
main,f04,f04,mlp_de,460,results/main/f04/mlp_de/seed460/history.npz,-1.0316281163233052,True
main,f04,f04,mlp_de,461,results/main/f04/mlp_de/seed461/history.npz,-1.0316270923082766,True
main,f04,f04,mlp_de,462,results/main/f04/mlp_de/seed462/history.npz,-1.0316248259393141,True
main,f04,f04,mlp_de,463,results/main/f04/mlp_de/seed463/history.npz,-1.0316284521486203,True
main,f04,f04,mlp_de,464,results/main/f04/mlp_de/seed464/history.npz,-1.0316275675020694,True
main,f04,f04,mlp_de,465,results/main/f04/mlp_de/seed465/history.npz,-1.0316284047309372,True
main,f04,f04,mlp_de,466,results/main/f04/mlp_de/seed466/history.npz,-1.0316153078125674,True
main,f04,f04,mlp_de,467,results/main/f04/mlp_de/seed467/history.npz,-1.031622865871933,True
main,f04,f04,mlp_de,468,results/main/f04/mlp_de/seed468/history.npz,-1.0316278606466158,True
main,f04,f04,mlp_de,469,results/main/f04/mlp_de/seed469/history.npz,-1.0316277460255454,True
main,f04,f04,mlp_de,470,results/main/f04/mlp_de/seed470/history.npz,-1.0315742046838225,True
main,f04,f04,mlp_de,471,results/main/f04/mlp_de/seed471/history.npz,-1.0316284197604682,True
main,f04,f04,mlp_de,472,results/main/f04/mlp_de/seed472/history.npz,-1.0316283502824082,True
main,f04,f04,mlp_de,473,results/main/f04/mlp_de/seed473/history.npz,-1.0316230332869165,True
main,f04,f04,mlp_de,474,results/main/f04/mlp_de/seed474/history.npz,-1.0316283690053192,True
main,f04,f04,mlp_de,475,results/main/f04/mlp_de/seed475/history.npz,-1.031628422763523,True
main,f04,f04,mlp_de,476,results/main/f04/mlp_de/seed476/history.npz,-1.0316264650470786,True
main,f04,f04,mlp_de,477,results/main/f04/mlp_de/seed477/history.npz,-1.0316273913320322,True
main,f04,f04,mlp_de,478,results/main/f04/mlp_de/seed478/history.npz,-1.0316274579390903,True
main,f04,f04,mlp_de,479,results/main/f04/mlp_de/seed479/history.npz,-1.0316251223157367,True
main,f04,f04,pigp_de,450,results/main/f04/pigp_de/seed450/history.npz,-1.031628453489738,True
main,f04,f04,pigp_de,451,results/main/f04/pigp_de/seed451/history.npz,-1.031628453489866,True
main,f04,f04,pigp_de,452,results/main/f04/pigp_de/seed452/history.npz,-1.031628453478886,True
main,f04,f04,pigp_de,453,results/main/f04/pigp_de/seed453/history.npz,-1.0316284534617461,True
main,f04,f04,pigp_de,454,results/main/f04/pigp_de/seed454/history.npz,-1.0316284533626687,True
main,f04,f04,pigp_de,455,results/main/f04/pigp_de/seed455/history.npz,-1.0316284534898743,True
main,f04,f04,pigp_de,456,results/main/f04/pigp_de/seed456/history.npz,-1.031628453489877,True
main,f04,f04,pigp_de,457,results/main/f04/pigp_de/seed457/history.npz,-1.0316284534898346,True
main,f04,f04,pigp_de,458,results/main/f04/pigp_de/seed458/history.npz,-1.031628453489868,True
main,f04,f04,pigp_de,459,results/main/f04/pigp_de/seed459/history.npz,-1.0316284534898776,True
main,f04,f04,pigp_de,460,results/main/f04/pigp_de/seed460/history.npz,-1.0316284534898772,True
main,f04,f04,pigp_de,461,results/main/f04/pigp_de/seed461/history.npz,-1.0316284534898743,True
main,f04,f04,pigp_de,462,results/main/f04/pigp_de/seed462/history.npz,-1.0316284534883844,True
main,f04,f04,pigp_de,463,results/main/f04/pigp_de/seed463/history.npz,-1.031628453489871,True
main,f04,f04,pigp_de,464,results/main/f04/pigp_de/seed464/history.npz,-1.031628453466807,True
main,f04,f04,pigp_de,465,results/main/f04/pigp_de/seed465/history.npz,-1.0316284534853595,True
main,f04,f04,pigp_de,466,results/main/f04/pigp_de/seed466/history.npz,-1.031628453487851,True
main,f04,f04,pigp_de,467,results/main/f04/pigp_de/seed467/history.npz,-1.031628453489645,True
main,f04,f04,pigp_de,468,results/main/f04/pigp_de/seed468/history.npz,-1.0316284534898688,True
main,f04,f04,pigp_de,469,results/main/f04/pigp_de/seed469/history.npz,-1.031628453489566,True
main,f04,f04,pigp_de,470,results/main/f04/pigp_de/seed470/history.npz,-1.0316284534898696,True
main,f04,f04,pigp_de,471,results/main/f04/pigp_de/seed471/history.npz,-1.0316284534897384,True
main,f04,f04,pigp_de,472,results/main/f04/pigp_de/seed472/history.npz,-1.031628453487145,True
main,f04,f04,pigp_de,473,results/main/f04/pigp_de/seed473/history.npz,-1.0316284534898772,True
main,f04,f04,pigp_de,474,results/main/f04/pigp_de/seed474/history.npz,-1.0316284534896962,True
main,f04,f04,pigp_de,475,results/main/f04/pigp_de/seed475/history.npz,-1.0316284534898759,True
main,f04,f04,pigp_de,476,results/main/f04/pigp_de/seed476/history.npz,-1.0316284534898759,True
main,f04,f04,pigp_de,477,results/main/f04/pigp_de/seed477/history.npz,-1.0316284534878368,True
main,f04,f04,pigp_de,478,results/main/f04/pigp_de/seed478/history.npz,-1.0316284534885491,True
main,f04,f04,pigp_de,479,results/main/f04/pigp_de/seed479/history.npz,-1.031628453489335,True
main,f04,f04,pinn_de,450,results/main/f04/pinn_de/seed450/history.npz,-1.0316239075317926,True
main,f04,f04,pinn_de,451,results/main/f04/pinn_de/seed451/history.npz,-1.03162819539689,True
main,f04,f04,pinn_de,452,results/main/f04/pinn_de/seed452/history.npz,-1.0316283640672905,True
main,f04,f04,pinn_de,453,results/main/f04/pinn_de/seed453/history.npz,-1.0316284534790336,True
main,f04,f04,pinn_de,454,results/main/f04/pinn_de/seed454/history.npz,-1.0316283674198798,True
main,f04,f04,pinn_de,455,results/main/f04/pinn_de/seed455/history.npz,-1.0316284437325793,True
main,f04,f04,pinn_de,456,results/main/f04/pinn_de/seed456/history.npz,-1.0316260299914346,True
main,f04,f04,pinn_de,457,results/main/f04/pinn_de/seed457/history.npz,-1.0316283417854273,True
main,f04,f04,pinn_de,458,results/main/f04/pinn_de/seed458/history.npz,-1.0316283220153915,True
main,f04,f04,pinn_de,459,results/main/f04/pinn_de/seed459/history.npz,-1.0316283436768658,True
main,f04,f04,pinn_de,460,results/main/f04/pinn_de/seed460/history.npz,-1.031627870540228,True
main,f04,f04,pinn_de,461,results/main/f04/pinn_de/seed461/history.npz,-1.0316282889098998,True
main,f04,f04,pinn_de,462,results/main/f04/pinn_de/seed462/history.npz,-1.031628304336862,True
main,f04,f04,pinn_de,463,results/main/f04/pinn_de/seed463/history.npz,-1.0316284396535413,True
main,f04,f04,pinn_de,464,results/main/f04/pinn_de/seed464/history.npz,-1.0316268534566326,True
main,f04,f04,pinn_de,465,results/main/f04/pinn_de/seed465/history.npz,-1.0316280424042443,True
main,f04,f04,pinn_de,466,results/main/f04/pinn_de/seed466/history.npz,-1.031625518510523,True
main,f04,f04,pinn_de,467,results/main/f04/pinn_de/seed467/history.npz,-1.0316284511363718,True
main,f04,f04,pinn_de,468,results/main/f04/pinn_de/seed468/history.npz,-1.0316282318947054,True
main,f04,f04,pinn_de,469,results/main/f04/pinn_de/seed469/history.npz,-1.0316282956240304,True
main,f04,f04,pinn_de,470,results/main/f04/pinn_de/seed470/history.npz,-1.031628443896494,True
main,f04,f04,pinn_de,471,results/main/f04/pinn_de/seed471/history.npz,-1.0316261397981095,True
main,f04,f04,pinn_de,472,results/main/f04/pinn_de/seed472/history.npz,-1.0316284517171102,True
main,f04,f04,pinn_de,473,results/main/f04/pinn_de/seed473/history.npz,-1.031628426740415,True
main,f04,f04,pinn_de,474,results/main/f04/pinn_de/seed474/history.npz,-1.0316284300750924,True
main,f04,f04,pinn_de,475,results/main/f04/pinn_de/seed475/history.npz,-1.0316283476467376,True
main,f04,f04,pinn_de,476,results/main/f04/pinn_de/seed476/history.npz,-1.0316250656941732,True
main,f04,f04,pinn_de,477,results/main/f04/pinn_de/seed477/history.npz,-1.0316282979827462,True
main,f04,f04,pinn_de,478,results/main/f04/pinn_de/seed478/history.npz,-1.0316284267663616,True
main,f04,f04,pinn_de,479,results/main/f04/pinn_de/seed479/history.npz,-1.0316257617041835,True
main,f04,f04,pino_de,450,results/main/f04/pino_de/seed450/history.npz,-1.0316284499741522,True
main,f04,f04,pino_de,451,results/main/f04/pino_de/seed451/history.npz,-1.0316282384363429,True
main,f04,f04,pino_de,452,results/main/f04/pino_de/seed452/history.npz,-1.0316259182730998,True
main,f04,f04,pino_de,453,results/main/f04/pino_de/seed453/history.npz,-1.0316267309168075,True
main,f04,f04,pino_de,454,results/main/f04/pino_de/seed454/history.npz,-1.0316283844194827,True
main,f04,f04,pino_de,455,results/main/f04/pino_de/seed455/history.npz,-1.0316280758035414,True
main,f04,f04,pino_de,456,results/main/f04/pino_de/seed456/history.npz,-1.0316282385931408,True
main,f04,f04,pino_de,457,results/main/f04/pino_de/seed457/history.npz,-1.0316279623370788,True
main,f04,f04,pino_de,458,results/main/f04/pino_de/seed458/history.npz,-1.031628400559654,True
main,f04,f04,pino_de,459,results/main/f04/pino_de/seed459/history.npz,-1.0316280279164651,True
main,f04,f04,pino_de,460,results/main/f04/pino_de/seed460/history.npz,-1.0316280892011302,True
main,f04,f04,pino_de,461,results/main/f04/pino_de/seed461/history.npz,-1.0316284512197003,True
main,f04,f04,pino_de,462,results/main/f04/pino_de/seed462/history.npz,-1.0316284213785345,True
main,f04,f04,pino_de,463,results/main/f04/pino_de/seed463/history.npz,-1.0316283346347732,True
main,f04,f04,pino_de,464,results/main/f04/pino_de/seed464/history.npz,-1.031627959302265,True
main,f04,f04,pino_de,465,results/main/f04/pino_de/seed465/history.npz,-1.031628451392689,True
main,f04,f04,pino_de,466,results/main/f04/pino_de/seed466/history.npz,-1.0316284532837492,True
main,f04,f04,pino_de,467,results/main/f04/pino_de/seed467/history.npz,-1.0316284450700557,True
main,f04,f04,pino_de,468,results/main/f04/pino_de/seed468/history.npz,-1.0316284534813858,True
main,f04,f04,pino_de,469,results/main/f04/pino_de/seed469/history.npz,-1.031628443483662,True
main,f04,f04,pino_de,470,results/main/f04/pino_de/seed470/history.npz,-1.0316282018140157,True
main,f04,f04,pino_de,471,results/main/f04/pino_de/seed471/history.npz,-1.03162845182461,True
main,f04,f04,pino_de,472,results/main/f04/pino_de/seed472/history.npz,-1.0316281474830442,True
main,f04,f04,pino_de,473,results/main/f04/pino_de/seed473/history.npz,-1.03162845288762,True
main,f04,f04,pino_de,474,results/main/f04/pino_de/seed474/history.npz,-1.0316283407891196,True
main,f04,f04,pino_de,475,results/main/f04/pino_de/seed475/history.npz,-1.031628423943922,True
main,f04,f04,pino_de,476,results/main/f04/pino_de/seed476/history.npz,-1.0316284463019851,True
main,f04,f04,pino_de,477,results/main/f04/pino_de/seed477/history.npz,-1.031628445730699,True
main,f04,f04,pino_de,478,results/main/f04/pino_de/seed478/history.npz,-1.0316283444796233,True
main,f04,f04,pino_de,479,results/main/f04/pino_de/seed479/history.npz,-1.0316284406801268,True
main,f04,f04,rbfn_de,450,results/main/f04/rbfn_de/seed450/history.npz,-1.0308898767169457,True
main,f04,f04,rbfn_de,451,results/main/f04/rbfn_de/seed451/history.npz,-1.0316249055103899,True
main,f04,f04,rbfn_de,452,results/main/f04/rbfn_de/seed452/history.npz,-1.0314036187778843,True
main,f04,f04,rbfn_de,453,results/main/f04/rbfn_de/seed453/history.npz,-1.0315957634204016,True
main,f04,f04,rbfn_de,454,results/main/f04/rbfn_de/seed454/history.npz,-1.0316102608113147,True
main,f04,f04,rbfn_de,455,results/main/f04/rbfn_de/seed455/history.npz,-1.0316280636805846,True
main,f04,f04,rbfn_de,456,results/main/f04/rbfn_de/seed456/history.npz,-1.0316107464890831,True
main,f04,f04,rbfn_de,457,results/main/f04/rbfn_de/seed457/history.npz,-1.0316284514007548,True
main,f04,f04,rbfn_de,458,results/main/f04/rbfn_de/seed458/history.npz,-1.0316284256774448,True
main,f04,f04,rbfn_de,459,results/main/f04/rbfn_de/seed459/history.npz,-1.0316268713087469,True
main,f04,f04,rbfn_de,460,results/main/f04/rbfn_de/seed460/history.npz,-1.0272867155611942,True
main,f04,f04,rbfn_de,461,results/main/f04/rbfn_de/seed461/history.npz,-1.0311342124790566,True
main,f04,f04,rbfn_de,462,results/main/f04/rbfn_de/seed462/history.npz,-1.0313351192948588,True
main,f04,f04,rbfn_de,463,results/main/f04/rbfn_de/seed463/history.npz,-1.0316266932384333,True
main,f04,f04,rbfn_de,464,results/main/f04/rbfn_de/seed464/history.npz,-1.031518167288193,True
main,f04,f04,rbfn_de,465,results/main/f04/rbfn_de/seed465/history.npz,-1.0316256437372724,True
main,f04,f04,rbfn_de,466,results/main/f04/rbfn_de/seed466/history.npz,-1.0316197022724023,True
main,f04,f04,rbfn_de,467,results/main/f04/rbfn_de/seed467/history.npz,-1.0316283327242521,True
main,f04,f04,rbfn_de,468,results/main/f04/rbfn_de/seed468/history.npz,-1.031628371073649,True
main,f04,f04,rbfn_de,469,results/main/f04/rbfn_de/seed469/history.npz,-1.0232090771164657,True
main,f04,f04,rbfn_de,470,results/main/f04/rbfn_de/seed470/history.npz,-1.0309195489227485,True
main,f04,f04,rbfn_de,471,results/main/f04/rbfn_de/seed471/history.npz,-1.0316046634206693,True
main,f04,f04,rbfn_de,472,results/main/f04/rbfn_de/seed472/history.npz,-1.031628450243761,True
main,f04,f04,rbfn_de,473,results/main/f04/rbfn_de/seed473/history.npz,-1.0316283988110597,True
main,f04,f04,rbfn_de,474,results/main/f04/rbfn_de/seed474/history.npz,-1.03161077035284,True
main,f04,f04,rbfn_de,475,results/main/f04/rbfn_de/seed475/history.npz,-1.0315667232521522,True
main,f04,f04,rbfn_de,476,results/main/f04/rbfn_de/seed476/history.npz,-1.0316284346144764,True
main,f04,f04,rbfn_de,477,results/main/f04/rbfn_de/seed477/history.npz,-1.0316284357088712,True
main,f04,f04,rbfn_de,478,results/main/f04/rbfn_de/seed478/history.npz,-1.0311553220254894,True
main,f04,f04,rbfn_de,479,results/main/f04/rbfn_de/seed479/history.npz,-1.0316284120380586,True
main,f05,f05,glosade,450,results/main/f05/glosade/seed450/history.npz,-3.9671172861296706,True
main,f05,f05,glosade,451,results/main/f05/glosade/seed451/history.npz,-4.84378284951351,True
main,f05,f05,glosade,452,results/main/f05/glosade/seed452/history.npz,-5.431803706647612,True
main,f05,f05,glosade,453,results/main/f05/glosade/seed453/history.npz,-5.4176992657179035,True
main,f05,f05,glosade,454,results/main/f05/glosade/seed454/history.npz,-4.709678385351214,True
main,f05,f05,glosade,455,results/main/f05/glosade/seed455/history.npz,-5.1141548156690995,True
main,f05,f05,glosade,456,results/main/f05/glosade/seed456/history.npz,-5.227253417176506,True
main,f05,f05,glosade,457,results/main/f05/glosade/seed457/history.npz,-4.1367295132995805,True
main,f05,f05,glosade,458,results/main/f05/glosade/seed458/history.npz,-5.418228724051481,True
main,f05,f05,glosade,459,results/main/f05/glosade/seed459/history.npz,-5.41542262282829,True
main,f05,f05,glosade,460,results/main/f05/glosade/seed460/history.npz,-5.450638318888608,True
main,f05,f05,glosade,461,results/main/f05/glosade/seed461/history.npz,-3.8335717041222845,True
main,f05,f05,glosade,462,results/main/f05/glosade/seed462/history.npz,-5.064055124209281,True
main,f05,f05,glosade,463,results/main/f05/glosade/seed463/history.npz,-5.4051624942547924,True
main,f05,f05,glosade,464,results/main/f05/glosade/seed464/history.npz,-5.356446193969114,True
main,f05,f05,glosade,465,results/main/f05/glosade/seed465/history.npz,-4.560710859957048,True
main,f05,f05,glosade,466,results/main/f05/glosade/seed466/history.npz,-5.223625476166889,True
main,f05,f05,glosade,467,results/main/f05/glosade/seed467/history.npz,-5.446903319013803,True
main,f05,f05,glosade,468,results/main/f05/glosade/seed468/history.npz,-4.36982418894434,True
main,f05,f05,glosade,469,results/main/f05/glosade/seed469/history.npz,-5.446128443890233,True
main,f05,f05,glosade,470,results/main/f05/glosade/seed470/history.npz,-5.455054127905795,True
main,f05,f05,glosade,471,results/main/f05/glosade/seed471/history.npz,-4.107746400727167,True
main,f05,f05,glosade,472,results/main/f05/glosade/seed472/history.npz,-5.4068298775481765,True
main,f05,f05,glosade,473,results/main/f05/glosade/seed473/history.npz,-3.5772732661587763,True
main,f05,f05,glosade,474,results/main/f05/glosade/seed474/history.npz,-4.967082774082613,True
main,f05,f05,glosade,475,results/main/f05/glosade/seed475/history.npz,-4.708531969458168,True
main,f05,f05,glosade,476,results/main/f05/glosade/seed476/history.npz,-5.482971464895714,True
main,f05,f05,glosade,477,results/main/f05/glosade/seed477/history.npz,-3.8934037989257755,True
main,f05,f05,glosade,478,results/main/f05/glosade/seed478/history.npz,-5.451250555463224,True
main,f05,f05,glosade,479,results/main/f05/glosade/seed479/history.npz,-4.638817389813317,True
main,f05,f05,gp_de,450,results/main/f05/gp_de/seed450/history.npz,-5.507835388183594,True
main,f05,f05,gp_de,451,results/main/f05/gp_de/seed451/history.npz,-4.9091796875,True
main,f05,f05,gp_de,452,results/main/f05/gp_de/seed452/history.npz,-5.480752468109131,True
main,f05,f05,gp_de,453,results/main/f05/gp_de/seed453/history.npz,-5.487203121185303,True
main,f05,f05,gp_de,454,results/main/f05/gp_de/seed454/history.npz,-4.131136894226074,True
main,f05,f05,gp_de,455,results/main/f05/gp_de/seed455/history.npz,-5.507787227630615,True
main,f05,f05,gp_de,456,results/main/f05/gp_de/seed456/history.npz,-5.499185562133789,True
main,f05,f05,gp_de,457,results/main/f05/gp_de/seed457/history.npz,-5.472290992736816,True
main,f05,f05,gp_de,458,results/main/f05/gp_de/seed458/history.npz,-5.507988452911377,True
main,f05,f05,gp_de,459,results/main/f05/gp_de/seed459/history.npz,-5.470402717590332,True
main,f05,f05,gp_de,460,results/main/f05/gp_de/seed460/history.npz,-5.472341060638428,True
main,f05,f05,gp_de,461,results/main/f05/gp_de/seed461/history.npz,-5.507369041442871,True
main,f05,f05,gp_de,462,results/main/f05/gp_de/seed462/history.npz,-5.507625102996826,True
main,f05,f05,gp_de,463,results/main/f05/gp_de/seed463/history.npz,-5.506865501403809,True
main,f05,f05,gp_de,464,results/main/f05/gp_de/seed464/history.npz,-5.472303867340088,True
main,f05,f05,gp_de,465,results/main/f05/gp_de/seed465/history.npz,-5.507678985595703,True
main,f05,f05,gp_de,466,results/main/f05/gp_de/seed466/history.npz,-5.5080461502075195,True
main,f05,f05,gp_de,467,results/main/f05/gp_de/seed467/history.npz,-4.555080413818359,True
main,f05,f05,gp_de,468,results/main/f05/gp_de/seed468/history.npz,-5.50716495513916,True
main,f05,f05,gp_de,469,results/main/f05/gp_de/seed469/history.npz,-5.5077056884765625,True
main,f05,f05,gp_de,470,results/main/f05/gp_de/seed470/history.npz,-5.497444152832031,True
main,f05,f05,gp_de,471,results/main/f05/gp_de/seed471/history.npz,-5.507122039794922,True
main,f05,f05,gp_de,472,results/main/f05/gp_de/seed472/history.npz,-4.809459686279297,True
main,f05,f05,gp_de,473,results/main/f05/gp_de/seed473/history.npz,-5.507943630218506,True
main,f05,f05,gp_de,474,results/main/f05/gp_de/seed474/history.npz,-5.507511615753174,True
main,f05,f05,gp_de,475,results/main/f05/gp_de/seed475/history.npz,-5.507045745849609,True
main,f05,f05,gp_de,476,results/main/f05/gp_de/seed476/history.npz,-5.507476329803467,True
main,f05,f05,gp_de,477,results/main/f05/gp_de/seed477/history.npz,-5.507827281951904,True
main,f05,f05,gp_de,478,results/main/f05/gp_de/seed478/history.npz,-5.504394054412842,True
main,f05,f05,gp_de,479,results/main/f05/gp_de/seed479/history.npz,-5.507899761199951,True
main,f05,f05,ji_sade_grm,450,results/main/f05/ji_sade_grm/seed450/history.npz,-5.508048597782798,True
main,f05,f05,ji_sade_grm,451,results/main/f05/ji_sade_grm/seed451/history.npz,-5.50801738256075,True
main,f05,f05,ji_sade_grm,452,results/main/f05/ji_sade_grm/seed452/history.npz,-1.606893972493912,True
main,f05,f05,ji_sade_grm,453,results/main/f05/ji_sade_grm/seed453/history.npz,-5.508014047258781,True
main,f05,f05,ji_sade_grm,454,results/main/f05/ji_sade_grm/seed454/history.npz,-5.508013271689483,True
main,f05,f05,ji_sade_grm,455,results/main/f05/ji_sade_grm/seed455/history.npz,-5.508015395901721,True
main,f05,f05,ji_sade_grm,456,results/main/f05/ji_sade_grm/seed456/history.npz,-5.50801474238254,True
main,f05,f05,ji_sade_grm,457,results/main/f05/ji_sade_grm/seed457/history.npz,-5.508018537171045,True
main,f05,f05,ji_sade_grm,458,results/main/f05/ji_sade_grm/seed458/history.npz,-5.508019780302232,True
main,f05,f05,ji_sade_grm,459,results/main/f05/ji_sade_grm/seed459/history.npz,-5.508020708301035,True
main,f05,f05,ji_sade_grm,460,results/main/f05/ji_sade_grm/seed460/history.npz,-5.508013276036275,True
main,f05,f05,ji_sade_grm,461,results/main/f05/ji_sade_grm/seed461/history.npz,-5.508013272656491,True
main,f05,f05,ji_sade_grm,462,results/main/f05/ji_sade_grm/seed462/history.npz,-5.50802013528164,True
main,f05,f05,ji_sade_grm,463,results/main/f05/ji_sade_grm/seed463/history.npz,-5.508040608127594,True
main,f05,f05,ji_sade_grm,464,results/main/f05/ji_sade_grm/seed464/history.npz,-5.50802438708029,True
main,f05,f05,ji_sade_grm,465,results/main/f05/ji_sade_grm/seed465/history.npz,-5.508042387904156,True
main,f05,f05,ji_sade_grm,466,results/main/f05/ji_sade_grm/seed466/history.npz,-5.508029822452773,True
main,f05,f05,ji_sade_grm,467,results/main/f05/ji_sade_grm/seed467/history.npz,-5.508016288760217,True
main,f05,f05,ji_sade_grm,468,results/main/f05/ji_sade_grm/seed468/history.npz,-5.508014479076007,True
main,f05,f05,ji_sade_grm,469,results/main/f05/ji_sade_grm/seed469/history.npz,-5.508024283231144,True
main,f05,f05,ji_sade_grm,470,results/main/f05/ji_sade_grm/seed470/history.npz,-5.508013284908804,True
main,f05,f05,ji_sade_grm,471,results/main/f05/ji_sade_grm/seed471/history.npz,-5.472289663817785,True
main,f05,f05,ji_sade_grm,472,results/main/f05/ji_sade_grm/seed472/history.npz,-5.508013271807995,True
main,f05,f05,ji_sade_grm,473,results/main/f05/ji_sade_grm/seed473/history.npz,-5.508019025210055,True
main,f05,f05,ji_sade_grm,474,results/main/f05/ji_sade_grm/seed474/history.npz,-5.508027759685454,True
main,f05,f05,ji_sade_grm,475,results/main/f05/ji_sade_grm/seed475/history.npz,-5.508028895548625,True
main,f05,f05,ji_sade_grm,476,results/main/f05/ji_sade_grm/seed476/history.npz,-5.508013271801806,True
main,f05,f05,ji_sade_grm,477,results/main/f05/ji_sade_grm/seed477/history.npz,-5.508013544929977,True
main,f05,f05,ji_sade_grm,478,results/main/f05/ji_sade_grm/seed478/history.npz,-5.508019464269242,True
main,f05,f05,ji_sade_grm,479,results/main/f05/ji_sade_grm/seed479/history.npz,-5.508013905361276,True
main,f05,f05,mlp_de,450,results/main/f05/mlp_de/seed450/history.npz,-5.478950023651123,True
main,f05,f05,mlp_de,451,results/main/f05/mlp_de/seed451/history.npz,-5.40770149230957,True
main,f05,f05,mlp_de,452,results/main/f05/mlp_de/seed452/history.npz,-5.507689476013184,True
main,f05,f05,mlp_de,453,results/main/f05/mlp_de/seed453/history.npz,-5.410251617431641,True
main,f05,f05,mlp_de,454,results/main/f05/mlp_de/seed454/history.npz,-5.502291202545166,True
main,f05,f05,mlp_de,455,results/main/f05/mlp_de/seed455/history.npz,-5.422072410583496,True
main,f05,f05,mlp_de,456,results/main/f05/mlp_de/seed456/history.npz,-1.1083452701568604,True
main,f05,f05,mlp_de,457,results/main/f05/mlp_de/seed457/history.npz,-5.251171112060547,True
main,f05,f05,mlp_de,458,results/main/f05/mlp_de/seed458/history.npz,-4.960446834564209,True
main,f05,f05,mlp_de,459,results/main/f05/mlp_de/seed459/history.npz,-5.495446681976318,True
main,f05,f05,mlp_de,460,results/main/f05/mlp_de/seed460/history.npz,-1.5325285196304321,True
main,f05,f05,mlp_de,461,results/main/f05/mlp_de/seed461/history.npz,-1.3645341396331787,True
main,f05,f05,mlp_de,462,results/main/f05/mlp_de/seed462/history.npz,-3.5069096088409424,True
main,f05,f05,mlp_de,463,results/main/f05/mlp_de/seed463/history.npz,-5.505584716796875,True
main,f05,f05,mlp_de,464,results/main/f05/mlp_de/seed464/history.npz,-5.469237804412842,True
main,f05,f05,mlp_de,465,results/main/f05/mlp_de/seed465/history.npz,-5.5035200119018555,True
main,f05,f05,mlp_de,466,results/main/f05/mlp_de/seed466/history.npz,-5.4919257164001465,True
main,f05,f05,mlp_de,467,results/main/f05/mlp_de/seed467/history.npz,-5.482950687408447,True
main,f05,f05,mlp_de,468,results/main/f05/mlp_de/seed468/history.npz,-5.50276517868042,True
main,f05,f05,mlp_de,469,results/main/f05/mlp_de/seed469/history.npz,-5.489500999450684,True
main,f05,f05,mlp_de,470,results/main/f05/mlp_de/seed470/history.npz,-5.220837116241455,True
main,f05,f05,mlp_de,471,results/main/f05/mlp_de/seed471/history.npz,-4.250702381134033,True
main,f05,f05,mlp_de,472,results/main/f05/mlp_de/seed472/history.npz,-5.442617893218994,True
main,f05,f05,mlp_de,473,results/main/f05/mlp_de/seed473/history.npz,-2.6176724433898926,True
main,f05,f05,mlp_de,474,results/main/f05/mlp_de/seed474/history.npz,-0.9623497128486633,True
main,f05,f05,mlp_de,475,results/main/f05/mlp_de/seed475/history.npz,-3.555647134780884,True
main,f05,f05,mlp_de,476,results/main/f05/mlp_de/seed476/history.npz,-5.494180202484131,True
main,f05,f05,mlp_de,477,results/main/f05/mlp_de/seed477/history.npz,-5.386580467224121,True
main,f05,f05,mlp_de,478,results/main/f05/mlp_de/seed478/history.npz,-1.2468626499176025,True
main,f05,f05,mlp_de,479,results/main/f05/mlp_de/seed479/history.npz,-5.432244300842285,True
main,f05,f05,pigp_de,450,results/main/f05/pigp_de/seed450/history.npz,-5.47228479385376,True
main,f05,f05,pigp_de,451,results/main/f05/pigp_de/seed451/history.npz,-5.507287502288818,True
main,f05,f05,pigp_de,452,results/main/f05/pigp_de/seed452/history.npz,-5.472286224365234,True
main,f05,f05,pigp_de,453,results/main/f05/pigp_de/seed453/history.npz,-5.507968425750732,True
main,f05,f05,pigp_de,454,results/main/f05/pigp_de/seed454/history.npz,-5.49410343170166,True
main,f05,f05,pigp_de,455,results/main/f05/pigp_de/seed455/history.npz,-5.472293376922607,True
main,f05,f05,pigp_de,456,results/main/f05/pigp_de/seed456/history.npz,-5.4723005294799805,True
main,f05,f05,pigp_de,457,results/main/f05/pigp_de/seed457/history.npz,-5.508028030395508,True
main,f05,f05,pigp_de,458,results/main/f05/pigp_de/seed458/history.npz,-5.472286701202393,True
main,f05,f05,pigp_de,459,results/main/f05/pigp_de/seed459/history.npz,-5.5078125,True
main,f05,f05,pigp_de,460,results/main/f05/pigp_de/seed460/history.npz,-5.507994651794434,True
main,f05,f05,pigp_de,461,results/main/f05/pigp_de/seed461/history.npz,-5.472283840179443,True
main,f05,f05,pigp_de,462,results/main/f05/pigp_de/seed462/history.npz,-5.472282409667969,True
main,f05,f05,pigp_de,463,results/main/f05/pigp_de/seed463/history.npz,-5.507958889007568,True
main,f05,f05,pigp_de,464,results/main/f05/pigp_de/seed464/history.npz,-5.508004188537598,True
main,f05,f05,pigp_de,465,results/main/f05/pigp_de/seed465/history.npz,-5.50797176361084,True
main,f05,f05,pigp_de,466,results/main/f05/pigp_de/seed466/history.npz,-5.5079193115234375,True
main,f05,f05,pigp_de,467,results/main/f05/pigp_de/seed467/history.npz,-5.50800895690918,True
main,f05,f05,pigp_de,468,results/main/f05/pigp_de/seed468/history.npz,-5.472282409667969,True
main,f05,f05,pigp_de,469,results/main/f05/pigp_de/seed469/history.npz,-5.507965087890625,True
main,f05,f05,pigp_de,470,results/main/f05/pigp_de/seed470/history.npz,-5.472283840179443,True
main,f05,f05,pigp_de,471,results/main/f05/pigp_de/seed471/history.npz,-5.5080389976501465,True
main,f05,f05,pigp_de,472,results/main/f05/pigp_de/seed472/history.npz,-5.508016109466553,True
main,f05,f05,pigp_de,473,results/main/f05/pigp_de/seed473/history.npz,-5.508001327514648,True
main,f05,f05,pigp_de,474,results/main/f05/pigp_de/seed474/history.npz,-5.480030536651611,True
main,f05,f05,pigp_de,475,results/main/f05/pigp_de/seed475/history.npz,-5.472282886505127,True
main,f05,f05,pigp_de,476,results/main/f05/pigp_de/seed476/history.npz,-5.472289085388184,True
main,f05,f05,pigp_de,477,results/main/f05/pigp_de/seed477/history.npz,-5.472284317016602,True
main,f05,f05,pigp_de,478,results/main/f05/pigp_de/seed478/history.npz,-5.5080156326293945,True
main,f05,f05,pigp_de,479,results/main/f05/pigp_de/seed479/history.npz,-5.487870216369629,True
main,f05,f05,pinn_de,450,results/main/f05/pinn_de/seed450/history.npz,-5.506955623626709,True
main,f05,f05,pinn_de,451,results/main/f05/pinn_de/seed451/history.npz,-5.504221439361572,True
main,f05,f05,pinn_de,452,results/main/f05/pinn_de/seed452/history.npz,-5.507654666900635,True
main,f05,f05,pinn_de,453,results/main/f05/pinn_de/seed453/history.npz,-5.504258155822754,True
main,f05,f05,pinn_de,454,results/main/f05/pinn_de/seed454/history.npz,-5.50758695602417,True
main,f05,f05,pinn_de,455,results/main/f05/pinn_de/seed455/history.npz,-5.506694316864014,True
main,f05,f05,pinn_de,456,results/main/f05/pinn_de/seed456/history.npz,-5.504002571105957,True
main,f05,f05,pinn_de,457,results/main/f05/pinn_de/seed457/history.npz,-5.503672122955322,True
main,f05,f05,pinn_de,458,results/main/f05/pinn_de/seed458/history.npz,-5.5069169998168945,True
main,f05,f05,pinn_de,459,results/main/f05/pinn_de/seed459/history.npz,-5.337154865264893,True
main,f05,f05,pinn_de,460,results/main/f05/pinn_de/seed460/history.npz,-5.505911827087402,True
main,f05,f05,pinn_de,461,results/main/f05/pinn_de/seed461/history.npz,-5.477747440338135,True
main,f05,f05,pinn_de,462,results/main/f05/pinn_de/seed462/history.npz,-5.502638816833496,True
main,f05,f05,pinn_de,463,results/main/f05/pinn_de/seed463/history.npz,-5.507772922515869,True
main,f05,f05,pinn_de,464,results/main/f05/pinn_de/seed464/history.npz,-5.209633827209473,True
main,f05,f05,pinn_de,465,results/main/f05/pinn_de/seed465/history.npz,-5.47147798538208,True
main,f05,f05,pinn_de,466,results/main/f05/pinn_de/seed466/history.npz,-5.507877826690674,True
main,f05,f05,pinn_de,467,results/main/f05/pinn_de/seed467/history.npz,-5.507112503051758,True
main,f05,f05,pinn_de,468,results/main/f05/pinn_de/seed468/history.npz,-5.216714859008789,True
main,f05,f05,pinn_de,469,results/main/f05/pinn_de/seed469/history.npz,-5.36287260055542,True
main,f05,f05,pinn_de,470,results/main/f05/pinn_de/seed470/history.npz,-5.507922172546387,True
main,f05,f05,pinn_de,471,results/main/f05/pinn_de/seed471/history.npz,-5.507584095001221,True
main,f05,f05,pinn_de,472,results/main/f05/pinn_de/seed472/history.npz,-5.4967522621154785,True
main,f05,f05,pinn_de,473,results/main/f05/pinn_de/seed473/history.npz,-5.504247665405273,True
main,f05,f05,pinn_de,474,results/main/f05/pinn_de/seed474/history.npz,-5.507480621337891,True
main,f05,f05,pinn_de,475,results/main/f05/pinn_de/seed475/history.npz,-5.503589153289795,True
main,f05,f05,pinn_de,476,results/main/f05/pinn_de/seed476/history.npz,-5.486924171447754,True
main,f05,f05,pinn_de,477,results/main/f05/pinn_de/seed477/history.npz,-5.439765930175781,True
main,f05,f05,pinn_de,478,results/main/f05/pinn_de/seed478/history.npz,-5.503315448760986,True
main,f05,f05,pinn_de,479,results/main/f05/pinn_de/seed479/history.npz,-5.380664348602295,True
main,f05,f05,pino_de,450,results/main/f05/pino_de/seed450/history.npz,-5.50745964050293,True
main,f05,f05,pino_de,451,results/main/f05/pino_de/seed451/history.npz,-5.507875919342041,True
main,f05,f05,pino_de,452,results/main/f05/pino_de/seed452/history.npz,-5.508049488067627,True
main,f05,f05,pino_de,453,results/main/f05/pino_de/seed453/history.npz,-5.5080132484436035,True
main,f05,f05,pino_de,454,results/main/f05/pino_de/seed454/history.npz,-5.50615930557251,True
main,f05,f05,pino_de,455,results/main/f05/pino_de/seed455/history.npz,-5.507939338684082,True
main,f05,f05,pino_de,456,results/main/f05/pino_de/seed456/history.npz,-5.507866859436035,True
main,f05,f05,pino_de,457,results/main/f05/pino_de/seed457/history.npz,-5.507784366607666,True
main,f05,f05,pino_de,458,results/main/f05/pino_de/seed458/history.npz,-5.507970333099365,True
main,f05,f05,pino_de,459,results/main/f05/pino_de/seed459/history.npz,-5.507458686828613,True
main,f05,f05,pino_de,460,results/main/f05/pino_de/seed460/history.npz,-5.507997989654541,True
main,f05,f05,pino_de,461,results/main/f05/pino_de/seed461/history.npz,-5.507513523101807,True
main,f05,f05,pino_de,462,results/main/f05/pino_de/seed462/history.npz,-5.5076398849487305,True
main,f05,f05,pino_de,463,results/main/f05/pino_de/seed463/history.npz,-5.503717422485352,True
main,f05,f05,pino_de,464,results/main/f05/pino_de/seed464/history.npz,-5.5077996253967285,True
main,f05,f05,pino_de,465,results/main/f05/pino_de/seed465/history.npz,-5.508046627044678,True
main,f05,f05,pino_de,466,results/main/f05/pino_de/seed466/history.npz,-5.5078229904174805,True
main,f05,f05,pino_de,467,results/main/f05/pino_de/seed467/history.npz,-5.507699012756348,True
main,f05,f05,pino_de,468,results/main/f05/pino_de/seed468/history.npz,-5.50800895690918,True
main,f05,f05,pino_de,469,results/main/f05/pino_de/seed469/history.npz,-5.50739049911499,True
main,f05,f05,pino_de,470,results/main/f05/pino_de/seed470/history.npz,-5.507841110229492,True
main,f05,f05,pino_de,471,results/main/f05/pino_de/seed471/history.npz,-5.507776260375977,True
main,f05,f05,pino_de,472,results/main/f05/pino_de/seed472/history.npz,-5.50805139541626,True
main,f05,f05,pino_de,473,results/main/f05/pino_de/seed473/history.npz,-5.508028030395508,True
main,f05,f05,pino_de,474,results/main/f05/pino_de/seed474/history.npz,-5.507871150970459,True
main,f05,f05,pino_de,475,results/main/f05/pino_de/seed475/history.npz,-5.507832050323486,True
main,f05,f05,pino_de,476,results/main/f05/pino_de/seed476/history.npz,-5.50787353515625,True
main,f05,f05,pino_de,477,results/main/f05/pino_de/seed477/history.npz,-5.508011817932129,True
main,f05,f05,pino_de,478,results/main/f05/pino_de/seed478/history.npz,-5.508042812347412,True
main,f05,f05,pino_de,479,results/main/f05/pino_de/seed479/history.npz,-5.508020877838135,True
main,f05,f05,rbfn_de,450,results/main/f05/rbfn_de/seed450/history.npz,-5.464198589324951,True
main,f05,f05,rbfn_de,451,results/main/f05/rbfn_de/seed451/history.npz,-4.9091796875,True
main,f05,f05,rbfn_de,452,results/main/f05/rbfn_de/seed452/history.npz,-4.374384880065918,True
main,f05,f05,rbfn_de,453,results/main/f05/rbfn_de/seed453/history.npz,-3.753300428390503,True
main,f05,f05,rbfn_de,454,results/main/f05/rbfn_de/seed454/history.npz,-5.454478740692139,True
main,f05,f05,rbfn_de,455,results/main/f05/rbfn_de/seed455/history.npz,-5.3985209465026855,True
main,f05,f05,rbfn_de,456,results/main/f05/rbfn_de/seed456/history.npz,-1.1083452701568604,True
main,f05,f05,rbfn_de,457,results/main/f05/rbfn_de/seed457/history.npz,-5.460549354553223,True
main,f05,f05,rbfn_de,458,results/main/f05/rbfn_de/seed458/history.npz,-5.465425491333008,True
main,f05,f05,rbfn_de,459,results/main/f05/rbfn_de/seed459/history.npz,-3.9161808490753174,True
main,f05,f05,rbfn_de,460,results/main/f05/rbfn_de/seed460/history.npz,-1.5325285196304321,True
main,f05,f05,rbfn_de,461,results/main/f05/rbfn_de/seed461/history.npz,-4.904943943023682,True
main,f05,f05,rbfn_de,462,results/main/f05/rbfn_de/seed462/history.npz,-3.5069096088409424,True
main,f05,f05,rbfn_de,463,results/main/f05/rbfn_de/seed463/history.npz,-1.0818623304367065,True
main,f05,f05,rbfn_de,464,results/main/f05/rbfn_de/seed464/history.npz,-5.437177658081055,True
main,f05,f05,rbfn_de,465,results/main/f05/rbfn_de/seed465/history.npz,-5.502580642700195,True
main,f05,f05,rbfn_de,466,results/main/f05/rbfn_de/seed466/history.npz,-5.365202903747559,True
main,f05,f05,rbfn_de,467,results/main/f05/rbfn_de/seed467/history.npz,-4.555080413818359,True
main,f05,f05,rbfn_de,468,results/main/f05/rbfn_de/seed468/history.npz,-5.460145950317383,True
main,f05,f05,rbfn_de,469,results/main/f05/rbfn_de/seed469/history.npz,-5.432849884033203,True
main,f05,f05,rbfn_de,470,results/main/f05/rbfn_de/seed470/history.npz,-5.427833557128906,True
main,f05,f05,rbfn_de,471,results/main/f05/rbfn_de/seed471/history.npz,-5.501534461975098,True
main,f05,f05,rbfn_de,472,results/main/f05/rbfn_de/seed472/history.npz,-5.500253200531006,True
main,f05,f05,rbfn_de,473,results/main/f05/rbfn_de/seed473/history.npz,-5.404409885406494,True
main,f05,f05,rbfn_de,474,results/main/f05/rbfn_de/seed474/history.npz,-5.440801620483398,True
main,f05,f05,rbfn_de,475,results/main/f05/rbfn_de/seed475/history.npz,-5.4758453369140625,True
main,f05,f05,rbfn_de,476,results/main/f05/rbfn_de/seed476/history.npz,-4.518338680267334,True
main,f05,f05,rbfn_de,477,results/main/f05/rbfn_de/seed477/history.npz,-2.277317762374878,True
main,f05,f05,rbfn_de,478,results/main/f05/rbfn_de/seed478/history.npz,-1.2468626499176025,True
main,f05,f05,rbfn_de,479,results/main/f05/rbfn_de/seed479/history.npz,-1.1805907487869263,True
main,f07,f06,glosade,450,results/main/f06/glosade/seed450/history.npz,0.4073612499620616,True
main,f07,f06,glosade,451,results/main/f06/glosade/seed451/history.npz,0.5845120394452934,True
main,f07,f06,glosade,452,results/main/f06/glosade/seed452/history.npz,0.6196619402120156,True
main,f07,f06,glosade,453,results/main/f06/glosade/seed453/history.npz,0.5635478716559845,True
main,f07,f06,glosade,454,results/main/f06/glosade/seed454/history.npz,0.447124814258693,True
main,f07,f06,glosade,455,results/main/f06/glosade/seed455/history.npz,0.5584463863234017,True
main,f07,f06,glosade,456,results/main/f06/glosade/seed456/history.npz,0.7421814253867112,True
main,f07,f06,glosade,457,results/main/f06/glosade/seed457/history.npz,0.5104768480280555,True
main,f07,f06,glosade,458,results/main/f06/glosade/seed458/history.npz,0.5790972307781264,True
main,f07,f06,glosade,459,results/main/f06/glosade/seed459/history.npz,0.9014123663881648,True
main,f07,f06,glosade,460,results/main/f06/glosade/seed460/history.npz,0.43586693116653485,True
main,f07,f06,glosade,461,results/main/f06/glosade/seed461/history.npz,0.4425833878576064,True
main,f07,f06,glosade,462,results/main/f06/glosade/seed462/history.npz,0.544461149181295,True
main,f07,f06,glosade,463,results/main/f06/glosade/seed463/history.npz,1.1402782010830315,True
main,f07,f06,glosade,464,results/main/f06/glosade/seed464/history.npz,0.5919272021070761,True
main,f07,f06,glosade,465,results/main/f06/glosade/seed465/history.npz,0.5464617761916557,True
main,f07,f06,glosade,466,results/main/f06/glosade/seed466/history.npz,0.591433531972628,True
main,f07,f06,glosade,467,results/main/f06/glosade/seed467/history.npz,0.8620608362204845,True
main,f07,f06,glosade,468,results/main/f06/glosade/seed468/history.npz,0.41072711596014955,True
main,f07,f06,glosade,469,results/main/f06/glosade/seed469/history.npz,0.4823682022053912,True
main,f07,f06,glosade,470,results/main/f06/glosade/seed470/history.npz,0.8725743485338828,True
main,f07,f06,glosade,471,results/main/f06/glosade/seed471/history.npz,0.8309063329785182,True
main,f07,f06,glosade,472,results/main/f06/glosade/seed472/history.npz,0.8239183052703947,True
main,f07,f06,glosade,473,results/main/f06/glosade/seed473/history.npz,0.5870735577452351,True
main,f07,f06,glosade,474,results/main/f06/glosade/seed474/history.npz,1.7297268291062302,True
main,f07,f06,glosade,475,results/main/f06/glosade/seed475/history.npz,0.4671422642862737,True
main,f07,f06,glosade,476,results/main/f06/glosade/seed476/history.npz,0.6751792395800109,True
main,f07,f06,glosade,477,results/main/f06/glosade/seed477/history.npz,0.5367632117444181,True
main,f07,f06,glosade,478,results/main/f06/glosade/seed478/history.npz,0.6209673387977066,True
main,f07,f06,glosade,479,results/main/f06/glosade/seed479/history.npz,0.8581679633492865,True
main,f07,f06,gp_de,450,results/main/f06/gp_de/seed450/history.npz,0.409170970326997,True
main,f07,f06,gp_de,451,results/main/f06/gp_de/seed451/history.npz,1.0586917493533399,True
main,f07,f06,gp_de,452,results/main/f06/gp_de/seed452/history.npz,0.4325325933062878,True
main,f07,f06,gp_de,453,results/main/f06/gp_de/seed453/history.npz,0.39788824301059833,True
main,f07,f06,gp_de,454,results/main/f06/gp_de/seed454/history.npz,3.9947018514650727,True
main,f07,f06,gp_de,455,results/main/f06/gp_de/seed455/history.npz,0.39808164305677884,True
main,f07,f06,gp_de,456,results/main/f06/gp_de/seed456/history.npz,0.6370149460637471,True
main,f07,f06,gp_de,457,results/main/f06/gp_de/seed457/history.npz,1.2724939222038802,True
main,f07,f06,gp_de,458,results/main/f06/gp_de/seed458/history.npz,0.44519641806348886,True
main,f07,f06,gp_de,459,results/main/f06/gp_de/seed459/history.npz,3.7244094652106856,True
main,f07,f06,gp_de,460,results/main/f06/gp_de/seed460/history.npz,0.7779972309560002,True
main,f07,f06,gp_de,461,results/main/f06/gp_de/seed461/history.npz,0.9064495065085634,True
main,f07,f06,gp_de,462,results/main/f06/gp_de/seed462/history.npz,0.5382833720217217,True
main,f07,f06,gp_de,463,results/main/f06/gp_de/seed463/history.npz,1.2233631586488762,True
main,f07,f06,gp_de,464,results/main/f06/gp_de/seed464/history.npz,0.39818857191196955,True
main,f07,f06,gp_de,465,results/main/f06/gp_de/seed465/history.npz,0.3982288937993239,True
main,f07,f06,gp_de,466,results/main/f06/gp_de/seed466/history.npz,0.4005389217790327,True
main,f07,f06,gp_de,467,results/main/f06/gp_de/seed467/history.npz,1.3072568461946243,True
main,f07,f06,gp_de,468,results/main/f06/gp_de/seed468/history.npz,0.4482374493238588,True
main,f07,f06,gp_de,469,results/main/f06/gp_de/seed469/history.npz,1.264329066270859,True
main,f07,f06,gp_de,470,results/main/f06/gp_de/seed470/history.npz,0.40515277845570274,True
main,f07,f06,gp_de,471,results/main/f06/gp_de/seed471/history.npz,0.418650287836158,True
main,f07,f06,gp_de,472,results/main/f06/gp_de/seed472/history.npz,1.206823544377679,True
main,f07,f06,gp_de,473,results/main/f06/gp_de/seed473/history.npz,0.39788737368726146,True
main,f07,f06,gp_de,474,results/main/f06/gp_de/seed474/history.npz,0.39794605512509484,True
main,f07,f06,gp_de,475,results/main/f06/gp_de/seed475/history.npz,1.4153429260516042,True
main,f07,f06,gp_de,476,results/main/f06/gp_de/seed476/history.npz,0.4196207320262193,True
main,f07,f06,gp_de,477,results/main/f06/gp_de/seed477/history.npz,1.4934707645105956,True
main,f07,f06,gp_de,478,results/main/f06/gp_de/seed478/history.npz,0.47710573354060415,True
main,f07,f06,gp_de,479,results/main/f06/gp_de/seed479/history.npz,0.39788767253867796,True
main,f07,f06,ji_sade_grm,450,results/main/f06/ji_sade_grm/seed450/history.npz,1.4626457715979644,True
main,f07,f06,ji_sade_grm,451,results/main/f06/ji_sade_grm/seed451/history.npz,0.996406635198948,True
main,f07,f06,ji_sade_grm,452,results/main/f06/ji_sade_grm/seed452/history.npz,0.43553256097291637,True
main,f07,f06,ji_sade_grm,453,results/main/f06/ji_sade_grm/seed453/history.npz,1.3565679330108669,True
main,f07,f06,ji_sade_grm,454,results/main/f06/ji_sade_grm/seed454/history.npz,1.2492769438931113,True
main,f07,f06,ji_sade_grm,455,results/main/f06/ji_sade_grm/seed455/history.npz,0.6370290848411369,True
main,f07,f06,ji_sade_grm,456,results/main/f06/ji_sade_grm/seed456/history.npz,0.8807939841801069,True
main,f07,f06,ji_sade_grm,457,results/main/f06/ji_sade_grm/seed457/history.npz,0.5108584950757216,True
main,f07,f06,ji_sade_grm,458,results/main/f06/ji_sade_grm/seed458/history.npz,0.6038194554952074,True
main,f07,f06,ji_sade_grm,459,results/main/f06/ji_sade_grm/seed459/history.npz,0.8519686020605164,True
main,f07,f06,ji_sade_grm,460,results/main/f06/ji_sade_grm/seed460/history.npz,0.5352232356198812,True
main,f07,f06,ji_sade_grm,461,results/main/f06/ji_sade_grm/seed461/history.npz,0.581479485547586,True
main,f07,f06,ji_sade_grm,462,results/main/f06/ji_sade_grm/seed462/history.npz,0.8733689397298665,True
main,f07,f06,ji_sade_grm,463,results/main/f06/ji_sade_grm/seed463/history.npz,1.081142680443783,True
main,f07,f06,ji_sade_grm,464,results/main/f06/ji_sade_grm/seed464/history.npz,0.44031059540699147,True
main,f07,f06,ji_sade_grm,465,results/main/f06/ji_sade_grm/seed465/history.npz,0.466437249221876,True
main,f07,f06,ji_sade_grm,466,results/main/f06/ji_sade_grm/seed466/history.npz,0.7114616919599595,True
main,f07,f06,ji_sade_grm,467,results/main/f06/ji_sade_grm/seed467/history.npz,0.9898493430016746,True
main,f07,f06,ji_sade_grm,468,results/main/f06/ji_sade_grm/seed468/history.npz,0.4290640649143658,True
main,f07,f06,ji_sade_grm,469,results/main/f06/ji_sade_grm/seed469/history.npz,0.48350739483614547,True
main,f07,f06,ji_sade_grm,470,results/main/f06/ji_sade_grm/seed470/history.npz,0.5300683291952861,True
main,f07,f06,ji_sade_grm,471,results/main/f06/ji_sade_grm/seed471/history.npz,0.4476830672918055,True
main,f07,f06,ji_sade_grm,472,results/main/f06/ji_sade_grm/seed472/history.npz,0.5306643999941656,True
main,f07,f06,ji_sade_grm,473,results/main/f06/ji_sade_grm/seed473/history.npz,3.1173492661729263,True
main,f07,f06,ji_sade_grm,474,results/main/f06/ji_sade_grm/seed474/history.npz,0.8332636934824329,True
main,f07,f06,ji_sade_grm,475,results/main/f06/ji_sade_grm/seed475/history.npz,1.0452279911178906,True
main,f07,f06,ji_sade_grm,476,results/main/f06/ji_sade_grm/seed476/history.npz,0.7825129449767747,True
main,f07,f06,ji_sade_grm,477,results/main/f06/ji_sade_grm/seed477/history.npz,1.2100073385532681,True
main,f07,f06,ji_sade_grm,478,results/main/f06/ji_sade_grm/seed478/history.npz,0.4359125730416249,True
main,f07,f06,ji_sade_grm,479,results/main/f06/ji_sade_grm/seed479/history.npz,1.2627038817180019,True
main,f07,f06,mlp_de,450,results/main/f06/mlp_de/seed450/history.npz,0.39788743106387514,True
main,f07,f06,mlp_de,451,results/main/f06/mlp_de/seed451/history.npz,0.39794482417873844,True
main,f07,f06,mlp_de,452,results/main/f06/mlp_de/seed452/history.npz,0.3985168467557383,True
main,f07,f06,mlp_de,453,results/main/f06/mlp_de/seed453/history.npz,0.39788736811560454,True
main,f07,f06,mlp_de,454,results/main/f06/mlp_de/seed454/history.npz,1.1735624588850335,True
main,f07,f06,mlp_de,455,results/main/f06/mlp_de/seed455/history.npz,0.685948432759016,True
main,f07,f06,mlp_de,456,results/main/f06/mlp_de/seed456/history.npz,0.39800993232239,True
main,f07,f06,mlp_de,457,results/main/f06/mlp_de/seed457/history.npz,0.39788902072033316,True
main,f07,f06,mlp_de,458,results/main/f06/mlp_de/seed458/history.npz,0.39789436686362833,True
main,f07,f06,mlp_de,459,results/main/f06/mlp_de/seed459/history.npz,1.16288721974008,True
main,f07,f06,mlp_de,460,results/main/f06/mlp_de/seed460/history.npz,0.3978995571558688,True
main,f07,f06,mlp_de,461,results/main/f06/mlp_de/seed461/history.npz,0.397928001442871,True
main,f07,f06,mlp_de,462,results/main/f06/mlp_de/seed462/history.npz,0.39789300280805584,True
main,f07,f06,mlp_de,463,results/main/f06/mlp_de/seed463/history.npz,0.40149779641139105,True
main,f07,f06,mlp_de,464,results/main/f06/mlp_de/seed464/history.npz,0.3982828911533538,True
main,f07,f06,mlp_de,465,results/main/f06/mlp_de/seed465/history.npz,0.3978994718403772,True
main,f07,f06,mlp_de,466,results/main/f06/mlp_de/seed466/history.npz,0.3979018899141611,True
main,f07,f06,mlp_de,467,results/main/f06/mlp_de/seed467/history.npz,0.39789082977774726,True
main,f07,f06,mlp_de,468,results/main/f06/mlp_de/seed468/history.npz,0.8553483951814336,True
main,f07,f06,mlp_de,469,results/main/f06/mlp_de/seed469/history.npz,0.39790780454999286,True
main,f07,f06,mlp_de,470,results/main/f06/mlp_de/seed470/history.npz,0.39790324649381503,True
main,f07,f06,mlp_de,471,results/main/f06/mlp_de/seed471/history.npz,0.3978907394708635,True
main,f07,f06,mlp_de,472,results/main/f06/mlp_de/seed472/history.npz,0.3978937679417225,True
main,f07,f06,mlp_de,473,results/main/f06/mlp_de/seed473/history.npz,0.3983542461102445,True
main,f07,f06,mlp_de,474,results/main/f06/mlp_de/seed474/history.npz,0.3978891522563046,True
main,f07,f06,mlp_de,475,results/main/f06/mlp_de/seed475/history.npz,0.3978885482407115,True
main,f07,f06,mlp_de,476,results/main/f06/mlp_de/seed476/history.npz,0.39809706377281273,True
main,f07,f06,mlp_de,477,results/main/f06/mlp_de/seed477/history.npz,0.3979482267291772,True
main,f07,f06,mlp_de,478,results/main/f06/mlp_de/seed478/history.npz,0.3986488029705697,True
main,f07,f06,mlp_de,479,results/main/f06/mlp_de/seed479/history.npz,0.39789572471821266,True
main,f07,f06,pigp_de,450,results/main/f06/pigp_de/seed450/history.npz,0.39859060306273264,True
main,f07,f06,pigp_de,451,results/main/f06/pigp_de/seed451/history.npz,0.3978951023068795,True
main,f07,f06,pigp_de,452,results/main/f06/pigp_de/seed452/history.npz,0.4071741843825176,True
main,f07,f06,pigp_de,453,results/main/f06/pigp_de/seed453/history.npz,0.3978873579510491,True
main,f07,f06,pigp_de,454,results/main/f06/pigp_de/seed454/history.npz,0.39788741417953766,True
main,f07,f06,pigp_de,455,results/main/f06/pigp_de/seed455/history.npz,0.39808953763876076,True
main,f07,f06,pigp_de,456,results/main/f06/pigp_de/seed456/history.npz,0.39788864674673974,True
main,f07,f06,pigp_de,457,results/main/f06/pigp_de/seed457/history.npz,0.3978875107230184,True
main,f07,f06,pigp_de,458,results/main/f06/pigp_de/seed458/history.npz,0.39788735774220285,True
main,f07,f06,pigp_de,459,results/main/f06/pigp_de/seed459/history.npz,0.3981107088062199,True
main,f07,f06,pigp_de,460,results/main/f06/pigp_de/seed460/history.npz,0.3978873590895695,True
main,f07,f06,pigp_de,461,results/main/f06/pigp_de/seed461/history.npz,0.3978873592395793,True
main,f07,f06,pigp_de,462,results/main/f06/pigp_de/seed462/history.npz,0.40684363682394853,True
main,f07,f06,pigp_de,463,results/main/f06/pigp_de/seed463/history.npz,0.39883747819894033,True
main,f07,f06,pigp_de,464,results/main/f06/pigp_de/seed464/history.npz,0.3978873599085837,True
main,f07,f06,pigp_de,465,results/main/f06/pigp_de/seed465/history.npz,0.3978873577655655,True
main,f07,f06,pigp_de,466,results/main/f06/pigp_de/seed466/history.npz,0.3978873631227948,True
main,f07,f06,pigp_de,467,results/main/f06/pigp_de/seed467/history.npz,0.39788740792355703,True
main,f07,f06,pigp_de,468,results/main/f06/pigp_de/seed468/history.npz,0.3978873580475639,True
main,f07,f06,pigp_de,469,results/main/f06/pigp_de/seed469/history.npz,0.4007022347167126,True
main,f07,f06,pigp_de,470,results/main/f06/pigp_de/seed470/history.npz,0.39788735930993724,True
main,f07,f06,pigp_de,471,results/main/f06/pigp_de/seed471/history.npz,0.39814701731483026,True
main,f07,f06,pigp_de,472,results/main/f06/pigp_de/seed472/history.npz,1.7277564854574106,True
main,f07,f06,pigp_de,473,results/main/f06/pigp_de/seed473/history.npz,0.39790915040609853,True
main,f07,f06,pigp_de,474,results/main/f06/pigp_de/seed474/history.npz,0.39795348079312554,True
main,f07,f06,pigp_de,475,results/main/f06/pigp_de/seed475/history.npz,0.3982106339027389,True
main,f07,f06,pigp_de,476,results/main/f06/pigp_de/seed476/history.npz,0.3978873577502764,True
main,f07,f06,pigp_de,477,results/main/f06/pigp_de/seed477/history.npz,0.4006521184412808,True
main,f07,f06,pigp_de,478,results/main/f06/pigp_de/seed478/history.npz,0.3978873577344686,True
main,f07,f06,pigp_de,479,results/main/f06/pigp_de/seed479/history.npz,0.3978885812309816,True
main,f07,f06,pinn_de,450,results/main/f06/pinn_de/seed450/history.npz,0.3979027080704878,True
main,f07,f06,pinn_de,451,results/main/f06/pinn_de/seed451/history.npz,0.3979127216756666,True
main,f07,f06,pinn_de,452,results/main/f06/pinn_de/seed452/history.npz,0.39838191727897865,True
main,f07,f06,pinn_de,453,results/main/f06/pinn_de/seed453/history.npz,0.39823670796378074,True
main,f07,f06,pinn_de,454,results/main/f06/pinn_de/seed454/history.npz,0.3978873986897842,True
main,f07,f06,pinn_de,455,results/main/f06/pinn_de/seed455/history.npz,0.39812636892732023,True
main,f07,f06,pinn_de,456,results/main/f06/pinn_de/seed456/history.npz,0.39788736275288983,True
main,f07,f06,pinn_de,457,results/main/f06/pinn_de/seed457/history.npz,0.39797069182598044,True
main,f07,f06,pinn_de,458,results/main/f06/pinn_de/seed458/history.npz,0.3979166123342317,True
main,f07,f06,pinn_de,459,results/main/f06/pinn_de/seed459/history.npz,0.39788739414286844,True
main,f07,f06,pinn_de,460,results/main/f06/pinn_de/seed460/history.npz,0.3978938442091753,True
main,f07,f06,pinn_de,461,results/main/f06/pinn_de/seed461/history.npz,0.39810585002319954,True
main,f07,f06,pinn_de,462,results/main/f06/pinn_de/seed462/history.npz,0.39788750225115344,True
main,f07,f06,pinn_de,463,results/main/f06/pinn_de/seed463/history.npz,0.39788749440768534,True
main,f07,f06,pinn_de,464,results/main/f06/pinn_de/seed464/history.npz,0.3978874220363231,True
main,f07,f06,pinn_de,465,results/main/f06/pinn_de/seed465/history.npz,0.39800372623499847,True
main,f07,f06,pinn_de,466,results/main/f06/pinn_de/seed466/history.npz,0.39788885015116904,True
main,f07,f06,pinn_de,467,results/main/f06/pinn_de/seed467/history.npz,0.397893024865958,True
main,f07,f06,pinn_de,468,results/main/f06/pinn_de/seed468/history.npz,0.39788870497072715,True
main,f07,f06,pinn_de,469,results/main/f06/pinn_de/seed469/history.npz,0.3979474571987076,True
main,f07,f06,pinn_de,470,results/main/f06/pinn_de/seed470/history.npz,0.397887589403334,True
main,f07,f06,pinn_de,471,results/main/f06/pinn_de/seed471/history.npz,0.39788737315905465,True
main,f07,f06,pinn_de,472,results/main/f06/pinn_de/seed472/history.npz,0.3979406693120744,True
main,f07,f06,pinn_de,473,results/main/f06/pinn_de/seed473/history.npz,0.3979060815609774,True
main,f07,f06,pinn_de,474,results/main/f06/pinn_de/seed474/history.npz,0.39792055702297446,True
main,f07,f06,pinn_de,475,results/main/f06/pinn_de/seed475/history.npz,0.3979010531816023,True
main,f07,f06,pinn_de,476,results/main/f06/pinn_de/seed476/history.npz,0.3978926794972857,True
main,f07,f06,pinn_de,477,results/main/f06/pinn_de/seed477/history.npz,0.3979039586909323,True
main,f07,f06,pinn_de,478,results/main/f06/pinn_de/seed478/history.npz,0.39788916485691495,True
main,f07,f06,pinn_de,479,results/main/f06/pinn_de/seed479/history.npz,0.3978873952252968,True
main,f07,f06,pino_de,450,results/main/f06/pino_de/seed450/history.npz,0.398007869589053,True
main,f07,f06,pino_de,451,results/main/f06/pino_de/seed451/history.npz,0.39788767248127677,True
main,f07,f06,pino_de,452,results/main/f06/pino_de/seed452/history.npz,0.3979090244390928,True
main,f07,f06,pino_de,453,results/main/f06/pino_de/seed453/history.npz,0.3978982960520838,True
main,f07,f06,pino_de,454,results/main/f06/pino_de/seed454/history.npz,0.39801085021584903,True
main,f07,f06,pino_de,455,results/main/f06/pino_de/seed455/history.npz,0.3978883730970608,True
main,f07,f06,pino_de,456,results/main/f06/pino_de/seed456/history.npz,0.3979936573404288,True
main,f07,f06,pino_de,457,results/main/f06/pino_de/seed457/history.npz,0.39788759286499165,True
main,f07,f06,pino_de,458,results/main/f06/pino_de/seed458/history.npz,0.39796537508003915,True
main,f07,f06,pino_de,459,results/main/f06/pino_de/seed459/history.npz,0.39790522487567515,True
main,f07,f06,pino_de,460,results/main/f06/pino_de/seed460/history.npz,0.3979408820638035,True
main,f07,f06,pino_de,461,results/main/f06/pino_de/seed461/history.npz,0.39789409484528093,True
main,f07,f06,pino_de,462,results/main/f06/pino_de/seed462/history.npz,0.3981242971553911,True
main,f07,f06,pino_de,463,results/main/f06/pino_de/seed463/history.npz,0.3978873822317812,True
main,f07,f06,pino_de,464,results/main/f06/pino_de/seed464/history.npz,0.3979318039776025,True
main,f07,f06,pino_de,465,results/main/f06/pino_de/seed465/history.npz,0.3979149396476753,True
main,f07,f06,pino_de,466,results/main/f06/pino_de/seed466/history.npz,0.3979605064478271,True
main,f07,f06,pino_de,467,results/main/f06/pino_de/seed467/history.npz,0.39789247662594285,True
main,f07,f06,pino_de,468,results/main/f06/pino_de/seed468/history.npz,0.3979125927054259,True
main,f07,f06,pino_de,469,results/main/f06/pino_de/seed469/history.npz,0.3978891435112537,True
main,f07,f06,pino_de,470,results/main/f06/pino_de/seed470/history.npz,0.397936159476199,True
main,f07,f06,pino_de,471,results/main/f06/pino_de/seed471/history.npz,0.3980068276782962,True
main,f07,f06,pino_de,472,results/main/f06/pino_de/seed472/history.npz,0.3978880414139798,True
main,f07,f06,pino_de,473,results/main/f06/pino_de/seed473/history.npz,0.3983821832479766,True
main,f07,f06,pino_de,474,results/main/f06/pino_de/seed474/history.npz,0.3978915851175735,True
main,f07,f06,pino_de,475,results/main/f06/pino_de/seed475/history.npz,0.39789346786756674,True
main,f07,f06,pino_de,476,results/main/f06/pino_de/seed476/history.npz,0.39788750146063556,True
main,f07,f06,pino_de,477,results/main/f06/pino_de/seed477/history.npz,0.3979528363620446,True
main,f07,f06,pino_de,478,results/main/f06/pino_de/seed478/history.npz,0.39798170136880984,True
main,f07,f06,pino_de,479,results/main/f06/pino_de/seed479/history.npz,0.3978915566885153,True
main,f07,f06,rbfn_de,450,results/main/f06/rbfn_de/seed450/history.npz,0.3979527065806163,True
main,f07,f06,rbfn_de,451,results/main/f06/rbfn_de/seed451/history.npz,0.39788735999455227,True
main,f07,f06,rbfn_de,452,results/main/f06/rbfn_de/seed452/history.npz,0.7097908662558616,True
main,f07,f06,rbfn_de,453,results/main/f06/rbfn_de/seed453/history.npz,0.39789048217915735,True
main,f07,f06,rbfn_de,454,results/main/f06/rbfn_de/seed454/history.npz,0.42000664254901743,True
main,f07,f06,rbfn_de,455,results/main/f06/rbfn_de/seed455/history.npz,0.3978873786999184,True
main,f07,f06,rbfn_de,456,results/main/f06/rbfn_de/seed456/history.npz,0.39790064943121983,True
main,f07,f06,rbfn_de,457,results/main/f06/rbfn_de/seed457/history.npz,0.39835976917805205,True
main,f07,f06,rbfn_de,458,results/main/f06/rbfn_de/seed458/history.npz,0.397888030867664,True
main,f07,f06,rbfn_de,459,results/main/f06/rbfn_de/seed459/history.npz,3.7244094652106856,True
main,f07,f06,rbfn_de,460,results/main/f06/rbfn_de/seed460/history.npz,0.3994027607713324,True
main,f07,f06,rbfn_de,461,results/main/f06/rbfn_de/seed461/history.npz,0.39817865250293494,True
main,f07,f06,rbfn_de,462,results/main/f06/rbfn_de/seed462/history.npz,3.3719089950597008,True
main,f07,f06,rbfn_de,463,results/main/f06/rbfn_de/seed463/history.npz,0.3978876059340717,True
main,f07,f06,rbfn_de,464,results/main/f06/rbfn_de/seed464/history.npz,0.3978873591489016,True
main,f07,f06,rbfn_de,465,results/main/f06/rbfn_de/seed465/history.npz,0.39788735925234775,True
main,f07,f06,rbfn_de,466,results/main/f06/rbfn_de/seed466/history.npz,0.3979143442210873,True
main,f07,f06,rbfn_de,467,results/main/f06/rbfn_de/seed467/history.npz,1.0728243162944082,True
main,f07,f06,rbfn_de,468,results/main/f06/rbfn_de/seed468/history.npz,0.3978874758523734,True
main,f07,f06,rbfn_de,469,results/main/f06/rbfn_de/seed469/history.npz,0.39789056359121844,True
main,f07,f06,rbfn_de,470,results/main/f06/rbfn_de/seed470/history.npz,0.40136219061375655,True
main,f07,f06,rbfn_de,471,results/main/f06/rbfn_de/seed471/history.npz,0.3978896354118895,True
main,f07,f06,rbfn_de,472,results/main/f06/rbfn_de/seed472/history.npz,1.1342847397851514,True
main,f07,f06,rbfn_de,473,results/main/f06/rbfn_de/seed473/history.npz,0.39788759676233987,True
main,f07,f06,rbfn_de,474,results/main/f06/rbfn_de/seed474/history.npz,0.3978874713349363,True
main,f07,f06,rbfn_de,475,results/main/f06/rbfn_de/seed475/history.npz,0.3978873694081546,True
main,f07,f06,rbfn_de,476,results/main/f06/rbfn_de/seed476/history.npz,0.3978873638926679,True
main,f07,f06,rbfn_de,477,results/main/f06/rbfn_de/seed477/history.npz,0.39788739113276783,True
main,f07,f06,rbfn_de,478,results/main/f06/rbfn_de/seed478/history.npz,0.3979050961058004,True
main,f07,f06,rbfn_de,479,results/main/f06/rbfn_de/seed479/history.npz,1.9550375006071832,True
main,f08,f07,glosade,450,results/main/f07/glosade/seed450/history.npz,nan,False
main,f08,f07,glosade,451,results/main/f07/glosade/seed451/history.npz,nan,False
main,f08,f07,glosade,452,results/main/f07/glosade/seed452/history.npz,nan,False
main,f08,f07,glosade,453,results/main/f07/glosade/seed453/history.npz,nan,False
main,f08,f07,glosade,454,results/main/f07/glosade/seed454/history.npz,nan,False
main,f08,f07,glosade,455,results/main/f07/glosade/seed455/history.npz,nan,False
main,f08,f07,glosade,456,results/main/f07/glosade/seed456/history.npz,nan,False
main,f08,f07,glosade,457,results/main/f07/glosade/seed457/history.npz,1.000069735902768,True
main,f08,f07,glosade,458,results/main/f07/glosade/seed458/history.npz,nan,False
main,f08,f07,glosade,459,results/main/f07/glosade/seed459/history.npz,0.9216376169939446,True
main,f08,f07,glosade,460,results/main/f07/glosade/seed460/history.npz,nan,False
main,f08,f07,glosade,461,results/main/f07/glosade/seed461/history.npz,nan,False
main,f08,f07,glosade,462,results/main/f07/glosade/seed462/history.npz,nan,False
main,f08,f07,glosade,463,results/main/f07/glosade/seed463/history.npz,nan,False
main,f08,f07,glosade,464,results/main/f07/glosade/seed464/history.npz,nan,False
main,f08,f07,glosade,465,results/main/f07/glosade/seed465/history.npz,nan,False
main,f08,f07,glosade,466,results/main/f07/glosade/seed466/history.npz,nan,False
main,f08,f07,glosade,467,results/main/f07/glosade/seed467/history.npz,nan,False
main,f08,f07,glosade,468,results/main/f07/glosade/seed468/history.npz,nan,False
main,f08,f07,glosade,469,results/main/f07/glosade/seed469/history.npz,nan,False
main,f08,f07,glosade,470,results/main/f07/glosade/seed470/history.npz,nan,False
main,f08,f07,glosade,471,results/main/f07/glosade/seed471/history.npz,nan,False
main,f08,f07,glosade,472,results/main/f07/glosade/seed472/history.npz,nan,False
main,f08,f07,glosade,473,results/main/f07/glosade/seed473/history.npz,0.9971465961270213,True
main,f08,f07,glosade,474,results/main/f07/glosade/seed474/history.npz,nan,False
main,f08,f07,glosade,475,results/main/f07/glosade/seed475/history.npz,nan,False
main,f08,f07,glosade,476,results/main/f07/glosade/seed476/history.npz,nan,False
main,f08,f07,glosade,477,results/main/f07/glosade/seed477/history.npz,nan,False
main,f08,f07,glosade,478,results/main/f07/glosade/seed478/history.npz,nan,False
main,f08,f07,glosade,479,results/main/f07/glosade/seed479/history.npz,nan,False
main,f08,f07,gp_de,450,results/main/f07/gp_de/seed450/history.npz,nan,False
main,f08,f07,gp_de,451,results/main/f07/gp_de/seed451/history.npz,nan,False
main,f08,f07,gp_de,452,results/main/f07/gp_de/seed452/history.npz,0.7518236041069031,True
main,f08,f07,gp_de,453,results/main/f07/gp_de/seed453/history.npz,nan,False
main,f08,f07,gp_de,454,results/main/f07/gp_de/seed454/history.npz,nan,False
main,f08,f07,gp_de,455,results/main/f07/gp_de/seed455/history.npz,nan,False
main,f08,f07,gp_de,456,results/main/f07/gp_de/seed456/history.npz,nan,False
main,f08,f07,gp_de,457,results/main/f07/gp_de/seed457/history.npz,0.7785598039627075,True
main,f08,f07,gp_de,458,results/main/f07/gp_de/seed458/history.npz,nan,False
main,f08,f07,gp_de,459,results/main/f07/gp_de/seed459/history.npz,nan,False
main,f08,f07,gp_de,460,results/main/f07/gp_de/seed460/history.npz,0.7809699773788452,True
main,f08,f07,gp_de,461,results/main/f07/gp_de/seed461/history.npz,nan,False
main,f08,f07,gp_de,462,results/main/f07/gp_de/seed462/history.npz,nan,False
main,f08,f07,gp_de,463,results/main/f07/gp_de/seed463/history.npz,0.9962863326072693,True
main,f08,f07,gp_de,464,results/main/f07/gp_de/seed464/history.npz,nan,False
main,f08,f07,gp_de,465,results/main/f07/gp_de/seed465/history.npz,1.029012680053711,True
main,f08,f07,gp_de,466,results/main/f07/gp_de/seed466/history.npz,nan,False
main,f08,f07,gp_de,467,results/main/f07/gp_de/seed467/history.npz,nan,False
main,f08,f07,gp_de,468,results/main/f07/gp_de/seed468/history.npz,0.856143057346344,True
main,f08,f07,gp_de,469,results/main/f07/gp_de/seed469/history.npz,nan,False
main,f08,f07,gp_de,470,results/main/f07/gp_de/seed470/history.npz,0.8186802864074707,True
main,f08,f07,gp_de,471,results/main/f07/gp_de/seed471/history.npz,nan,False
main,f08,f07,gp_de,472,results/main/f07/gp_de/seed472/history.npz,nan,False
main,f08,f07,gp_de,473,results/main/f07/gp_de/seed473/history.npz,0.9962554574012756,True
main,f08,f07,gp_de,474,results/main/f07/gp_de/seed474/history.npz,0.7785242199897766,True
main,f08,f07,gp_de,475,results/main/f07/gp_de/seed475/history.npz,nan,False
main,f08,f07,gp_de,476,results/main/f07/gp_de/seed476/history.npz,nan,False
main,f08,f07,gp_de,477,results/main/f07/gp_de/seed477/history.npz,nan,False
main,f08,f07,gp_de,478,results/main/f07/gp_de/seed478/history.npz,nan,False
main,f08,f07,gp_de,479,results/main/f07/gp_de/seed479/history.npz,nan,False
main,f08,f07,ji_sade_grm,450,results/main/f07/ji_sade_grm/seed450/history.npz,0.9962814775686228,True
main,f08,f07,ji_sade_grm,451,results/main/f07/ji_sade_grm/seed451/history.npz,nan,False
main,f08,f07,ji_sade_grm,452,results/main/f07/ji_sade_grm/seed452/history.npz,1.3277000844797096,True
main,f08,f07,ji_sade_grm,453,results/main/f07/ji_sade_grm/seed453/history.npz,0.7798492980981231,True
main,f08,f07,ji_sade_grm,454,results/main/f07/ji_sade_grm/seed454/history.npz,0.9962486383274637,True
main,f08,f07,ji_sade_grm,455,results/main/f07/ji_sade_grm/seed455/history.npz,0.9978268473661702,True
main,f08,f07,ji_sade_grm,456,results/main/f07/ji_sade_grm/seed456/history.npz,0.8214081193320368,True
main,f08,f07,ji_sade_grm,457,results/main/f07/ji_sade_grm/seed457/history.npz,0.7785104212454902,True
main,f08,f07,ji_sade_grm,458,results/main/f07/ji_sade_grm/seed458/history.npz,0.750674801594917,True
main,f08,f07,ji_sade_grm,459,results/main/f07/ji_sade_grm/seed459/history.npz,0.7750762197924783,True
main,f08,f07,ji_sade_grm,460,results/main/f07/ji_sade_grm/seed460/history.npz,0.9575892510990477,True
main,f08,f07,ji_sade_grm,461,results/main/f07/ji_sade_grm/seed461/history.npz,0.7785033022416097,True
main,f08,f07,ji_sade_grm,462,results/main/f07/ji_sade_grm/seed462/history.npz,0.8323477296838374,True
main,f08,f07,ji_sade_grm,463,results/main/f07/ji_sade_grm/seed463/history.npz,1.4272556278713637,True
main,f08,f07,ji_sade_grm,464,results/main/f07/ji_sade_grm/seed464/history.npz,0.8053120353750522,True
main,f08,f07,ji_sade_grm,465,results/main/f07/ji_sade_grm/seed465/history.npz,0.7784893504119333,True
main,f08,f07,ji_sade_grm,466,results/main/f07/ji_sade_grm/seed466/history.npz,0.9962551730984792,True
main,f08,f07,ji_sade_grm,467,results/main/f07/ji_sade_grm/seed467/history.npz,0.7786197418354316,True
main,f08,f07,ji_sade_grm,468,results/main/f07/ji_sade_grm/seed468/history.npz,0.9026156479000229,True
main,f08,f07,ji_sade_grm,469,results/main/f07/ji_sade_grm/seed469/history.npz,0.7733875635356513,True
main,f08,f07,ji_sade_grm,470,results/main/f07/ji_sade_grm/seed470/history.npz,1.0344622237864214,True
main,f08,f07,ji_sade_grm,471,results/main/f07/ji_sade_grm/seed471/history.npz,0.7690639004831972,True
main,f08,f07,ji_sade_grm,472,results/main/f07/ji_sade_grm/seed472/history.npz,0.9764726380725682,True
main,f08,f07,ji_sade_grm,473,results/main/f07/ji_sade_grm/seed473/history.npz,0.778870416139262,True
main,f08,f07,ji_sade_grm,474,results/main/f07/ji_sade_grm/seed474/history.npz,0.7746019873924093,True
main,f08,f07,ji_sade_grm,475,results/main/f07/ji_sade_grm/seed475/history.npz,0.7800407684478785,True
main,f08,f07,ji_sade_grm,476,results/main/f07/ji_sade_grm/seed476/history.npz,1.534910671651902,True
main,f08,f07,ji_sade_grm,477,results/main/f07/ji_sade_grm/seed477/history.npz,0.9978941125146883,True
main,f08,f07,ji_sade_grm,478,results/main/f07/ji_sade_grm/seed478/history.npz,0.9697016501156168,True
main,f08,f07,ji_sade_grm,479,results/main/f07/ji_sade_grm/seed479/history.npz,0.9550285955923539,True
main,f08,f07,mlp_de,450,results/main/f07/mlp_de/seed450/history.npz,nan,False
main,f08,f07,mlp_de,451,results/main/f07/mlp_de/seed451/history.npz,nan,False
main,f08,f07,mlp_de,452,results/main/f07/mlp_de/seed452/history.npz,nan,False
main,f08,f07,mlp_de,453,results/main/f07/mlp_de/seed453/history.npz,nan,False
main,f08,f07,mlp_de,454,results/main/f07/mlp_de/seed454/history.npz,1.1812511682510376,True
main,f08,f07,mlp_de,455,results/main/f07/mlp_de/seed455/history.npz,nan,False
main,f08,f07,mlp_de,456,results/main/f07/mlp_de/seed456/history.npz,nan,False
main,f08,f07,mlp_de,457,results/main/f07/mlp_de/seed457/history.npz,0.8094321489334106,True
main,f08,f07,mlp_de,458,results/main/f07/mlp_de/seed458/history.npz,nan,False
main,f08,f07,mlp_de,459,results/main/f07/mlp_de/seed459/history.npz,nan,False
main,f08,f07,mlp_de,460,results/main/f07/mlp_de/seed460/history.npz,0.998881459236145,True
main,f08,f07,mlp_de,461,results/main/f07/mlp_de/seed461/history.npz,0.9949427843093872,True
main,f08,f07,mlp_de,462,results/main/f07/mlp_de/seed462/history.npz,nan,False
main,f08,f07,mlp_de,463,results/main/f07/mlp_de/seed463/history.npz,nan,False
main,f08,f07,mlp_de,464,results/main/f07/mlp_de/seed464/history.npz,0.794985830783844,True
main,f08,f07,mlp_de,465,results/main/f07/mlp_de/seed465/history.npz,nan,False
main,f08,f07,mlp_de,466,results/main/f07/mlp_de/seed466/history.npz,nan,False
main,f08,f07,mlp_de,467,results/main/f07/mlp_de/seed467/history.npz,0.9984722137451172,True
main,f08,f07,mlp_de,468,results/main/f07/mlp_de/seed468/history.npz,nan,False
main,f08,f07,mlp_de,469,results/main/f07/mlp_de/seed469/history.npz,nan,False
main,f08,f07,mlp_de,470,results/main/f07/mlp_de/seed470/history.npz,nan,False
main,f08,f07,mlp_de,471,results/main/f07/mlp_de/seed471/history.npz,nan,False
main,f08,f07,mlp_de,472,results/main/f07/mlp_de/seed472/history.npz,nan,False
main,f08,f07,mlp_de,473,results/main/f07/mlp_de/seed473/history.npz,0.8102699518203735,True
main,f08,f07,mlp_de,474,results/main/f07/mlp_de/seed474/history.npz,nan,False
main,f08,f07,mlp_de,475,results/main/f07/mlp_de/seed475/history.npz,nan,False
main,f08,f07,mlp_de,476,results/main/f07/mlp_de/seed476/history.npz,nan,False
main,f08,f07,mlp_de,477,results/main/f07/mlp_de/seed477/history.npz,0.7491546273231506,True
main,f08,f07,mlp_de,478,results/main/f07/mlp_de/seed478/history.npz,0.8605527877807617,True
main,f08,f07,mlp_de,479,results/main/f07/mlp_de/seed479/history.npz,0.9962245225906372,True
main,f08,f07,pigp_de,450,results/main/f07/pigp_de/seed450/history.npz,0.7901989221572876,True
main,f08,f07,pigp_de,451,results/main/f07/pigp_de/seed451/history.npz,0.7851302027702332,True
main,f08,f07,pigp_de,452,results/main/f07/pigp_de/seed452/history.npz,nan,False
main,f08,f07,pigp_de,453,results/main/f07/pigp_de/seed453/history.npz,0.9962815642356873,True
main,f08,f07,pigp_de,454,results/main/f07/pigp_de/seed454/history.npz,0.9962825775146484,True
main,f08,f07,pigp_de,455,results/main/f07/pigp_de/seed455/history.npz,nan,False
main,f08,f07,pigp_de,456,results/main/f07/pigp_de/seed456/history.npz,1.0631661415100098,True
main,f08,f07,pigp_de,457,results/main/f07/pigp_de/seed457/history.npz,0.7784757614135742,True
main,f08,f07,pigp_de,458,results/main/f07/pigp_de/seed458/history.npz,0.7818191647529602,True
main,f08,f07,pigp_de,459,results/main/f07/pigp_de/seed459/history.npz,nan,False
main,f08,f07,pigp_de,460,results/main/f07/pigp_de/seed460/history.npz,0.9962815046310425,True
main,f08,f07,pigp_de,461,results/main/f07/pigp_de/seed461/history.npz,0.749844491481781,True
main,f08,f07,pigp_de,462,results/main/f07/pigp_de/seed462/history.npz,nan,False
main,f08,f07,pigp_de,463,results/main/f07/pigp_de/seed463/history.npz,0.9962814450263977,True
main,f08,f07,pigp_de,464,results/main/f07/pigp_de/seed464/history.npz,0.9962792992591858,True
main,f08,f07,pigp_de,465,results/main/f07/pigp_de/seed465/history.npz,nan,False
main,f08,f07,pigp_de,466,results/main/f07/pigp_de/seed466/history.npz,nan,False
main,f08,f07,pigp_de,467,results/main/f07/pigp_de/seed467/history.npz,0.7932282090187073,True
main,f08,f07,pigp_de,468,results/main/f07/pigp_de/seed468/history.npz,nan,False
main,f08,f07,pigp_de,469,results/main/f07/pigp_de/seed469/history.npz,0.8021449446678162,True
main,f08,f07,pigp_de,470,results/main/f07/pigp_de/seed470/history.npz,nan,False
main,f08,f07,pigp_de,471,results/main/f07/pigp_de/seed471/history.npz,0.8857869505882263,True
main,f08,f07,pigp_de,472,results/main/f07/pigp_de/seed472/history.npz,nan,False
main,f08,f07,pigp_de,473,results/main/f07/pigp_de/seed473/history.npz,0.9962819218635559,True
main,f08,f07,pigp_de,474,results/main/f07/pigp_de/seed474/history.npz,nan,False
main,f08,f07,pigp_de,475,results/main/f07/pigp_de/seed475/history.npz,nan,False
main,f08,f07,pigp_de,476,results/main/f07/pigp_de/seed476/history.npz,0.7502772212028503,True
main,f08,f07,pigp_de,477,results/main/f07/pigp_de/seed477/history.npz,nan,False
main,f08,f07,pigp_de,478,results/main/f07/pigp_de/seed478/history.npz,nan,False
main,f08,f07,pigp_de,479,results/main/f07/pigp_de/seed479/history.npz,nan,False
main,f08,f07,pinn_de,450,results/main/f07/pinn_de/seed450/history.npz,nan,False
main,f08,f07,pinn_de,451,results/main/f07/pinn_de/seed451/history.npz,0.9969258308410645,True
main,f08,f07,pinn_de,452,results/main/f07/pinn_de/seed452/history.npz,0.99624103307724,True
main,f08,f07,pinn_de,453,results/main/f07/pinn_de/seed453/history.npz,0.7831164598464966,True
main,f08,f07,pinn_de,454,results/main/f07/pinn_de/seed454/history.npz,0.9105274081230164,True
main,f08,f07,pinn_de,455,results/main/f07/pinn_de/seed455/history.npz,0.997208297252655,True
main,f08,f07,pinn_de,456,results/main/f07/pinn_de/seed456/history.npz,nan,False
main,f08,f07,pinn_de,457,results/main/f07/pinn_de/seed457/history.npz,nan,False
main,f08,f07,pinn_de,458,results/main/f07/pinn_de/seed458/history.npz,nan,False
main,f08,f07,pinn_de,459,results/main/f07/pinn_de/seed459/history.npz,0.997078537940979,True
main,f08,f07,pinn_de,460,results/main/f07/pinn_de/seed460/history.npz,0.9963584542274475,True
main,f08,f07,pinn_de,461,results/main/f07/pinn_de/seed461/history.npz,0.9967201352119446,True
main,f08,f07,pinn_de,462,results/main/f07/pinn_de/seed462/history.npz,0.7515349984169006,True
main,f08,f07,pinn_de,463,results/main/f07/pinn_de/seed463/history.npz,0.8337447643280029,True
main,f08,f07,pinn_de,464,results/main/f07/pinn_de/seed464/history.npz,nan,False
main,f08,f07,pinn_de,465,results/main/f07/pinn_de/seed465/history.npz,0.9962633848190308,True
main,f08,f07,pinn_de,466,results/main/f07/pinn_de/seed466/history.npz,0.9969719052314758,True
main,f08,f07,pinn_de,467,results/main/f07/pinn_de/seed467/history.npz,nan,False
main,f08,f07,pinn_de,468,results/main/f07/pinn_de/seed468/history.npz,0.7801066637039185,True
main,f08,f07,pinn_de,469,results/main/f07/pinn_de/seed469/history.npz,0.9963263869285583,True
main,f08,f07,pinn_de,470,results/main/f07/pinn_de/seed470/history.npz,nan,False
main,f08,f07,pinn_de,471,results/main/f07/pinn_de/seed471/history.npz,0.9843508005142212,True
main,f08,f07,pinn_de,472,results/main/f07/pinn_de/seed472/history.npz,0.9972410202026367,True
main,f08,f07,pinn_de,473,results/main/f07/pinn_de/seed473/history.npz,0.9963651299476624,True
main,f08,f07,pinn_de,474,results/main/f07/pinn_de/seed474/history.npz,0.9966138005256653,True
main,f08,f07,pinn_de,475,results/main/f07/pinn_de/seed475/history.npz,0.9963471293449402,True
main,f08,f07,pinn_de,476,results/main/f07/pinn_de/seed476/history.npz,nan,False
main,f08,f07,pinn_de,477,results/main/f07/pinn_de/seed477/history.npz,0.9962350130081177,True
main,f08,f07,pinn_de,478,results/main/f07/pinn_de/seed478/history.npz,0.997032105922699,True
main,f08,f07,pinn_de,479,results/main/f07/pinn_de/seed479/history.npz,0.99623042345047,True
main,f08,f07,pino_de,450,results/main/f07/pino_de/seed450/history.npz,nan,False
main,f08,f07,pino_de,451,results/main/f07/pino_de/seed451/history.npz,nan,False
main,f08,f07,pino_de,452,results/main/f07/pino_de/seed452/history.npz,nan,False
main,f08,f07,pino_de,453,results/main/f07/pino_de/seed453/history.npz,nan,False
main,f08,f07,pino_de,454,results/main/f07/pino_de/seed454/history.npz,nan,False
main,f08,f07,pino_de,455,results/main/f07/pino_de/seed455/history.npz,0.9963099360466003,True
main,f08,f07,pino_de,456,results/main/f07/pino_de/seed456/history.npz,nan,False
main,f08,f07,pino_de,457,results/main/f07/pino_de/seed457/history.npz,nan,False
main,f08,f07,pino_de,458,results/main/f07/pino_de/seed458/history.npz,0.9802646636962891,True
main,f08,f07,pino_de,459,results/main/f07/pino_de/seed459/history.npz,0.9956932067871094,True
main,f08,f07,pino_de,460,results/main/f07/pino_de/seed460/history.npz,0.9962232112884521,True
main,f08,f07,pino_de,461,results/main/f07/pino_de/seed461/history.npz,0.9965627789497375,True
main,f08,f07,pino_de,462,results/main/f07/pino_de/seed462/history.npz,0.7830533981323242,True
main,f08,f07,pino_de,463,results/main/f07/pino_de/seed463/history.npz,0.9965803623199463,True
main,f08,f07,pino_de,464,results/main/f07/pino_de/seed464/history.npz,nan,False
main,f08,f07,pino_de,465,results/main/f07/pino_de/seed465/history.npz,nan,False
main,f08,f07,pino_de,466,results/main/f07/pino_de/seed466/history.npz,nan,False
main,f08,f07,pino_de,467,results/main/f07/pino_de/seed467/history.npz,0.9970160126686096,True
main,f08,f07,pino_de,468,results/main/f07/pino_de/seed468/history.npz,nan,False
main,f08,f07,pino_de,469,results/main/f07/pino_de/seed469/history.npz,nan,False
main,f08,f07,pino_de,470,results/main/f07/pino_de/seed470/history.npz,nan,False
main,f08,f07,pino_de,471,results/main/f07/pino_de/seed471/history.npz,0.9965644478797913,True
main,f08,f07,pino_de,472,results/main/f07/pino_de/seed472/history.npz,0.9962449073791504,True
main,f08,f07,pino_de,473,results/main/f07/pino_de/seed473/history.npz,nan,False
main,f08,f07,pino_de,474,results/main/f07/pino_de/seed474/history.npz,nan,False
main,f08,f07,pino_de,475,results/main/f07/pino_de/seed475/history.npz,nan,False
main,f08,f07,pino_de,476,results/main/f07/pino_de/seed476/history.npz,nan,False
main,f08,f07,pino_de,477,results/main/f07/pino_de/seed477/history.npz,nan,False
main,f08,f07,pino_de,478,results/main/f07/pino_de/seed478/history.npz,0.9962353110313416,True
main,f08,f07,pino_de,479,results/main/f07/pino_de/seed479/history.npz,0.8356514573097229,True
main,f08,f07,rbfn_de,450,results/main/f07/rbfn_de/seed450/history.npz,0.9138470888137817,True
main,f08,f07,rbfn_de,451,results/main/f07/rbfn_de/seed451/history.npz,nan,False
main,f08,f07,rbfn_de,452,results/main/f07/rbfn_de/seed452/history.npz,nan,False
main,f08,f07,rbfn_de,453,results/main/f07/rbfn_de/seed453/history.npz,nan,False
main,f08,f07,rbfn_de,454,results/main/f07/rbfn_de/seed454/history.npz,0.9978251457214355,True
main,f08,f07,rbfn_de,455,results/main/f07/rbfn_de/seed455/history.npz,nan,False
main,f08,f07,rbfn_de,456,results/main/f07/rbfn_de/seed456/history.npz,0.9962946772575378,True
main,f08,f07,rbfn_de,457,results/main/f07/rbfn_de/seed457/history.npz,nan,False
main,f08,f07,rbfn_de,458,results/main/f07/rbfn_de/seed458/history.npz,nan,False
main,f08,f07,rbfn_de,459,results/main/f07/rbfn_de/seed459/history.npz,nan,False
main,f08,f07,rbfn_de,460,results/main/f07/rbfn_de/seed460/history.npz,0.954805850982666,True
main,f08,f07,rbfn_de,461,results/main/f07/rbfn_de/seed461/history.npz,0.9976072311401367,True
main,f08,f07,rbfn_de,462,results/main/f07/rbfn_de/seed462/history.npz,0.9980036020278931,True
main,f08,f07,rbfn_de,463,results/main/f07/rbfn_de/seed463/history.npz,nan,False
main,f08,f07,rbfn_de,464,results/main/f07/rbfn_de/seed464/history.npz,nan,False
main,f08,f07,rbfn_de,465,results/main/f07/rbfn_de/seed465/history.npz,nan,False
main,f08,f07,rbfn_de,466,results/main/f07/rbfn_de/seed466/history.npz,0.9962418079376221,True
main,f08,f07,rbfn_de,467,results/main/f07/rbfn_de/seed467/history.npz,nan,False
main,f08,f07,rbfn_de,468,results/main/f07/rbfn_de/seed468/history.npz,nan,False
main,f08,f07,rbfn_de,469,results/main/f07/rbfn_de/seed469/history.npz,nan,False
main,f08,f07,rbfn_de,470,results/main/f07/rbfn_de/seed470/history.npz,nan,False
main,f08,f07,rbfn_de,471,results/main/f07/rbfn_de/seed471/history.npz,nan,False
main,f08,f07,rbfn_de,472,results/main/f07/rbfn_de/seed472/history.npz,nan,False
main,f08,f07,rbfn_de,473,results/main/f07/rbfn_de/seed473/history.npz,nan,False
main,f08,f07,rbfn_de,474,results/main/f07/rbfn_de/seed474/history.npz,nan,False
main,f08,f07,rbfn_de,475,results/main/f07/rbfn_de/seed475/history.npz,nan,False
main,f08,f07,rbfn_de,476,results/main/f07/rbfn_de/seed476/history.npz,nan,False
main,f08,f07,rbfn_de,477,results/main/f07/rbfn_de/seed477/history.npz,nan,False
main,f08,f07,rbfn_de,478,results/main/f07/rbfn_de/seed478/history.npz,0.9852663278579712,True
main,f08,f07,rbfn_de,479,results/main/f07/rbfn_de/seed479/history.npz,0.873343288898468,True
main,f09,f08,glosade,450,results/main/f08/glosade/seed450/history.npz,47.65670260379775,True
main,f09,f08,glosade,451,results/main/f08/glosade/seed451/history.npz,99.67871057093993,True
main,f09,f08,glosade,452,results/main/f08/glosade/seed452/history.npz,16.501865659090814,True
main,f09,f08,glosade,453,results/main/f08/glosade/seed453/history.npz,40.71080651014322,True
main,f09,f08,glosade,454,results/main/f08/glosade/seed454/history.npz,3.3433138096727006,True
main,f09,f08,glosade,455,results/main/f08/glosade/seed455/history.npz,15.875455608358314,True
main,f09,f08,glosade,456,results/main/f08/glosade/seed456/history.npz,18.274212065454662,True
main,f09,f08,glosade,457,results/main/f08/glosade/seed457/history.npz,3.5610925409951384,True
main,f09,f08,glosade,458,results/main/f08/glosade/seed458/history.npz,156.36600255038263,True
main,f09,f08,glosade,459,results/main/f08/glosade/seed459/history.npz,53.06308786524069,True
main,f09,f08,glosade,460,results/main/f08/glosade/seed460/history.npz,29.409689935546893,True
main,f09,f08,glosade,461,results/main/f08/glosade/seed461/history.npz,53.85256023821412,True
main,f09,f08,glosade,462,results/main/f08/glosade/seed462/history.npz,7.884197878277625,True
main,f09,f08,glosade,463,results/main/f08/glosade/seed463/history.npz,8.980176972551387,True
main,f09,f08,glosade,464,results/main/f08/glosade/seed464/history.npz,5.274798210074039,True
main,f09,f08,glosade,465,results/main/f08/glosade/seed465/history.npz,164.9010457096919,True
main,f09,f08,glosade,466,results/main/f08/glosade/seed466/history.npz,34.26079373620471,True
main,f09,f08,glosade,467,results/main/f08/glosade/seed467/history.npz,31.341546188430385,True
main,f09,f08,glosade,468,results/main/f08/glosade/seed468/history.npz,38.47234159266293,True
main,f09,f08,glosade,469,results/main/f08/glosade/seed469/history.npz,47.05848975365286,True
main,f09,f08,glosade,470,results/main/f08/glosade/seed470/history.npz,12.278098857992092,True
main,f09,f08,glosade,471,results/main/f08/glosade/seed471/history.npz,104.0350620063484,True
main,f09,f08,glosade,472,results/main/f08/glosade/seed472/history.npz,32.21328848441554,True
main,f09,f08,glosade,473,results/main/f08/glosade/seed473/history.npz,38.39002253200182,True
main,f09,f08,glosade,474,results/main/f08/glosade/seed474/history.npz,8.280344277174834,True
main,f09,f08,glosade,475,results/main/f08/glosade/seed475/history.npz,24.737391646551103,True
main,f09,f08,glosade,476,results/main/f08/glosade/seed476/history.npz,8.629232125045014,True
main,f09,f08,glosade,477,results/main/f08/glosade/seed477/history.npz,25.061048186785168,True
main,f09,f08,glosade,478,results/main/f08/glosade/seed478/history.npz,17.040319734086403,True
main,f09,f08,glosade,479,results/main/f08/glosade/seed479/history.npz,3.6581338297476496,True
main,f09,f08,gp_de,450,results/main/f08/gp_de/seed450/history.npz,109.82987797218999,True
main,f09,f08,gp_de,451,results/main/f08/gp_de/seed451/history.npz,26.201170336849245,True
main,f09,f08,gp_de,452,results/main/f08/gp_de/seed452/history.npz,91.11636476249114,True
main,f09,f08,gp_de,453,results/main/f08/gp_de/seed453/history.npz,34.19108452261725,True
main,f09,f08,gp_de,454,results/main/f08/gp_de/seed454/history.npz,9.137682976449101,True
main,f09,f08,gp_de,455,results/main/f08/gp_de/seed455/history.npz,456.7950229004995,True
main,f09,f08,gp_de,456,results/main/f08/gp_de/seed456/history.npz,283.7820683737291,True
main,f09,f08,gp_de,457,results/main/f08/gp_de/seed457/history.npz,183.34441035471346,True
main,f09,f08,gp_de,458,results/main/f08/gp_de/seed458/history.npz,21.534855147661645,True
main,f09,f08,gp_de,459,results/main/f08/gp_de/seed459/history.npz,172.31729407531134,True
main,f09,f08,gp_de,460,results/main/f08/gp_de/seed460/history.npz,91.90086513482706,True
main,f09,f08,gp_de,461,results/main/f08/gp_de/seed461/history.npz,244.5127951664397,True
main,f09,f08,gp_de,462,results/main/f08/gp_de/seed462/history.npz,42.74210353458116,True
main,f09,f08,gp_de,463,results/main/f08/gp_de/seed463/history.npz,27.66745244373857,True
main,f09,f08,gp_de,464,results/main/f08/gp_de/seed464/history.npz,35.55758592406314,True
main,f09,f08,gp_de,465,results/main/f08/gp_de/seed465/history.npz,222.26130599430147,True
main,f09,f08,gp_de,466,results/main/f08/gp_de/seed466/history.npz,44.54530283524458,True
main,f09,f08,gp_de,467,results/main/f08/gp_de/seed467/history.npz,8.305981800305675,True
main,f09,f08,gp_de,468,results/main/f08/gp_de/seed468/history.npz,40.32997178782039,True
main,f09,f08,gp_de,469,results/main/f08/gp_de/seed469/history.npz,30.692414208038905,True
main,f09,f08,gp_de,470,results/main/f08/gp_de/seed470/history.npz,13.679710805856848,True
main,f09,f08,gp_de,471,results/main/f08/gp_de/seed471/history.npz,19.247182217894146,True
main,f09,f08,gp_de,472,results/main/f08/gp_de/seed472/history.npz,94.4441724596535,True
main,f09,f08,gp_de,473,results/main/f08/gp_de/seed473/history.npz,9.442949199929322,True
main,f09,f08,gp_de,474,results/main/f08/gp_de/seed474/history.npz,26.345345499418944,True
main,f09,f08,gp_de,475,results/main/f08/gp_de/seed475/history.npz,34.664767154548194,True
main,f09,f08,gp_de,476,results/main/f08/gp_de/seed476/history.npz,200.04044480010407,True
main,f09,f08,gp_de,477,results/main/f08/gp_de/seed477/history.npz,45.50130471236531,True
main,f09,f08,gp_de,478,results/main/f08/gp_de/seed478/history.npz,43.930002834186354,True
main,f09,f08,gp_de,479,results/main/f08/gp_de/seed479/history.npz,414.6738809163217,True
main,f09,f08,ji_sade_grm,450,results/main/f08/ji_sade_grm/seed450/history.npz,3.0617784764497067,True
main,f09,f08,ji_sade_grm,451,results/main/f08/ji_sade_grm/seed451/history.npz,21.162868959039752,True
main,f09,f08,ji_sade_grm,452,results/main/f08/ji_sade_grm/seed452/history.npz,3.572691849999663,True
main,f09,f08,ji_sade_grm,453,results/main/f08/ji_sade_grm/seed453/history.npz,3.399556422145478,True
main,f09,f08,ji_sade_grm,454,results/main/f08/ji_sade_grm/seed454/history.npz,13.993914700965927,True
main,f09,f08,ji_sade_grm,455,results/main/f08/ji_sade_grm/seed455/history.npz,15.783984572803636,True
main,f09,f08,ji_sade_grm,456,results/main/f08/ji_sade_grm/seed456/history.npz,15.117238621683047,True
main,f09,f08,ji_sade_grm,457,results/main/f08/ji_sade_grm/seed457/history.npz,5.12488758829503,True
main,f09,f08,ji_sade_grm,458,results/main/f08/ji_sade_grm/seed458/history.npz,117.87639022092448,True
main,f09,f08,ji_sade_grm,459,results/main/f08/ji_sade_grm/seed459/history.npz,32.27769671910028,True
main,f09,f08,ji_sade_grm,460,results/main/f08/ji_sade_grm/seed460/history.npz,5.894625040087601,True
main,f09,f08,ji_sade_grm,461,results/main/f08/ji_sade_grm/seed461/history.npz,40.171625451398775,True
main,f09,f08,ji_sade_grm,462,results/main/f08/ji_sade_grm/seed462/history.npz,40.7431100064352,True
main,f09,f08,ji_sade_grm,463,results/main/f08/ji_sade_grm/seed463/history.npz,89.40961319274236,True
main,f09,f08,ji_sade_grm,464,results/main/f08/ji_sade_grm/seed464/history.npz,15.314544884761037,True
main,f09,f08,ji_sade_grm,465,results/main/f08/ji_sade_grm/seed465/history.npz,3.1393220648308886,True
main,f09,f08,ji_sade_grm,466,results/main/f08/ji_sade_grm/seed466/history.npz,20.9591377350225,True
main,f09,f08,ji_sade_grm,467,results/main/f08/ji_sade_grm/seed467/history.npz,220.64428970333242,True
main,f09,f08,ji_sade_grm,468,results/main/f08/ji_sade_grm/seed468/history.npz,23.66078514243141,True
main,f09,f08,ji_sade_grm,469,results/main/f08/ji_sade_grm/seed469/history.npz,12.641306618193846,True
main,f09,f08,ji_sade_grm,470,results/main/f08/ji_sade_grm/seed470/history.npz,27.30701877835834,True
main,f09,f08,ji_sade_grm,471,results/main/f08/ji_sade_grm/seed471/history.npz,14.942871186230832,True
main,f09,f08,ji_sade_grm,472,results/main/f08/ji_sade_grm/seed472/history.npz,7.053215758604381,True
main,f09,f08,ji_sade_grm,473,results/main/f08/ji_sade_grm/seed473/history.npz,29.466359026080497,True
main,f09,f08,ji_sade_grm,474,results/main/f08/ji_sade_grm/seed474/history.npz,50.20956546746586,True
main,f09,f08,ji_sade_grm,475,results/main/f08/ji_sade_grm/seed475/history.npz,14.254986041221347,True
main,f09,f08,ji_sade_grm,476,results/main/f08/ji_sade_grm/seed476/history.npz,4.440078380875968,True
main,f09,f08,ji_sade_grm,477,results/main/f08/ji_sade_grm/seed477/history.npz,210.0400569507677,True
main,f09,f08,ji_sade_grm,478,results/main/f08/ji_sade_grm/seed478/history.npz,10.4514468523968,True
main,f09,f08,ji_sade_grm,479,results/main/f08/ji_sade_grm/seed479/history.npz,203.2590220403044,True
main,f09,f08,mlp_de,450,results/main/f08/mlp_de/seed450/history.npz,109.82987797218999,True
main,f09,f08,mlp_de,451,results/main/f08/mlp_de/seed451/history.npz,26.201170336849245,True
main,f09,f08,mlp_de,452,results/main/f08/mlp_de/seed452/history.npz,91.11636476249114,True
main,f09,f08,mlp_de,453,results/main/f08/mlp_de/seed453/history.npz,34.19108452261725,True
main,f09,f08,mlp_de,454,results/main/f08/mlp_de/seed454/history.npz,9.137682976449101,True
main,f09,f08,mlp_de,455,results/main/f08/mlp_de/seed455/history.npz,344.24719376358496,True
main,f09,f08,mlp_de,456,results/main/f08/mlp_de/seed456/history.npz,7.7125015443613405,True
main,f09,f08,mlp_de,457,results/main/f08/mlp_de/seed457/history.npz,183.34441035471346,True
main,f09,f08,mlp_de,458,results/main/f08/mlp_de/seed458/history.npz,249.32808080200047,True
main,f09,f08,mlp_de,459,results/main/f08/mlp_de/seed459/history.npz,172.31729407531134,True
main,f09,f08,mlp_de,460,results/main/f08/mlp_de/seed460/history.npz,91.90086513482706,True
main,f09,f08,mlp_de,461,results/main/f08/mlp_de/seed461/history.npz,351.75462408840633,True
main,f09,f08,mlp_de,462,results/main/f08/mlp_de/seed462/history.npz,3.1411345029145625,True
main,f09,f08,mlp_de,463,results/main/f08/mlp_de/seed463/history.npz,27.66745244373857,True
main,f09,f08,mlp_de,464,results/main/f08/mlp_de/seed464/history.npz,35.55758592406314,True
main,f09,f08,mlp_de,465,results/main/f08/mlp_de/seed465/history.npz,222.26130599430147,True
main,f09,f08,mlp_de,466,results/main/f08/mlp_de/seed466/history.npz,20.93300794253325,True
main,f09,f08,mlp_de,467,results/main/f08/mlp_de/seed467/history.npz,154.46352710944356,True
main,f09,f08,mlp_de,468,results/main/f08/mlp_de/seed468/history.npz,29.878592869802567,True
main,f09,f08,mlp_de,469,results/main/f08/mlp_de/seed469/history.npz,582.3919088705848,True
main,f09,f08,mlp_de,470,results/main/f08/mlp_de/seed470/history.npz,13.679710805856848,True
main,f09,f08,mlp_de,471,results/main/f08/mlp_de/seed471/history.npz,19.247182217894146,True
main,f09,f08,mlp_de,472,results/main/f08/mlp_de/seed472/history.npz,94.4441724596535,True
main,f09,f08,mlp_de,473,results/main/f08/mlp_de/seed473/history.npz,9.442949199929322,True
main,f09,f08,mlp_de,474,results/main/f08/mlp_de/seed474/history.npz,10.03175280581259,True
main,f09,f08,mlp_de,475,results/main/f08/mlp_de/seed475/history.npz,34.664767154548194,True
main,f09,f08,mlp_de,476,results/main/f08/mlp_de/seed476/history.npz,200.04044480010407,True
main,f09,f08,mlp_de,477,results/main/f08/mlp_de/seed477/history.npz,45.50130471236531,True
main,f09,f08,mlp_de,478,results/main/f08/mlp_de/seed478/history.npz,43.930002834186354,True
main,f09,f08,mlp_de,479,results/main/f08/mlp_de/seed479/history.npz,381.83665752674364,True
main,f09,f08,pigp_de,450,results/main/f08/pigp_de/seed450/history.npz,19.732108589147725,True
main,f09,f08,pigp_de,451,results/main/f08/pigp_de/seed451/history.npz,26.201170336849245,True
main,f09,f08,pigp_de,452,results/main/f08/pigp_de/seed452/history.npz,91.11636476249114,True
main,f09,f08,pigp_de,453,results/main/f08/pigp_de/seed453/history.npz,26.172726906394892,True
main,f09,f08,pigp_de,454,results/main/f08/pigp_de/seed454/history.npz,9.137682976449101,True
main,f09,f08,pigp_de,455,results/main/f08/pigp_de/seed455/history.npz,254.91949003117836,True
main,f09,f08,pigp_de,456,results/main/f08/pigp_de/seed456/history.npz,12.442197520094172,True
main,f09,f08,pigp_de,457,results/main/f08/pigp_de/seed457/history.npz,183.34441035471346,True
main,f09,f08,pigp_de,458,results/main/f08/pigp_de/seed458/history.npz,12.140098035063183,True
main,f09,f08,pigp_de,459,results/main/f08/pigp_de/seed459/history.npz,34.37388485822056,True
main,f09,f08,pigp_de,460,results/main/f08/pigp_de/seed460/history.npz,91.90086513482706,True
main,f09,f08,pigp_de,461,results/main/f08/pigp_de/seed461/history.npz,3.4505347289566863,True
main,f09,f08,pigp_de,462,results/main/f08/pigp_de/seed462/history.npz,42.74210353458116,True
main,f09,f08,pigp_de,463,results/main/f08/pigp_de/seed463/history.npz,16.3061730720838,True
main,f09,f08,pigp_de,464,results/main/f08/pigp_de/seed464/history.npz,18.468460213810307,True
main,f09,f08,pigp_de,465,results/main/f08/pigp_de/seed465/history.npz,5.745337256301195,True
main,f09,f08,pigp_de,466,results/main/f08/pigp_de/seed466/history.npz,44.54530283524458,True
main,f09,f08,pigp_de,467,results/main/f08/pigp_de/seed467/history.npz,5.600745694926505,True
main,f09,f08,pigp_de,468,results/main/f08/pigp_de/seed468/history.npz,40.32997178782039,True
main,f09,f08,pigp_de,469,results/main/f08/pigp_de/seed469/history.npz,42.61280471201608,True
main,f09,f08,pigp_de,470,results/main/f08/pigp_de/seed470/history.npz,13.679710805856848,True
main,f09,f08,pigp_de,471,results/main/f08/pigp_de/seed471/history.npz,19.247182217894146,True
main,f09,f08,pigp_de,472,results/main/f08/pigp_de/seed472/history.npz,94.4441724596535,True
main,f09,f08,pigp_de,473,results/main/f08/pigp_de/seed473/history.npz,9.442949199929322,True
main,f09,f08,pigp_de,474,results/main/f08/pigp_de/seed474/history.npz,14.358401948573029,True
main,f09,f08,pigp_de,475,results/main/f08/pigp_de/seed475/history.npz,34.664767154548194,True
main,f09,f08,pigp_de,476,results/main/f08/pigp_de/seed476/history.npz,156.68240010964283,True
main,f09,f08,pigp_de,477,results/main/f08/pigp_de/seed477/history.npz,38.381577266668245,True
main,f09,f08,pigp_de,478,results/main/f08/pigp_de/seed478/history.npz,4.21386359078138,True
main,f09,f08,pigp_de,479,results/main/f08/pigp_de/seed479/history.npz,54.785721179345835,True
main,f09,f08,pinn_de,450,results/main/f08/pinn_de/seed450/history.npz,72.68391227242057,True
main,f09,f08,pinn_de,451,results/main/f08/pinn_de/seed451/history.npz,3.1228005424490677,True
main,f09,f08,pinn_de,452,results/main/f08/pinn_de/seed452/history.npz,15.420243386809043,True
main,f09,f08,pinn_de,453,results/main/f08/pinn_de/seed453/history.npz,34.19108452261725,True
main,f09,f08,pinn_de,454,results/main/f08/pinn_de/seed454/history.npz,9.137682976449101,True
main,f09,f08,pinn_de,455,results/main/f08/pinn_de/seed455/history.npz,28.164232050123704,True
main,f09,f08,pinn_de,456,results/main/f08/pinn_de/seed456/history.npz,8.063579806930383,True
main,f09,f08,pinn_de,457,results/main/f08/pinn_de/seed457/history.npz,183.34441035471346,True
main,f09,f08,pinn_de,458,results/main/f08/pinn_de/seed458/history.npz,10.040064719629818,True
main,f09,f08,pinn_de,459,results/main/f08/pinn_de/seed459/history.npz,31.169027912518366,True
main,f09,f08,pinn_de,460,results/main/f08/pinn_de/seed460/history.npz,12.069627604709655,True
main,f09,f08,pinn_de,461,results/main/f08/pinn_de/seed461/history.npz,35.29257417819082,True
main,f09,f08,pinn_de,462,results/main/f08/pinn_de/seed462/history.npz,7.611578017192184,True
main,f09,f08,pinn_de,463,results/main/f08/pinn_de/seed463/history.npz,6.4299134298612355,True
main,f09,f08,pinn_de,464,results/main/f08/pinn_de/seed464/history.npz,4.4125766216078555,True
main,f09,f08,pinn_de,465,results/main/f08/pinn_de/seed465/history.npz,3.5776838665623454,True
main,f09,f08,pinn_de,466,results/main/f08/pinn_de/seed466/history.npz,5.0772812274886086,True
main,f09,f08,pinn_de,467,results/main/f08/pinn_de/seed467/history.npz,14.474162719392305,True
main,f09,f08,pinn_de,468,results/main/f08/pinn_de/seed468/history.npz,38.62481672823769,True
main,f09,f08,pinn_de,469,results/main/f08/pinn_de/seed469/history.npz,253.78365491416173,True
main,f09,f08,pinn_de,470,results/main/f08/pinn_de/seed470/history.npz,13.679710805856848,True
main,f09,f08,pinn_de,471,results/main/f08/pinn_de/seed471/history.npz,4.224062746004758,True
main,f09,f08,pinn_de,472,results/main/f08/pinn_de/seed472/history.npz,33.314091809676626,True
main,f09,f08,pinn_de,473,results/main/f08/pinn_de/seed473/history.npz,3.4821077721601514,True
main,f09,f08,pinn_de,474,results/main/f08/pinn_de/seed474/history.npz,24.78772329384764,True
main,f09,f08,pinn_de,475,results/main/f08/pinn_de/seed475/history.npz,3.0803371586096953,True
main,f09,f08,pinn_de,476,results/main/f08/pinn_de/seed476/history.npz,36.24410502450029,True
main,f09,f08,pinn_de,477,results/main/f08/pinn_de/seed477/history.npz,24.862839565033664,True
main,f09,f08,pinn_de,478,results/main/f08/pinn_de/seed478/history.npz,33.944618965274074,True
main,f09,f08,pinn_de,479,results/main/f08/pinn_de/seed479/history.npz,34.409494971956285,True
main,f09,f08,pino_de,450,results/main/f08/pino_de/seed450/history.npz,83.518308376981,True
main,f09,f08,pino_de,451,results/main/f08/pino_de/seed451/history.npz,20.00441352367739,True
main,f09,f08,pino_de,452,results/main/f08/pino_de/seed452/history.npz,91.11636476249114,True
main,f09,f08,pino_de,453,results/main/f08/pino_de/seed453/history.npz,3.0196263016988647,True
main,f09,f08,pino_de,454,results/main/f08/pino_de/seed454/history.npz,4.185497453581786,True
main,f09,f08,pino_de,455,results/main/f08/pino_de/seed455/history.npz,5.2911876184745275,True
main,f09,f08,pino_de,456,results/main/f08/pino_de/seed456/history.npz,12.586858857000397,True
main,f09,f08,pino_de,457,results/main/f08/pino_de/seed457/history.npz,3.100978033193513,True
main,f09,f08,pino_de,458,results/main/f08/pino_de/seed458/history.npz,5.574264951085676,True
main,f09,f08,pino_de,459,results/main/f08/pino_de/seed459/history.npz,172.31729407531134,True
main,f09,f08,pino_de,460,results/main/f08/pino_de/seed460/history.npz,3.1034615568504895,True
main,f09,f08,pino_de,461,results/main/f08/pino_de/seed461/history.npz,351.75462408840633,True
main,f09,f08,pino_de,462,results/main/f08/pino_de/seed462/history.npz,42.74210353458116,True
main,f09,f08,pino_de,463,results/main/f08/pino_de/seed463/history.npz,27.66745244373857,True
main,f09,f08,pino_de,464,results/main/f08/pino_de/seed464/history.npz,3.200963921189712,True
main,f09,f08,pino_de,465,results/main/f08/pino_de/seed465/history.npz,8.400197848208359,True
main,f09,f08,pino_de,466,results/main/f08/pino_de/seed466/history.npz,44.54530283524458,True
main,f09,f08,pino_de,467,results/main/f08/pino_de/seed467/history.npz,92.78033738910412,True
main,f09,f08,pino_de,468,results/main/f08/pino_de/seed468/history.npz,40.32997178782039,True
main,f09,f08,pino_de,469,results/main/f08/pino_de/seed469/history.npz,45.2036199346088,True
main,f09,f08,pino_de,470,results/main/f08/pino_de/seed470/history.npz,13.679710805856848,True
main,f09,f08,pino_de,471,results/main/f08/pino_de/seed471/history.npz,3.0796126401524675,True
main,f09,f08,pino_de,472,results/main/f08/pino_de/seed472/history.npz,94.4441724596535,True
main,f09,f08,pino_de,473,results/main/f08/pino_de/seed473/history.npz,9.442949199929322,True
main,f09,f08,pino_de,474,results/main/f08/pino_de/seed474/history.npz,26.345345499418944,True
main,f09,f08,pino_de,475,results/main/f08/pino_de/seed475/history.npz,34.664767154548194,True
main,f09,f08,pino_de,476,results/main/f08/pino_de/seed476/history.npz,200.04044480010407,True
main,f09,f08,pino_de,477,results/main/f08/pino_de/seed477/history.npz,7.8893415937030635,True
main,f09,f08,pino_de,478,results/main/f08/pino_de/seed478/history.npz,7.19502897671127,True
main,f09,f08,pino_de,479,results/main/f08/pino_de/seed479/history.npz,414.6738809163217,True
main,f09,f08,rbfn_de,450,results/main/f08/rbfn_de/seed450/history.npz,109.82987797218999,True
main,f09,f08,rbfn_de,451,results/main/f08/rbfn_de/seed451/history.npz,26.201170336849245,True
main,f09,f08,rbfn_de,452,results/main/f08/rbfn_de/seed452/history.npz,24.66397315443168,True
main,f09,f08,rbfn_de,453,results/main/f08/rbfn_de/seed453/history.npz,12.24568583818049,True
main,f09,f08,rbfn_de,454,results/main/f08/rbfn_de/seed454/history.npz,9.137682976449101,True
main,f09,f08,rbfn_de,455,results/main/f08/rbfn_de/seed455/history.npz,210.03431863575028,True
main,f09,f08,rbfn_de,456,results/main/f08/rbfn_de/seed456/history.npz,490.4779143137643,True
main,f09,f08,rbfn_de,457,results/main/f08/rbfn_de/seed457/history.npz,183.34441035471346,True
main,f09,f08,rbfn_de,458,results/main/f08/rbfn_de/seed458/history.npz,27.074938582953596,True
main,f09,f08,rbfn_de,459,results/main/f08/rbfn_de/seed459/history.npz,16.48450104601714,True
main,f09,f08,rbfn_de,460,results/main/f08/rbfn_de/seed460/history.npz,91.90086513482706,True
main,f09,f08,rbfn_de,461,results/main/f08/rbfn_de/seed461/history.npz,339.888647162555,True
main,f09,f08,rbfn_de,462,results/main/f08/rbfn_de/seed462/history.npz,42.74210353458116,True
main,f09,f08,rbfn_de,463,results/main/f08/rbfn_de/seed463/history.npz,27.66745244373857,True
main,f09,f08,rbfn_de,464,results/main/f08/rbfn_de/seed464/history.npz,35.55758592406314,True
main,f09,f08,rbfn_de,465,results/main/f08/rbfn_de/seed465/history.npz,5.082749575452254,True
main,f09,f08,rbfn_de,466,results/main/f08/rbfn_de/seed466/history.npz,44.54530283524458,True
main,f09,f08,rbfn_de,467,results/main/f08/rbfn_de/seed467/history.npz,18.491213150876053,True
main,f09,f08,rbfn_de,468,results/main/f08/rbfn_de/seed468/history.npz,40.32997178782039,True
main,f09,f08,rbfn_de,469,results/main/f08/rbfn_de/seed469/history.npz,37.9533329526583,True
main,f09,f08,rbfn_de,470,results/main/f08/rbfn_de/seed470/history.npz,13.679710805856848,True
main,f09,f08,rbfn_de,471,results/main/f08/rbfn_de/seed471/history.npz,19.247182217894146,True
main,f09,f08,rbfn_de,472,results/main/f08/rbfn_de/seed472/history.npz,18.42045204080659,True
main,f09,f08,rbfn_de,473,results/main/f08/rbfn_de/seed473/history.npz,6.007527625770266,True
main,f09,f08,rbfn_de,474,results/main/f08/rbfn_de/seed474/history.npz,26.345345499418944,True
main,f09,f08,rbfn_de,475,results/main/f08/rbfn_de/seed475/history.npz,34.664767154548194,True
main,f09,f08,rbfn_de,476,results/main/f08/rbfn_de/seed476/history.npz,200.04044480010407,True
main,f09,f08,rbfn_de,477,results/main/f08/rbfn_de/seed477/history.npz,45.50130471236531,True
main,f09,f08,rbfn_de,478,results/main/f08/rbfn_de/seed478/history.npz,43.930002834186354,True
main,f09,f08,rbfn_de,479,results/main/f08/rbfn_de/seed479/history.npz,85.10736154296954,True
main,f10,f09,glosade,450,results/main/f09/glosade/seed450/history.npz,0.020928130034981632,True
main,f10,f09,glosade,451,results/main/f09/glosade/seed451/history.npz,0.022165644977594927,True
main,f10,f09,glosade,452,results/main/f09/glosade/seed452/history.npz,0.12144692627236539,True
main,f10,f09,glosade,453,results/main/f09/glosade/seed453/history.npz,0.033876490074217586,True
main,f10,f09,glosade,454,results/main/f09/glosade/seed454/history.npz,0.23314841860549915,True
main,f10,f09,glosade,455,results/main/f09/glosade/seed455/history.npz,0.022265820391801448,True
main,f10,f09,glosade,456,results/main/f09/glosade/seed456/history.npz,0.006082159606615215,True
main,f10,f09,glosade,457,results/main/f09/glosade/seed457/history.npz,0.4425603601414964,True
main,f10,f09,glosade,458,results/main/f09/glosade/seed458/history.npz,0.03313644629976286,True
main,f10,f09,glosade,459,results/main/f09/glosade/seed459/history.npz,0.07575805327729415,True
main,f10,f09,glosade,460,results/main/f09/glosade/seed460/history.npz,0.2007272136330194,True
main,f10,f09,glosade,461,results/main/f09/glosade/seed461/history.npz,0.050596526738050915,True
main,f10,f09,glosade,462,results/main/f09/glosade/seed462/history.npz,0.26386909127897185,True
main,f10,f09,glosade,463,results/main/f09/glosade/seed463/history.npz,0.03831405223500452,True
main,f10,f09,glosade,464,results/main/f09/glosade/seed464/history.npz,0.4199779550527586,True
main,f10,f09,glosade,465,results/main/f09/glosade/seed465/history.npz,0.05577569847932697,True
main,f10,f09,glosade,466,results/main/f09/glosade/seed466/history.npz,0.037739523240057034,True
main,f10,f09,glosade,467,results/main/f09/glosade/seed467/history.npz,1.8032641629951776,True
main,f10,f09,glosade,468,results/main/f09/glosade/seed468/history.npz,0.03930832191479095,True
main,f10,f09,glosade,469,results/main/f09/glosade/seed469/history.npz,0.9968728075909127,True
main,f10,f09,glosade,470,results/main/f09/glosade/seed470/history.npz,0.10959858777627364,True
main,f10,f09,glosade,471,results/main/f09/glosade/seed471/history.npz,0.07309476415435592,True
main,f10,f09,glosade,472,results/main/f09/glosade/seed472/history.npz,0.06052188487049464,True
main,f10,f09,glosade,473,results/main/f09/glosade/seed473/history.npz,0.040688046930732705,True
main,f10,f09,glosade,474,results/main/f09/glosade/seed474/history.npz,0.1978423510548771,True
main,f10,f09,glosade,475,results/main/f09/glosade/seed475/history.npz,0.1582641187369172,True
main,f10,f09,glosade,476,results/main/f09/glosade/seed476/history.npz,0.0855414074107772,True
main,f10,f09,glosade,477,results/main/f09/glosade/seed477/history.npz,0.24035550508152675,True
main,f10,f09,glosade,478,results/main/f09/glosade/seed478/history.npz,0.4539888355771469,True
main,f10,f09,glosade,479,results/main/f09/glosade/seed479/history.npz,0.14116965550797447,True
main,f10,f09,gp_de,450,results/main/f09/gp_de/seed450/history.npz,0.4419907990500965,True
main,f10,f09,gp_de,451,results/main/f09/gp_de/seed451/history.npz,0.21599071354238933,True
main,f10,f09,gp_de,452,results/main/f09/gp_de/seed452/history.npz,0.4482548856224187,True
main,f10,f09,gp_de,453,results/main/f09/gp_de/seed453/history.npz,1.0121886824327884,True
main,f10,f09,gp_de,454,results/main/f09/gp_de/seed454/history.npz,4.094133291224565,True
main,f10,f09,gp_de,455,results/main/f09/gp_de/seed455/history.npz,3.4029527931202708,True
main,f10,f09,gp_de,456,results/main/f09/gp_de/seed456/history.npz,0.8106570438017119,True
main,f10,f09,gp_de,457,results/main/f09/gp_de/seed457/history.npz,0.03840535398389033,True
main,f10,f09,gp_de,458,results/main/f09/gp_de/seed458/history.npz,0.0743275799753682,True
main,f10,f09,gp_de,459,results/main/f09/gp_de/seed459/history.npz,0.06422973530298413,True
main,f10,f09,gp_de,460,results/main/f09/gp_de/seed460/history.npz,0.5630521288582262,True
main,f10,f09,gp_de,461,results/main/f09/gp_de/seed461/history.npz,0.27848624582046644,True
main,f10,f09,gp_de,462,results/main/f09/gp_de/seed462/history.npz,0.9274736465420421,True
main,f10,f09,gp_de,463,results/main/f09/gp_de/seed463/history.npz,0.040806719198628466,True
main,f10,f09,gp_de,464,results/main/f09/gp_de/seed464/history.npz,10.724835962746273,True
main,f10,f09,gp_de,465,results/main/f09/gp_de/seed465/history.npz,0.47873288570134376,True
main,f10,f09,gp_de,466,results/main/f09/gp_de/seed466/history.npz,2.195290939010863,True
main,f10,f09,gp_de,467,results/main/f09/gp_de/seed467/history.npz,1.4674533494723043,True
main,f10,f09,gp_de,468,results/main/f09/gp_de/seed468/history.npz,4.01973343873538,True
main,f10,f09,gp_de,469,results/main/f09/gp_de/seed469/history.npz,2.9886843382291817,True
main,f10,f09,gp_de,470,results/main/f09/gp_de/seed470/history.npz,9.76550913100825,True
main,f10,f09,gp_de,471,results/main/f09/gp_de/seed471/history.npz,0.4615134128557475,True
main,f10,f09,gp_de,472,results/main/f09/gp_de/seed472/history.npz,1.583094684302886,True
main,f10,f09,gp_de,473,results/main/f09/gp_de/seed473/history.npz,14.99810743591687,True
main,f10,f09,gp_de,474,results/main/f09/gp_de/seed474/history.npz,0.2357366690677805,True
main,f10,f09,gp_de,475,results/main/f09/gp_de/seed475/history.npz,0.026086355434939763,True
main,f10,f09,gp_de,476,results/main/f09/gp_de/seed476/history.npz,0.15379462849825273,True
main,f10,f09,gp_de,477,results/main/f09/gp_de/seed477/history.npz,0.11454388573511082,True
main,f10,f09,gp_de,478,results/main/f09/gp_de/seed478/history.npz,0.047188579610743395,True
main,f10,f09,gp_de,479,results/main/f09/gp_de/seed479/history.npz,0.14561004582556847,True
main,f10,f09,ji_sade_grm,450,results/main/f09/ji_sade_grm/seed450/history.npz,0.017408617545563887,True
main,f10,f09,ji_sade_grm,451,results/main/f09/ji_sade_grm/seed451/history.npz,0.0021997828308869317,True
main,f10,f09,ji_sade_grm,452,results/main/f09/ji_sade_grm/seed452/history.npz,0.05059609851970175,True
main,f10,f09,ji_sade_grm,453,results/main/f09/ji_sade_grm/seed453/history.npz,0.05059609837946794,True
main,f10,f09,ji_sade_grm,454,results/main/f09/ji_sade_grm/seed454/history.npz,0.0009498579713064848,True
main,f10,f09,ji_sade_grm,455,results/main/f09/ji_sade_grm/seed455/history.npz,0.05059609993336913,True
main,f10,f09,ji_sade_grm,456,results/main/f09/ji_sade_grm/seed456/history.npz,0.05059619816399908,True
main,f10,f09,ji_sade_grm,457,results/main/f09/ji_sade_grm/seed457/history.npz,2.8014568616358693e-05,True
main,f10,f09,ji_sade_grm,458,results/main/f09/ji_sade_grm/seed458/history.npz,0.06662853799277263,True
main,f10,f09,ji_sade_grm,459,results/main/f09/ji_sade_grm/seed459/history.npz,0.10997642968028927,True
main,f10,f09,ji_sade_grm,460,results/main/f09/ji_sade_grm/seed460/history.npz,0.010450847733124647,True
main,f10,f09,ji_sade_grm,461,results/main/f09/ji_sade_grm/seed461/history.npz,0.08045631384592698,True
main,f10,f09,ji_sade_grm,462,results/main/f09/ji_sade_grm/seed462/history.npz,0.06796575834788479,True
main,f10,f09,ji_sade_grm,463,results/main/f09/ji_sade_grm/seed463/history.npz,0.035222632683986455,True
main,f10,f09,ji_sade_grm,464,results/main/f09/ji_sade_grm/seed464/history.npz,0.05059609846930751,True
main,f10,f09,ji_sade_grm,465,results/main/f09/ji_sade_grm/seed465/history.npz,0.00013139143050685154,True
main,f10,f09,ji_sade_grm,466,results/main/f09/ji_sade_grm/seed466/history.npz,0.050596098688861404,True
main,f10,f09,ji_sade_grm,467,results/main/f09/ji_sade_grm/seed467/history.npz,0.0026269718455546286,True
main,f10,f09,ji_sade_grm,468,results/main/f09/ji_sade_grm/seed468/history.npz,0.003158463392836786,True
main,f10,f09,ji_sade_grm,469,results/main/f09/ji_sade_grm/seed469/history.npz,0.00589052548047721,True
main,f10,f09,ji_sade_grm,470,results/main/f09/ji_sade_grm/seed470/history.npz,0.1248196459485968,True
main,f10,f09,ji_sade_grm,471,results/main/f09/ji_sade_grm/seed471/history.npz,0.12594971279742392,True
main,f10,f09,ji_sade_grm,472,results/main/f09/ji_sade_grm/seed472/history.npz,0.022081058796897476,True
main,f10,f09,ji_sade_grm,473,results/main/f09/ji_sade_grm/seed473/history.npz,0.007243477438098826,True
main,f10,f09,ji_sade_grm,474,results/main/f09/ji_sade_grm/seed474/history.npz,0.05059609843141143,True
main,f10,f09,ji_sade_grm,475,results/main/f09/ji_sade_grm/seed475/history.npz,0.0031843797000651944,True
main,f10,f09,ji_sade_grm,476,results/main/f09/ji_sade_grm/seed476/history.npz,0.003333213561715092,True
main,f10,f09,ji_sade_grm,477,results/main/f09/ji_sade_grm/seed477/history.npz,0.007365892695047025,True
main,f10,f09,ji_sade_grm,478,results/main/f09/ji_sade_grm/seed478/history.npz,0.015769831681946397,True
main,f10,f09,ji_sade_grm,479,results/main/f09/ji_sade_grm/seed479/history.npz,0.022217702621777496,True
main,f10,f09,mlp_de,450,results/main/f09/mlp_de/seed450/history.npz,0.0223097010661976,True
main,f10,f09,mlp_de,451,results/main/f09/mlp_de/seed451/history.npz,0.0002034076873484236,True
main,f10,f09,mlp_de,452,results/main/f09/mlp_de/seed452/history.npz,0.027888425844942936,True
main,f10,f09,mlp_de,453,results/main/f09/mlp_de/seed453/history.npz,1.0121886824327884,True
main,f10,f09,mlp_de,454,results/main/f09/mlp_de/seed454/history.npz,1.5892609471181665,True
main,f10,f09,mlp_de,455,results/main/f09/mlp_de/seed455/history.npz,3.4029527931202708,True
main,f10,f09,mlp_de,456,results/main/f09/mlp_de/seed456/history.npz,0.8106570438017119,True
main,f10,f09,mlp_de,457,results/main/f09/mlp_de/seed457/history.npz,0.03840535398389033,True
main,f10,f09,mlp_de,458,results/main/f09/mlp_de/seed458/history.npz,0.0743275799753682,True
main,f10,f09,mlp_de,459,results/main/f09/mlp_de/seed459/history.npz,0.006573551860113224,True
main,f10,f09,mlp_de,460,results/main/f09/mlp_de/seed460/history.npz,0.00655690983881895,True
main,f10,f09,mlp_de,461,results/main/f09/mlp_de/seed461/history.npz,0.025917827574069567,True
main,f10,f09,mlp_de,462,results/main/f09/mlp_de/seed462/history.npz,0.6242564561301842,True
main,f10,f09,mlp_de,463,results/main/f09/mlp_de/seed463/history.npz,0.040806719198628466,True
main,f10,f09,mlp_de,464,results/main/f09/mlp_de/seed464/history.npz,10.724835962746273,True
main,f10,f09,mlp_de,465,results/main/f09/mlp_de/seed465/history.npz,0.19096042616005454,True
main,f10,f09,mlp_de,466,results/main/f09/mlp_de/seed466/history.npz,0.04301789699119615,True
main,f10,f09,mlp_de,467,results/main/f09/mlp_de/seed467/history.npz,0.7988091946102932,True
main,f10,f09,mlp_de,468,results/main/f09/mlp_de/seed468/history.npz,0.8764286181271926,True
main,f10,f09,mlp_de,469,results/main/f09/mlp_de/seed469/history.npz,0.19049217641148541,True
main,f10,f09,mlp_de,470,results/main/f09/mlp_de/seed470/history.npz,8.237852307938637,True
main,f10,f09,mlp_de,471,results/main/f09/mlp_de/seed471/history.npz,0.020740857391215974,True
main,f10,f09,mlp_de,472,results/main/f09/mlp_de/seed472/history.npz,0.002176123700961464,True
main,f10,f09,mlp_de,473,results/main/f09/mlp_de/seed473/history.npz,0.181112650590546,True
main,f10,f09,mlp_de,474,results/main/f09/mlp_de/seed474/history.npz,0.2357366690677805,True
main,f10,f09,mlp_de,475,results/main/f09/mlp_de/seed475/history.npz,0.026086355434939763,True
main,f10,f09,mlp_de,476,results/main/f09/mlp_de/seed476/history.npz,0.0860758447983988,True
main,f10,f09,mlp_de,477,results/main/f09/mlp_de/seed477/history.npz,0.11454388573511082,True
main,f10,f09,mlp_de,478,results/main/f09/mlp_de/seed478/history.npz,0.047188579610743395,True
main,f10,f09,mlp_de,479,results/main/f09/mlp_de/seed479/history.npz,0.14561004582556847,True
main,f10,f09,pigp_de,450,results/main/f09/pigp_de/seed450/history.npz,0.43708309225395825,True
main,f10,f09,pigp_de,451,results/main/f09/pigp_de/seed451/history.npz,0.04965628382072039,True
main,f10,f09,pigp_de,452,results/main/f09/pigp_de/seed452/history.npz,0.4482548856224187,True
main,f10,f09,pigp_de,453,results/main/f09/pigp_de/seed453/history.npz,0.1706968908327926,True
main,f10,f09,pigp_de,454,results/main/f09/pigp_de/seed454/history.npz,0.16685059548102066,True
main,f10,f09,pigp_de,455,results/main/f09/pigp_de/seed455/history.npz,0.08567477363797124,True
main,f10,f09,pigp_de,456,results/main/f09/pigp_de/seed456/history.npz,0.8106570438017119,True
main,f10,f09,pigp_de,457,results/main/f09/pigp_de/seed457/history.npz,0.03840535398389033,True
main,f10,f09,pigp_de,458,results/main/f09/pigp_de/seed458/history.npz,0.0743275799753682,True
main,f10,f09,pigp_de,459,results/main/f09/pigp_de/seed459/history.npz,0.16502500959021935,True
main,f10,f09,pigp_de,460,results/main/f09/pigp_de/seed460/history.npz,0.08179607110290033,True
main,f10,f09,pigp_de,461,results/main/f09/pigp_de/seed461/history.npz,0.009278971573823899,True
main,f10,f09,pigp_de,462,results/main/f09/pigp_de/seed462/history.npz,0.1234977768667569,True
main,f10,f09,pigp_de,463,results/main/f09/pigp_de/seed463/history.npz,0.040806719198628466,True
main,f10,f09,pigp_de,464,results/main/f09/pigp_de/seed464/history.npz,9.521627865686916,True
main,f10,f09,pigp_de,465,results/main/f09/pigp_de/seed465/history.npz,0.47873288570134376,True
main,f10,f09,pigp_de,466,results/main/f09/pigp_de/seed466/history.npz,2.195290939010863,True
main,f10,f09,pigp_de,467,results/main/f09/pigp_de/seed467/history.npz,1.4674533494723043,True
main,f10,f09,pigp_de,468,results/main/f09/pigp_de/seed468/history.npz,2.910809586771208,True
main,f10,f09,pigp_de,469,results/main/f09/pigp_de/seed469/history.npz,0.14068086850400277,True
main,f10,f09,pigp_de,470,results/main/f09/pigp_de/seed470/history.npz,3.0075231672916383,True
main,f10,f09,pigp_de,471,results/main/f09/pigp_de/seed471/history.npz,0.4615134128557475,True
main,f10,f09,pigp_de,472,results/main/f09/pigp_de/seed472/history.npz,1.583094684302886,True
main,f10,f09,pigp_de,473,results/main/f09/pigp_de/seed473/history.npz,13.807764874018465,True
main,f10,f09,pigp_de,474,results/main/f09/pigp_de/seed474/history.npz,0.2357366690677805,True
main,f10,f09,pigp_de,475,results/main/f09/pigp_de/seed475/history.npz,0.026086355434939763,True
main,f10,f09,pigp_de,476,results/main/f09/pigp_de/seed476/history.npz,0.04310110386571243,True
main,f10,f09,pigp_de,477,results/main/f09/pigp_de/seed477/history.npz,0.11454388573511082,True
main,f10,f09,pigp_de,478,results/main/f09/pigp_de/seed478/history.npz,0.047188579610743395,True
main,f10,f09,pigp_de,479,results/main/f09/pigp_de/seed479/history.npz,0.14561004582556847,True
main,f10,f09,pinn_de,450,results/main/f09/pinn_de/seed450/history.npz,0.00012219356195478114,True
main,f10,f09,pinn_de,451,results/main/f09/pinn_de/seed451/history.npz,1.64921844889969e-05,True
main,f10,f09,pinn_de,452,results/main/f09/pinn_de/seed452/history.npz,2.8402957358566978e-05,True
main,f10,f09,pinn_de,453,results/main/f09/pinn_de/seed453/history.npz,0.000615752966187211,True
main,f10,f09,pinn_de,454,results/main/f09/pinn_de/seed454/history.npz,1.7297853945264828e-06,True
main,f10,f09,pinn_de,455,results/main/f09/pinn_de/seed455/history.npz,0.00048473697391013504,True
main,f10,f09,pinn_de,456,results/main/f09/pinn_de/seed456/history.npz,9.601769078565903e-06,True
main,f10,f09,pinn_de,457,results/main/f09/pinn_de/seed457/history.npz,2.0897221349509478e-05,True
main,f10,f09,pinn_de,458,results/main/f09/pinn_de/seed458/history.npz,0.00020863461111543264,True
main,f10,f09,pinn_de,459,results/main/f09/pinn_de/seed459/history.npz,0.001156224110332282,True
main,f10,f09,pinn_de,460,results/main/f09/pinn_de/seed460/history.npz,4.717541220596453e-05,True
main,f10,f09,pinn_de,461,results/main/f09/pinn_de/seed461/history.npz,0.0006098912674851957,True
main,f10,f09,pinn_de,462,results/main/f09/pinn_de/seed462/history.npz,0.0005125805961382821,True
main,f10,f09,pinn_de,463,results/main/f09/pinn_de/seed463/history.npz,9.737595702789597e-06,True
main,f10,f09,pinn_de,464,results/main/f09/pinn_de/seed464/history.npz,0.002985208874700129,True
main,f10,f09,pinn_de,465,results/main/f09/pinn_de/seed465/history.npz,0.00013421332983714072,True
main,f10,f09,pinn_de,466,results/main/f09/pinn_de/seed466/history.npz,0.00023012900494228668,True
main,f10,f09,pinn_de,467,results/main/f09/pinn_de/seed467/history.npz,2.3231341530866256e-06,True
main,f10,f09,pinn_de,468,results/main/f09/pinn_de/seed468/history.npz,3.344675937402752e-05,True
main,f10,f09,pinn_de,469,results/main/f09/pinn_de/seed469/history.npz,0.00038182004656249296,True
main,f10,f09,pinn_de,470,results/main/f09/pinn_de/seed470/history.npz,0.00033176407529104555,True
main,f10,f09,pinn_de,471,results/main/f09/pinn_de/seed471/history.npz,1.3274934862127972e-05,True
main,f10,f09,pinn_de,472,results/main/f09/pinn_de/seed472/history.npz,0.0005768493570019177,True
main,f10,f09,pinn_de,473,results/main/f09/pinn_de/seed473/history.npz,4.154581901626529e-05,True
main,f10,f09,pinn_de,474,results/main/f09/pinn_de/seed474/history.npz,0.0003542062305020339,True
main,f10,f09,pinn_de,475,results/main/f09/pinn_de/seed475/history.npz,1.9930938271502232e-05,True
main,f10,f09,pinn_de,476,results/main/f09/pinn_de/seed476/history.npz,9.666324799997585e-05,True
main,f10,f09,pinn_de,477,results/main/f09/pinn_de/seed477/history.npz,9.153816464263088e-06,True
main,f10,f09,pinn_de,478,results/main/f09/pinn_de/seed478/history.npz,0.00018683762068050845,True
main,f10,f09,pinn_de,479,results/main/f09/pinn_de/seed479/history.npz,0.00020128659190060065,True
main,f10,f09,pino_de,450,results/main/f09/pino_de/seed450/history.npz,0.0018026855139400592,True
main,f10,f09,pino_de,451,results/main/f09/pino_de/seed451/history.npz,0.001044294032821472,True
main,f10,f09,pino_de,452,results/main/f09/pino_de/seed452/history.npz,0.004664169400645735,True
main,f10,f09,pino_de,453,results/main/f09/pino_de/seed453/history.npz,0.00013045442298929448,True
main,f10,f09,pino_de,454,results/main/f09/pino_de/seed454/history.npz,0.001372455087880253,True
main,f10,f09,pino_de,455,results/main/f09/pino_de/seed455/history.npz,0.00039459263519459417,True
main,f10,f09,pino_de,456,results/main/f09/pino_de/seed456/history.npz,0.008084518345759736,True
main,f10,f09,pino_de,457,results/main/f09/pino_de/seed457/history.npz,0.00299034229524652,True
main,f10,f09,pino_de,458,results/main/f09/pino_de/seed458/history.npz,0.00216485346147753,True
main,f10,f09,pino_de,459,results/main/f09/pino_de/seed459/history.npz,6.813584105637426e-05,True
main,f10,f09,pino_de,460,results/main/f09/pino_de/seed460/history.npz,3.341232216173394e-05,True
main,f10,f09,pino_de,461,results/main/f09/pino_de/seed461/history.npz,2.3264501077448342e-06,True
main,f10,f09,pino_de,462,results/main/f09/pino_de/seed462/history.npz,0.04824219068597608,True
main,f10,f09,pino_de,463,results/main/f09/pino_de/seed463/history.npz,0.0004717106470526446,True
main,f10,f09,pino_de,464,results/main/f09/pino_de/seed464/history.npz,6.03401223584876e-05,True
main,f10,f09,pino_de,465,results/main/f09/pino_de/seed465/history.npz,0.001183025508806473,True
main,f10,f09,pino_de,466,results/main/f09/pino_de/seed466/history.npz,0.00014491229925137967,True
main,f10,f09,pino_de,467,results/main/f09/pino_de/seed467/history.npz,0.00348301961953094,True
main,f10,f09,pino_de,468,results/main/f09/pino_de/seed468/history.npz,0.005110257201822346,True
main,f10,f09,pino_de,469,results/main/f09/pino_de/seed469/history.npz,0.008180158438003573,True
main,f10,f09,pino_de,470,results/main/f09/pino_de/seed470/history.npz,0.004458943780227178,True
main,f10,f09,pino_de,471,results/main/f09/pino_de/seed471/history.npz,0.00200982578354584,True
main,f10,f09,pino_de,472,results/main/f09/pino_de/seed472/history.npz,0.0006359398345719079,True
main,f10,f09,pino_de,473,results/main/f09/pino_de/seed473/history.npz,0.004806072714822037,True
main,f10,f09,pino_de,474,results/main/f09/pino_de/seed474/history.npz,0.003473250059319169,True
main,f10,f09,pino_de,475,results/main/f09/pino_de/seed475/history.npz,0.0016126751642834634,True
main,f10,f09,pino_de,476,results/main/f09/pino_de/seed476/history.npz,3.948374234301154e-05,True
main,f10,f09,pino_de,477,results/main/f09/pino_de/seed477/history.npz,0.0012311475988978876,True
main,f10,f09,pino_de,478,results/main/f09/pino_de/seed478/history.npz,0.0014034615251161792,True
main,f10,f09,pino_de,479,results/main/f09/pino_de/seed479/history.npz,0.0029255169480376705,True
main,f10,f09,rbfn_de,450,results/main/f09/rbfn_de/seed450/history.npz,0.4419907990500965,True
main,f10,f09,rbfn_de,451,results/main/f09/rbfn_de/seed451/history.npz,0.21599071354238933,True
main,f10,f09,rbfn_de,452,results/main/f09/rbfn_de/seed452/history.npz,0.4482548856224187,True
main,f10,f09,rbfn_de,453,results/main/f09/rbfn_de/seed453/history.npz,0.07221417982421899,True
main,f10,f09,rbfn_de,454,results/main/f09/rbfn_de/seed454/history.npz,4.094133291224565,True
main,f10,f09,rbfn_de,455,results/main/f09/rbfn_de/seed455/history.npz,3.4029527931202708,True
main,f10,f09,rbfn_de,456,results/main/f09/rbfn_de/seed456/history.npz,0.8106570438017119,True
main,f10,f09,rbfn_de,457,results/main/f09/rbfn_de/seed457/history.npz,0.03840535398389033,True
main,f10,f09,rbfn_de,458,results/main/f09/rbfn_de/seed458/history.npz,0.0743275799753682,True
main,f10,f09,rbfn_de,459,results/main/f09/rbfn_de/seed459/history.npz,5.516532123846046,True
main,f10,f09,rbfn_de,460,results/main/f09/rbfn_de/seed460/history.npz,0.5630521288582262,True
main,f10,f09,rbfn_de,461,results/main/f09/rbfn_de/seed461/history.npz,1.1644139327156173,True
main,f10,f09,rbfn_de,462,results/main/f09/rbfn_de/seed462/history.npz,0.9274736465420421,True
main,f10,f09,rbfn_de,463,results/main/f09/rbfn_de/seed463/history.npz,0.030248617407553885,True
main,f10,f09,rbfn_de,464,results/main/f09/rbfn_de/seed464/history.npz,10.724835962746273,True
main,f10,f09,rbfn_de,465,results/main/f09/rbfn_de/seed465/history.npz,0.47873288570134376,True
main,f10,f09,rbfn_de,466,results/main/f09/rbfn_de/seed466/history.npz,0.16994098350903442,True
main,f10,f09,rbfn_de,467,results/main/f09/rbfn_de/seed467/history.npz,1.4674533494723043,True
main,f10,f09,rbfn_de,468,results/main/f09/rbfn_de/seed468/history.npz,4.01973343873538,True
main,f10,f09,rbfn_de,469,results/main/f09/rbfn_de/seed469/history.npz,2.9886843382291817,True
main,f10,f09,rbfn_de,470,results/main/f09/rbfn_de/seed470/history.npz,9.76550913100825,True
main,f10,f09,rbfn_de,471,results/main/f09/rbfn_de/seed471/history.npz,0.2238941185405092,True
main,f10,f09,rbfn_de,472,results/main/f09/rbfn_de/seed472/history.npz,0.10243053879254137,True
main,f10,f09,rbfn_de,473,results/main/f09/rbfn_de/seed473/history.npz,14.99810743591687,True
main,f10,f09,rbfn_de,474,results/main/f09/rbfn_de/seed474/history.npz,0.2357366690677805,True
main,f10,f09,rbfn_de,475,results/main/f09/rbfn_de/seed475/history.npz,0.026086355434939763,True
main,f10,f09,rbfn_de,476,results/main/f09/rbfn_de/seed476/history.npz,0.15379462849825273,True
main,f10,f09,rbfn_de,477,results/main/f09/rbfn_de/seed477/history.npz,0.11454388573511082,True
main,f10,f09,rbfn_de,478,results/main/f09/rbfn_de/seed478/history.npz,0.047188579610743395,True
main,f10,f09,rbfn_de,479,results/main/f09/rbfn_de/seed479/history.npz,0.14561004582556847,True
main,f11,f10,glosade,450,results/main/f10/glosade/seed450/history.npz,3.0191587566659845,True
main,f11,f10,glosade,451,results/main/f10/glosade/seed451/history.npz,2.923889486465559,True
main,f11,f10,glosade,452,results/main/f10/glosade/seed452/history.npz,1.8193838196041274,True
main,f11,f10,glosade,453,results/main/f10/glosade/seed453/history.npz,3.0239147921873237,True
main,f11,f10,glosade,454,results/main/f10/glosade/seed454/history.npz,6.568773850807581,True
main,f11,f10,glosade,455,results/main/f10/glosade/seed455/history.npz,4.590553318344668,True
main,f11,f10,glosade,456,results/main/f10/glosade/seed456/history.npz,5.316648326157225,True
main,f11,f10,glosade,457,results/main/f10/glosade/seed457/history.npz,3.184111453637677,True
main,f11,f10,glosade,458,results/main/f10/glosade/seed458/history.npz,0.14524888261431856,True
main,f11,f10,glosade,459,results/main/f10/glosade/seed459/history.npz,1.9906495695550182,True
main,f11,f10,glosade,460,results/main/f10/glosade/seed460/history.npz,0.1454349682954299,True
main,f11,f10,glosade,461,results/main/f10/glosade/seed461/history.npz,0.03896275508035929,True
main,f11,f10,glosade,462,results/main/f10/glosade/seed462/history.npz,3.011819834684037,True
main,f11,f10,glosade,463,results/main/f10/glosade/seed463/history.npz,2.849837461083649,True
main,f11,f10,glosade,464,results/main/f10/glosade/seed464/history.npz,5.73759735288678,True
main,f11,f10,glosade,465,results/main/f10/glosade/seed465/history.npz,0.5929883004029866,True
main,f11,f10,glosade,466,results/main/f10/glosade/seed466/history.npz,4.277269709066786,True
main,f11,f10,glosade,467,results/main/f10/glosade/seed467/history.npz,1.7625028393444997,True
main,f11,f10,glosade,468,results/main/f10/glosade/seed468/history.npz,5.810993310677482,True
main,f11,f10,glosade,469,results/main/f10/glosade/seed469/history.npz,1.675370730440211,True
main,f11,f10,glosade,470,results/main/f10/glosade/seed470/history.npz,2.6938696330259657,True
main,f11,f10,glosade,471,results/main/f10/glosade/seed471/history.npz,1.14168093220059,True
main,f11,f10,glosade,472,results/main/f10/glosade/seed472/history.npz,4.406434062840869,True
main,f11,f10,glosade,473,results/main/f10/glosade/seed473/history.npz,0.14263157172296603,True
main,f11,f10,glosade,474,results/main/f10/glosade/seed474/history.npz,2.685268834170945,True
main,f11,f10,glosade,475,results/main/f10/glosade/seed475/history.npz,2.620384801091842,True
main,f11,f10,glosade,476,results/main/f10/glosade/seed476/history.npz,3.2298270566103757,True
main,f11,f10,glosade,477,results/main/f10/glosade/seed477/history.npz,3.2731532635637355,True
main,f11,f10,glosade,478,results/main/f10/glosade/seed478/history.npz,4.001461252501059,True
main,f11,f10,glosade,479,results/main/f10/glosade/seed479/history.npz,0.2475333999669158,True
main,f11,f10,gp_de,450,results/main/f10/gp_de/seed450/history.npz,5.860166155819027,True
main,f11,f10,gp_de,451,results/main/f10/gp_de/seed451/history.npz,3.550895793061937,True
main,f11,f10,gp_de,452,results/main/f10/gp_de/seed452/history.npz,10.360767771883351,True
main,f11,f10,gp_de,453,results/main/f10/gp_de/seed453/history.npz,7.617512642450926,True
main,f11,f10,gp_de,454,results/main/f10/gp_de/seed454/history.npz,2.8425705492562128,True
main,f11,f10,gp_de,455,results/main/f10/gp_de/seed455/history.npz,2.99654550103616,True
main,f11,f10,gp_de,456,results/main/f10/gp_de/seed456/history.npz,1.3375052655681725,True
main,f11,f10,gp_de,457,results/main/f10/gp_de/seed457/history.npz,9.670486348661015,True
main,f11,f10,gp_de,458,results/main/f10/gp_de/seed458/history.npz,4.834760056313655,True
main,f11,f10,gp_de,459,results/main/f10/gp_de/seed459/history.npz,9.9553225561006,True
main,f11,f10,gp_de,460,results/main/f10/gp_de/seed460/history.npz,8.521576892175407,True
main,f11,f10,gp_de,461,results/main/f10/gp_de/seed461/history.npz,7.702265430717937,True
main,f11,f10,gp_de,462,results/main/f10/gp_de/seed462/history.npz,10.125414045777548,True
main,f11,f10,gp_de,463,results/main/f10/gp_de/seed463/history.npz,7.269962885285667,True
main,f11,f10,gp_de,464,results/main/f10/gp_de/seed464/history.npz,10.683667008097943,True
main,f11,f10,gp_de,465,results/main/f10/gp_de/seed465/history.npz,10.645156188054319,True
main,f11,f10,gp_de,466,results/main/f10/gp_de/seed466/history.npz,2.3843461515934306,True
main,f11,f10,gp_de,467,results/main/f10/gp_de/seed467/history.npz,8.042673169227061,True
main,f11,f10,gp_de,468,results/main/f10/gp_de/seed468/history.npz,7.752190143192806,True
main,f11,f10,gp_de,469,results/main/f10/gp_de/seed469/history.npz,11.810053874851372,True
main,f11,f10,gp_de,470,results/main/f10/gp_de/seed470/history.npz,6.306639822167263,True
main,f11,f10,gp_de,471,results/main/f10/gp_de/seed471/history.npz,3.300116847159057,True
main,f11,f10,gp_de,472,results/main/f10/gp_de/seed472/history.npz,4.023593886161134,True
main,f11,f10,gp_de,473,results/main/f10/gp_de/seed473/history.npz,13.029389330009636,True
main,f11,f10,gp_de,474,results/main/f10/gp_de/seed474/history.npz,5.605885357900661,True
main,f11,f10,gp_de,475,results/main/f10/gp_de/seed475/history.npz,5.615658316941154,True
main,f11,f10,gp_de,476,results/main/f10/gp_de/seed476/history.npz,11.418325669596257,True
main,f11,f10,gp_de,477,results/main/f10/gp_de/seed477/history.npz,3.0231363079715234,True
main,f11,f10,gp_de,478,results/main/f10/gp_de/seed478/history.npz,0.03974492014999642,True
main,f11,f10,gp_de,479,results/main/f10/gp_de/seed479/history.npz,4.516225465025357,True
main,f11,f10,ji_sade_grm,450,results/main/f10/ji_sade_grm/seed450/history.npz,4.3076653355456074e-14,True
main,f11,f10,ji_sade_grm,451,results/main/f10/ji_sade_grm/seed451/history.npz,2.580434393842325,True
main,f11,f10,ji_sade_grm,452,results/main/f10/ji_sade_grm/seed452/history.npz,0.009950901184244021,True
main,f11,f10,ji_sade_grm,453,results/main/f10/ji_sade_grm/seed453/history.npz,0.0006927985907059231,True
main,f11,f10,ji_sade_grm,454,results/main/f10/ji_sade_grm/seed454/history.npz,1.0983948217442685,True
main,f11,f10,ji_sade_grm,455,results/main/f10/ji_sade_grm/seed455/history.npz,0.0014875145980934867,True
main,f11,f10,ji_sade_grm,456,results/main/f10/ji_sade_grm/seed456/history.npz,0.038202703022119255,True
main,f11,f10,ji_sade_grm,457,results/main/f10/ji_sade_grm/seed457/history.npz,0.05102155812304021,True
main,f11,f10,ji_sade_grm,458,results/main/f10/ji_sade_grm/seed458/history.npz,0.13239595264267523,True
main,f11,f10,ji_sade_grm,459,results/main/f10/ji_sade_grm/seed459/history.npz,7.269962885285667,True
main,f11,f10,ji_sade_grm,460,results/main/f10/ji_sade_grm/seed460/history.npz,6.745009408648528e-05,True
main,f11,f10,ji_sade_grm,461,results/main/f10/ji_sade_grm/seed461/history.npz,7.269962885285667,True
main,f11,f10,ji_sade_grm,462,results/main/f10/ji_sade_grm/seed462/history.npz,0.017728963704567224,True
main,f11,f10,ji_sade_grm,463,results/main/f10/ji_sade_grm/seed463/history.npz,0.005048687697158716,True
main,f11,f10,ji_sade_grm,464,results/main/f10/ji_sade_grm/seed464/history.npz,0.04398798586297703,True
main,f11,f10,ji_sade_grm,465,results/main/f10/ji_sade_grm/seed465/history.npz,0.001581155450651739,True
main,f11,f10,ji_sade_grm,466,results/main/f10/ji_sade_grm/seed466/history.npz,7.269962885285667,True
main,f11,f10,ji_sade_grm,467,results/main/f10/ji_sade_grm/seed467/history.npz,0.012522992291817747,True
main,f11,f10,ji_sade_grm,468,results/main/f10/ji_sade_grm/seed468/history.npz,2.6611310925082674,True
main,f11,f10,ji_sade_grm,469,results/main/f10/ji_sade_grm/seed469/history.npz,7.269962885285667,True
main,f11,f10,ji_sade_grm,470,results/main/f10/ji_sade_grm/seed470/history.npz,0.023437111694097457,True
main,f11,f10,ji_sade_grm,471,results/main/f10/ji_sade_grm/seed471/history.npz,0.04585629742467434,True
main,f11,f10,ji_sade_grm,472,results/main/f10/ji_sade_grm/seed472/history.npz,4.884069884574195,True
main,f11,f10,ji_sade_grm,473,results/main/f10/ji_sade_grm/seed473/history.npz,0.01944298756089724,True
main,f11,f10,ji_sade_grm,474,results/main/f10/ji_sade_grm/seed474/history.npz,0.4129865088021032,True
main,f11,f10,ji_sade_grm,475,results/main/f10/ji_sade_grm/seed475/history.npz,0.00021594686186476864,True
main,f11,f10,ji_sade_grm,476,results/main/f10/ji_sade_grm/seed476/history.npz,0.0002058174277732583,True
main,f11,f10,ji_sade_grm,477,results/main/f10/ji_sade_grm/seed477/history.npz,0.07991113183044662,True
main,f11,f10,ji_sade_grm,478,results/main/f10/ji_sade_grm/seed478/history.npz,0.09045562410795371,True
main,f11,f10,ji_sade_grm,479,results/main/f10/ji_sade_grm/seed479/history.npz,7.269962885285667,True
main,f11,f10,mlp_de,450,results/main/f10/mlp_de/seed450/history.npz,4.484047678398436,True
main,f11,f10,mlp_de,451,results/main/f10/mlp_de/seed451/history.npz,3.550895793061937,True
main,f11,f10,mlp_de,452,results/main/f10/mlp_de/seed452/history.npz,10.360767771883351,True
main,f11,f10,mlp_de,453,results/main/f10/mlp_de/seed453/history.npz,7.986780940129579,True
main,f11,f10,mlp_de,454,results/main/f10/mlp_de/seed454/history.npz,5.251165833266782,True
main,f11,f10,mlp_de,455,results/main/f10/mlp_de/seed455/history.npz,2.99654550103616,True
main,f11,f10,mlp_de,456,results/main/f10/mlp_de/seed456/history.npz,11.558759355795281,True
main,f11,f10,mlp_de,457,results/main/f10/mlp_de/seed457/history.npz,9.670486348661015,True
main,f11,f10,mlp_de,458,results/main/f10/mlp_de/seed458/history.npz,4.586292795723967,True
main,f11,f10,mlp_de,459,results/main/f10/mlp_de/seed459/history.npz,4.220203986805149,True
main,f11,f10,mlp_de,460,results/main/f10/mlp_de/seed460/history.npz,8.521576892175407,True
main,f11,f10,mlp_de,461,results/main/f10/mlp_de/seed461/history.npz,7.702265430717937,True
main,f11,f10,mlp_de,462,results/main/f10/mlp_de/seed462/history.npz,4.903336148630967,True
main,f11,f10,mlp_de,463,results/main/f10/mlp_de/seed463/history.npz,14.155638287579873,True
main,f11,f10,mlp_de,464,results/main/f10/mlp_de/seed464/history.npz,2.8551209378531976,True
main,f11,f10,mlp_de,465,results/main/f10/mlp_de/seed465/history.npz,4.886200142692271,True
main,f11,f10,mlp_de,466,results/main/f10/mlp_de/seed466/history.npz,0.8437601777366805,True
main,f11,f10,mlp_de,467,results/main/f10/mlp_de/seed467/history.npz,8.042673169227061,True
main,f11,f10,mlp_de,468,results/main/f10/mlp_de/seed468/history.npz,4.892460767362035,True
main,f11,f10,mlp_de,469,results/main/f10/mlp_de/seed469/history.npz,3.9181622416658937,True
main,f11,f10,mlp_de,470,results/main/f10/mlp_de/seed470/history.npz,3.818398489944365,True
main,f11,f10,mlp_de,471,results/main/f10/mlp_de/seed471/history.npz,3.300116847159057,True
main,f11,f10,mlp_de,472,results/main/f10/mlp_de/seed472/history.npz,2.6291577601323692,True
main,f11,f10,mlp_de,473,results/main/f10/mlp_de/seed473/history.npz,6.72785936892101,True
main,f11,f10,mlp_de,474,results/main/f10/mlp_de/seed474/history.npz,5.605885357900661,True
main,f11,f10,mlp_de,475,results/main/f10/mlp_de/seed475/history.npz,4.463571196039489,True
main,f11,f10,mlp_de,476,results/main/f10/mlp_de/seed476/history.npz,11.418325669596257,True
main,f11,f10,mlp_de,477,results/main/f10/mlp_de/seed477/history.npz,3.0231363079715234,True
main,f11,f10,mlp_de,478,results/main/f10/mlp_de/seed478/history.npz,3.145819919085128,True
main,f11,f10,mlp_de,479,results/main/f10/mlp_de/seed479/history.npz,0.6494322551219622,True
main,f11,f10,pigp_de,450,results/main/f10/pigp_de/seed450/history.npz,1.3140516753081397,True
main,f11,f10,pigp_de,451,results/main/f10/pigp_de/seed451/history.npz,3.550895793061937,True
main,f11,f10,pigp_de,452,results/main/f10/pigp_de/seed452/history.npz,9.667597358243405,True
main,f11,f10,pigp_de,453,results/main/f10/pigp_de/seed453/history.npz,0.036028684598463645,True
main,f11,f10,pigp_de,454,results/main/f10/pigp_de/seed454/history.npz,2.593552784080974,True
main,f11,f10,pigp_de,455,results/main/f10/pigp_de/seed455/history.npz,2.99654550103616,True
main,f11,f10,pigp_de,456,results/main/f10/pigp_de/seed456/history.npz,4.049453043962583,True
main,f11,f10,pigp_de,457,results/main/f10/pigp_de/seed457/history.npz,9.670486348661015,True
main,f11,f10,pigp_de,458,results/main/f10/pigp_de/seed458/history.npz,4.371267896127868,True
main,f11,f10,pigp_de,459,results/main/f10/pigp_de/seed459/history.npz,3.5883226430262103,True
main,f11,f10,pigp_de,460,results/main/f10/pigp_de/seed460/history.npz,0.6202016116329934,True
main,f11,f10,pigp_de,461,results/main/f10/pigp_de/seed461/history.npz,7.702265430717937,True
main,f11,f10,pigp_de,462,results/main/f10/pigp_de/seed462/history.npz,10.185848936058406,True
main,f11,f10,pigp_de,463,results/main/f10/pigp_de/seed463/history.npz,3.0257339828601215,True
main,f11,f10,pigp_de,464,results/main/f10/pigp_de/seed464/history.npz,10.683667008097943,True
main,f11,f10,pigp_de,465,results/main/f10/pigp_de/seed465/history.npz,7.269962885285667,True
main,f11,f10,pigp_de,466,results/main/f10/pigp_de/seed466/history.npz,3.323904604973262,True
main,f11,f10,pigp_de,467,results/main/f10/pigp_de/seed467/history.npz,8.042673169227061,True
main,f11,f10,pigp_de,468,results/main/f10/pigp_de/seed468/history.npz,5.603327377445204,True
main,f11,f10,pigp_de,469,results/main/f10/pigp_de/seed469/history.npz,5.868695795058226,True
main,f11,f10,pigp_de,470,results/main/f10/pigp_de/seed470/history.npz,5.71409815885097,True
main,f11,f10,pigp_de,471,results/main/f10/pigp_de/seed471/history.npz,3.300116847159057,True
main,f11,f10,pigp_de,472,results/main/f10/pigp_de/seed472/history.npz,4.023593886161134,True
main,f11,f10,pigp_de,473,results/main/f10/pigp_de/seed473/history.npz,3.3779725654548227,True
main,f11,f10,pigp_de,474,results/main/f10/pigp_de/seed474/history.npz,2.8734263330692085,True
main,f11,f10,pigp_de,475,results/main/f10/pigp_de/seed475/history.npz,5.146936912394384,True
main,f11,f10,pigp_de,476,results/main/f10/pigp_de/seed476/history.npz,2.62612267434097,True
main,f11,f10,pigp_de,477,results/main/f10/pigp_de/seed477/history.npz,2.5805130609512834,True
main,f11,f10,pigp_de,478,results/main/f10/pigp_de/seed478/history.npz,1.8709733461660325,True
main,f11,f10,pigp_de,479,results/main/f10/pigp_de/seed479/history.npz,0.0834078439018282,True
main,f11,f10,pinn_de,450,results/main/f10/pinn_de/seed450/history.npz,0.6523155484495544,True
main,f11,f10,pinn_de,451,results/main/f10/pinn_de/seed451/history.npz,0.7606849503298112,True
main,f11,f10,pinn_de,452,results/main/f10/pinn_de/seed452/history.npz,2.9677471185039264,True
main,f11,f10,pinn_de,453,results/main/f10/pinn_de/seed453/history.npz,0.9428762607998356,True
main,f11,f10,pinn_de,454,results/main/f10/pinn_de/seed454/history.npz,0.20248493927599087,True
main,f11,f10,pinn_de,455,results/main/f10/pinn_de/seed455/history.npz,1.3045182757745697,True
main,f11,f10,pinn_de,456,results/main/f10/pinn_de/seed456/history.npz,0.6238144599897564,True
main,f11,f10,pinn_de,457,results/main/f10/pinn_de/seed457/history.npz,2.2217104951838818,True
main,f11,f10,pinn_de,458,results/main/f10/pinn_de/seed458/history.npz,1.665979250835083,True
main,f11,f10,pinn_de,459,results/main/f10/pinn_de/seed459/history.npz,1.60165810246334,True
main,f11,f10,pinn_de,460,results/main/f10/pinn_de/seed460/history.npz,0.27761991077432,True
main,f11,f10,pinn_de,461,results/main/f10/pinn_de/seed461/history.npz,0.4042924288549625,True
main,f11,f10,pinn_de,462,results/main/f10/pinn_de/seed462/history.npz,1.5289852045254837,True
main,f11,f10,pinn_de,463,results/main/f10/pinn_de/seed463/history.npz,0.966477462117624,True
main,f11,f10,pinn_de,464,results/main/f10/pinn_de/seed464/history.npz,2.081100341555683,True
main,f11,f10,pinn_de,465,results/main/f10/pinn_de/seed465/history.npz,2.172683934707536,True
main,f11,f10,pinn_de,466,results/main/f10/pinn_de/seed466/history.npz,0.09691522119245066,True
main,f11,f10,pinn_de,467,results/main/f10/pinn_de/seed467/history.npz,0.05041764618733824,True
main,f11,f10,pinn_de,468,results/main/f10/pinn_de/seed468/history.npz,1.667927865700801,True
main,f11,f10,pinn_de,469,results/main/f10/pinn_de/seed469/history.npz,0.22902494448758803,True
main,f11,f10,pinn_de,470,results/main/f10/pinn_de/seed470/history.npz,0.7008332614451587,True
main,f11,f10,pinn_de,471,results/main/f10/pinn_de/seed471/history.npz,1.2562323473042878,True
main,f11,f10,pinn_de,472,results/main/f10/pinn_de/seed472/history.npz,2.5932356038442035,True
main,f11,f10,pinn_de,473,results/main/f10/pinn_de/seed473/history.npz,0.4715411776480676,True
main,f11,f10,pinn_de,474,results/main/f10/pinn_de/seed474/history.npz,1.6814805391441578,True
main,f11,f10,pinn_de,475,results/main/f10/pinn_de/seed475/history.npz,2.9283159512394197,True
main,f11,f10,pinn_de,476,results/main/f10/pinn_de/seed476/history.npz,1.0717005211252517,True
main,f11,f10,pinn_de,477,results/main/f10/pinn_de/seed477/history.npz,3.0231363079715234,True
main,f11,f10,pinn_de,478,results/main/f10/pinn_de/seed478/history.npz,0.1420513274355497,True
main,f11,f10,pinn_de,479,results/main/f10/pinn_de/seed479/history.npz,2.4006300595059327,True
main,f11,f10,pino_de,450,results/main/f10/pino_de/seed450/history.npz,0.4926158025882974,True
main,f11,f10,pino_de,451,results/main/f10/pino_de/seed451/history.npz,2.3882208776185974,True
main,f11,f10,pino_de,452,results/main/f10/pino_de/seed452/history.npz,0.010182492282936995,True
main,f11,f10,pino_de,453,results/main/f10/pino_de/seed453/history.npz,0.3747816194777127,True
main,f11,f10,pino_de,454,results/main/f10/pino_de/seed454/history.npz,1.487553559916766,True
main,f11,f10,pino_de,455,results/main/f10/pino_de/seed455/history.npz,2.2375382900136604,True
main,f11,f10,pino_de,456,results/main/f10/pino_de/seed456/history.npz,2.1677861698813747,True
main,f11,f10,pino_de,457,results/main/f10/pino_de/seed457/history.npz,1.8941342569228508,True
main,f11,f10,pino_de,458,results/main/f10/pino_de/seed458/history.npz,2.0653228833840385,True
main,f11,f10,pino_de,459,results/main/f10/pino_de/seed459/history.npz,1.9646185610194036,True
main,f11,f10,pino_de,460,results/main/f10/pino_de/seed460/history.npz,0.0024952499867159084,True
main,f11,f10,pino_de,461,results/main/f10/pino_de/seed461/history.npz,1.7434298183123222,True
main,f11,f10,pino_de,462,results/main/f10/pino_de/seed462/history.npz,4.056620764959085,True
main,f11,f10,pino_de,463,results/main/f10/pino_de/seed463/history.npz,1.5248192409470822,True
main,f11,f10,pino_de,464,results/main/f10/pino_de/seed464/history.npz,0.073207927142239,True
main,f11,f10,pino_de,465,results/main/f10/pino_de/seed465/history.npz,0.9092340154447283,True
main,f11,f10,pino_de,466,results/main/f10/pino_de/seed466/history.npz,1.655067134956941,True
main,f11,f10,pino_de,467,results/main/f10/pino_de/seed467/history.npz,1.5015191012930669,True
main,f11,f10,pino_de,468,results/main/f10/pino_de/seed468/history.npz,2.4563003031474087,True
main,f11,f10,pino_de,469,results/main/f10/pino_de/seed469/history.npz,0.30181521670433087,True
main,f11,f10,pino_de,470,results/main/f10/pino_de/seed470/history.npz,0.01675747159884411,True
main,f11,f10,pino_de,471,results/main/f10/pino_de/seed471/history.npz,0.08966592594927691,True
main,f11,f10,pino_de,472,results/main/f10/pino_de/seed472/history.npz,2.4328292116041585,True
main,f11,f10,pino_de,473,results/main/f10/pino_de/seed473/history.npz,2.1856424387197397,True
main,f11,f10,pino_de,474,results/main/f10/pino_de/seed474/history.npz,1.711326138146895,True
main,f11,f10,pino_de,475,results/main/f10/pino_de/seed475/history.npz,1.7371911868385728,True
main,f11,f10,pino_de,476,results/main/f10/pino_de/seed476/history.npz,0.9815977158386855,True
main,f11,f10,pino_de,477,results/main/f10/pino_de/seed477/history.npz,3.0231363079715234,True
main,f11,f10,pino_de,478,results/main/f10/pino_de/seed478/history.npz,0.9617052071584813,True
main,f11,f10,pino_de,479,results/main/f10/pino_de/seed479/history.npz,2.434509719060156,True
main,f11,f10,rbfn_de,450,results/main/f10/rbfn_de/seed450/history.npz,7.999130861562421,True
main,f11,f10,rbfn_de,451,results/main/f10/rbfn_de/seed451/history.npz,3.550895793061937,True
main,f11,f10,rbfn_de,452,results/main/f10/rbfn_de/seed452/history.npz,10.360767771883351,True
main,f11,f10,rbfn_de,453,results/main/f10/rbfn_de/seed453/history.npz,7.169144692129665,True
main,f11,f10,rbfn_de,454,results/main/f10/rbfn_de/seed454/history.npz,3.2299518923790207,True
main,f11,f10,rbfn_de,455,results/main/f10/rbfn_de/seed455/history.npz,0.09082779767376126,True
main,f11,f10,rbfn_de,456,results/main/f10/rbfn_de/seed456/history.npz,7.719636271933496,True
main,f11,f10,rbfn_de,457,results/main/f10/rbfn_de/seed457/history.npz,9.670486348661015,True
main,f11,f10,rbfn_de,458,results/main/f10/rbfn_de/seed458/history.npz,4.834760056313655,True
main,f11,f10,rbfn_de,459,results/main/f10/rbfn_de/seed459/history.npz,3.9262745678220594,True
main,f11,f10,rbfn_de,460,results/main/f10/rbfn_de/seed460/history.npz,8.521576892175407,True
main,f11,f10,rbfn_de,461,results/main/f10/rbfn_de/seed461/history.npz,7.702265430717937,True
main,f11,f10,rbfn_de,462,results/main/f10/rbfn_de/seed462/history.npz,10.185848936058406,True
main,f11,f10,rbfn_de,463,results/main/f10/rbfn_de/seed463/history.npz,12.561110290205992,True
main,f11,f10,rbfn_de,464,results/main/f10/rbfn_de/seed464/history.npz,10.683667008097943,True
main,f11,f10,rbfn_de,465,results/main/f10/rbfn_de/seed465/history.npz,10.645156188054319,True
main,f11,f10,rbfn_de,466,results/main/f10/rbfn_de/seed466/history.npz,10.763342564048278,True
main,f11,f10,rbfn_de,467,results/main/f10/rbfn_de/seed467/history.npz,8.042673169227061,True
main,f11,f10,rbfn_de,468,results/main/f10/rbfn_de/seed468/history.npz,8.644253418378222,True
main,f11,f10,rbfn_de,469,results/main/f10/rbfn_de/seed469/history.npz,11.83810028474578,True
main,f11,f10,rbfn_de,470,results/main/f10/rbfn_de/seed470/history.npz,10.239205818568546,True
main,f11,f10,rbfn_de,471,results/main/f10/rbfn_de/seed471/history.npz,3.300116847159057,True
main,f11,f10,rbfn_de,472,results/main/f10/rbfn_de/seed472/history.npz,2.727880805344672,True
main,f11,f10,rbfn_de,473,results/main/f10/rbfn_de/seed473/history.npz,9.180982492185457,True
main,f11,f10,rbfn_de,474,results/main/f10/rbfn_de/seed474/history.npz,5.605885357900661,True
main,f11,f10,rbfn_de,475,results/main/f10/rbfn_de/seed475/history.npz,6.935500586642249,True
main,f11,f10,rbfn_de,476,results/main/f10/rbfn_de/seed476/history.npz,11.418325669596257,True
main,f11,f10,rbfn_de,477,results/main/f10/rbfn_de/seed477/history.npz,3.0231363079715234,True
main,f11,f10,rbfn_de,478,results/main/f10/rbfn_de/seed478/history.npz,3.145819919085128,True
main,f11,f10,rbfn_de,479,results/main/f10/rbfn_de/seed479/history.npz,4.516225465025357,True
main,f06,f12,glosade,450,results/main/f12/glosade/seed450/history.npz,0.006794137369611538,True
main,f06,f12,glosade,451,results/main/f12/glosade/seed451/history.npz,7.314590873488867e-05,True
main,f06,f12,glosade,452,results/main/f12/glosade/seed452/history.npz,0.0041349753567479835,True
main,f06,f12,glosade,453,results/main/f12/glosade/seed453/history.npz,0.0001035913121356914,True
main,f06,f12,glosade,454,results/main/f12/glosade/seed454/history.npz,0.01253855547995629,True
main,f06,f12,glosade,455,results/main/f12/glosade/seed455/history.npz,5.683963544574519e-05,True
main,f06,f12,glosade,456,results/main/f12/glosade/seed456/history.npz,0.02374879241456008,True
main,f06,f12,glosade,457,results/main/f12/glosade/seed457/history.npz,1.1741116731867424e-05,True
main,f06,f12,glosade,458,results/main/f12/glosade/seed458/history.npz,0.0032311572332815214,True
main,f06,f12,glosade,459,results/main/f12/glosade/seed459/history.npz,0.06513148706209816,True
main,f06,f12,glosade,460,results/main/f12/glosade/seed460/history.npz,0.010765819346107047,True
main,f06,f12,glosade,461,results/main/f12/glosade/seed461/history.npz,0.015511452478746395,True
main,f06,f12,glosade,462,results/main/f12/glosade/seed462/history.npz,0.0036755898803233307,True
main,f06,f12,glosade,463,results/main/f12/glosade/seed463/history.npz,0.0012301345613258635,True
main,f06,f12,glosade,464,results/main/f12/glosade/seed464/history.npz,0.004616140815152597,True
main,f06,f12,glosade,465,results/main/f12/glosade/seed465/history.npz,0.01794019451236783,True
main,f06,f12,glosade,466,results/main/f12/glosade/seed466/history.npz,0.01597748246193807,True
main,f06,f12,glosade,467,results/main/f12/glosade/seed467/history.npz,6.028656814012551e-05,True
main,f06,f12,glosade,468,results/main/f12/glosade/seed468/history.npz,0.0005171924051908504,True
main,f06,f12,glosade,469,results/main/f12/glosade/seed469/history.npz,0.020947520043317434,True
main,f06,f12,glosade,470,results/main/f12/glosade/seed470/history.npz,0.007393894201201595,True
main,f06,f12,glosade,471,results/main/f12/glosade/seed471/history.npz,0.0017173994056349658,True
main,f06,f12,glosade,472,results/main/f12/glosade/seed472/history.npz,0.001655719359564923,True
main,f06,f12,glosade,473,results/main/f12/glosade/seed473/history.npz,0.00017596506575013072,True
main,f06,f12,glosade,474,results/main/f12/glosade/seed474/history.npz,0.0005708400050473351,True
main,f06,f12,glosade,475,results/main/f12/glosade/seed475/history.npz,0.013733541808280507,True
main,f06,f12,glosade,476,results/main/f12/glosade/seed476/history.npz,0.01991871850710488,True
main,f06,f12,glosade,477,results/main/f12/glosade/seed477/history.npz,0.0818591298135427,True
main,f06,f12,glosade,478,results/main/f12/glosade/seed478/history.npz,0.003990117207619941,True
main,f06,f12,glosade,479,results/main/f12/glosade/seed479/history.npz,0.02376495817471435,True
main,f06,f12,gp_de,450,results/main/f12/gp_de/seed450/history.npz,3.313148277881059e-07,True
main,f06,f12,gp_de,451,results/main/f12/gp_de/seed451/history.npz,5.409329679186894e-07,True
main,f06,f12,gp_de,452,results/main/f12/gp_de/seed452/history.npz,0.0011865755178896613,True
main,f06,f12,gp_de,453,results/main/f12/gp_de/seed453/history.npz,0.014387403790225255,True
main,f06,f12,gp_de,454,results/main/f12/gp_de/seed454/history.npz,0.18780655256070827,True
main,f06,f12,gp_de,455,results/main/f12/gp_de/seed455/history.npz,0.0015106540727190334,True
main,f06,f12,gp_de,456,results/main/f12/gp_de/seed456/history.npz,0.00012464502704260508,True
main,f06,f12,gp_de,457,results/main/f12/gp_de/seed457/history.npz,0.054002190201040974,True
main,f06,f12,gp_de,458,results/main/f12/gp_de/seed458/history.npz,2.587179207868219e-05,True
main,f06,f12,gp_de,459,results/main/f12/gp_de/seed459/history.npz,0.11797916317310289,True
main,f06,f12,gp_de,460,results/main/f12/gp_de/seed460/history.npz,4.264385775973192e-05,True
main,f06,f12,gp_de,461,results/main/f12/gp_de/seed461/history.npz,5.028715370212914e-06,True
main,f06,f12,gp_de,462,results/main/f12/gp_de/seed462/history.npz,0.006633690365185096,True
main,f06,f12,gp_de,463,results/main/f12/gp_de/seed463/history.npz,0.179494126259991,True
main,f06,f12,gp_de,464,results/main/f12/gp_de/seed464/history.npz,3.8114798554268666e-09,True
main,f06,f12,gp_de,465,results/main/f12/gp_de/seed465/history.npz,0.0007983885268457128,True
main,f06,f12,gp_de,466,results/main/f12/gp_de/seed466/history.npz,0.013540489855155258,True
main,f06,f12,gp_de,467,results/main/f12/gp_de/seed467/history.npz,0.04013739741145577,True
main,f06,f12,gp_de,468,results/main/f12/gp_de/seed468/history.npz,3.935840209654801e-05,True
main,f06,f12,gp_de,469,results/main/f12/gp_de/seed469/history.npz,1.9643335556005072e-05,True
main,f06,f12,gp_de,470,results/main/f12/gp_de/seed470/history.npz,0.0002703977397954631,True
main,f06,f12,gp_de,471,results/main/f12/gp_de/seed471/history.npz,0.08306036756077034,True
main,f06,f12,gp_de,472,results/main/f12/gp_de/seed472/history.npz,0.002254393849923325,True
main,f06,f12,gp_de,473,results/main/f12/gp_de/seed473/history.npz,0.007437179721612868,True
main,f06,f12,gp_de,474,results/main/f12/gp_de/seed474/history.npz,0.07944918848256524,True
main,f06,f12,gp_de,475,results/main/f12/gp_de/seed475/history.npz,0.0003696840487826687,True
main,f06,f12,gp_de,476,results/main/f12/gp_de/seed476/history.npz,0.002188100924511471,True
main,f06,f12,gp_de,477,results/main/f12/gp_de/seed477/history.npz,0.06201637053785206,True
main,f06,f12,gp_de,478,results/main/f12/gp_de/seed478/history.npz,0.01896249932461201,True
main,f06,f12,gp_de,479,results/main/f12/gp_de/seed479/history.npz,0.05955884166181838,True
main,f06,f12,ji_sade_grm,450,results/main/f12/ji_sade_grm/seed450/history.npz,0.0020916588486594233,True
main,f06,f12,ji_sade_grm,451,results/main/f12/ji_sade_grm/seed451/history.npz,0.001312136021611027,True
main,f06,f12,ji_sade_grm,452,results/main/f12/ji_sade_grm/seed452/history.npz,0.00501243847960654,True
main,f06,f12,ji_sade_grm,453,results/main/f12/ji_sade_grm/seed453/history.npz,0.014972535459310978,True
main,f06,f12,ji_sade_grm,454,results/main/f12/ji_sade_grm/seed454/history.npz,0.004626947729320366,True
main,f06,f12,ji_sade_grm,455,results/main/f12/ji_sade_grm/seed455/history.npz,0.00020757774164584445,True
main,f06,f12,ji_sade_grm,456,results/main/f12/ji_sade_grm/seed456/history.npz,0.006157974693424716,True
main,f06,f12,ji_sade_grm,457,results/main/f12/ji_sade_grm/seed457/history.npz,4.194581129672641e-05,True
main,f06,f12,ji_sade_grm,458,results/main/f12/ji_sade_grm/seed458/history.npz,0.015545176380699714,True
main,f06,f12,ji_sade_grm,459,results/main/f12/ji_sade_grm/seed459/history.npz,0.027063925092285824,True
main,f06,f12,ji_sade_grm,460,results/main/f12/ji_sade_grm/seed460/history.npz,0.00390973806226687,True
main,f06,f12,ji_sade_grm,461,results/main/f12/ji_sade_grm/seed461/history.npz,0.029244534213525155,True
main,f06,f12,ji_sade_grm,462,results/main/f12/ji_sade_grm/seed462/history.npz,0.004720000695594427,True
main,f06,f12,ji_sade_grm,463,results/main/f12/ji_sade_grm/seed463/history.npz,3.411850940967178e-05,True
main,f06,f12,ji_sade_grm,464,results/main/f12/ji_sade_grm/seed464/history.npz,0.004927402742451735,True
main,f06,f12,ji_sade_grm,465,results/main/f12/ji_sade_grm/seed465/history.npz,0.014870009605323545,True
main,f06,f12,ji_sade_grm,466,results/main/f12/ji_sade_grm/seed466/history.npz,0.002248994301038854,True
main,f06,f12,ji_sade_grm,467,results/main/f12/ji_sade_grm/seed467/history.npz,0.0004884189187763187,True
main,f06,f12,ji_sade_grm,468,results/main/f12/ji_sade_grm/seed468/history.npz,0.06469788996125996,True
main,f06,f12,ji_sade_grm,469,results/main/f12/ji_sade_grm/seed469/history.npz,0.00019526691076026499,True
main,f06,f12,ji_sade_grm,470,results/main/f12/ji_sade_grm/seed470/history.npz,0.0032261336801467323,True
main,f06,f12,ji_sade_grm,471,results/main/f12/ji_sade_grm/seed471/history.npz,0.08344508083341984,True
main,f06,f12,ji_sade_grm,472,results/main/f12/ji_sade_grm/seed472/history.npz,0.007221815084449506,True
main,f06,f12,ji_sade_grm,473,results/main/f12/ji_sade_grm/seed473/history.npz,0.05861702268142669,True
main,f06,f12,ji_sade_grm,474,results/main/f12/ji_sade_grm/seed474/history.npz,0.0005453353098212978,True
main,f06,f12,ji_sade_grm,475,results/main/f12/ji_sade_grm/seed475/history.npz,0.03995489472550143,True
main,f06,f12,ji_sade_grm,476,results/main/f12/ji_sade_grm/seed476/history.npz,0.0018552208362483929,True
main,f06,f12,ji_sade_grm,477,results/main/f12/ji_sade_grm/seed477/history.npz,0.0013270995301073645,True
main,f06,f12,ji_sade_grm,478,results/main/f12/ji_sade_grm/seed478/history.npz,0.0015368005703002587,True
main,f06,f12,ji_sade_grm,479,results/main/f12/ji_sade_grm/seed479/history.npz,0.01868710572932543,True
main,f06,f12,mlp_de,450,results/main/f12/mlp_de/seed450/history.npz,0.0038471732340899455,True
main,f06,f12,mlp_de,451,results/main/f12/mlp_de/seed451/history.npz,0.0638311629904214,True
main,f06,f12,mlp_de,452,results/main/f12/mlp_de/seed452/history.npz,0.003274970583799378,True
main,f06,f12,mlp_de,453,results/main/f12/mlp_de/seed453/history.npz,0.03451949931360035,True
main,f06,f12,mlp_de,454,results/main/f12/mlp_de/seed454/history.npz,0.003829749081432991,True
main,f06,f12,mlp_de,455,results/main/f12/mlp_de/seed455/history.npz,0.0005949695055775003,True
main,f06,f12,mlp_de,456,results/main/f12/mlp_de/seed456/history.npz,0.028765349324252513,True
main,f06,f12,mlp_de,457,results/main/f12/mlp_de/seed457/history.npz,0.05487362317163405,True
main,f06,f12,mlp_de,458,results/main/f12/mlp_de/seed458/history.npz,0.00021724376458630886,True
main,f06,f12,mlp_de,459,results/main/f12/mlp_de/seed459/history.npz,0.0980165625237814,True
main,f06,f12,mlp_de,460,results/main/f12/mlp_de/seed460/history.npz,0.01800623110362916,True
main,f06,f12,mlp_de,461,results/main/f12/mlp_de/seed461/history.npz,0.022185672698993998,True
main,f06,f12,mlp_de,462,results/main/f12/mlp_de/seed462/history.npz,0.0074755896964308986,True
main,f06,f12,mlp_de,463,results/main/f12/mlp_de/seed463/history.npz,0.5951296524695497,True
main,f06,f12,mlp_de,464,results/main/f12/mlp_de/seed464/history.npz,0.03220460806398176,True
main,f06,f12,mlp_de,465,results/main/f12/mlp_de/seed465/history.npz,0.0010726251193008715,True
main,f06,f12,mlp_de,466,results/main/f12/mlp_de/seed466/history.npz,0.12265490655090658,True
main,f06,f12,mlp_de,467,results/main/f12/mlp_de/seed467/history.npz,0.09814187804938496,True
main,f06,f12,mlp_de,468,results/main/f12/mlp_de/seed468/history.npz,0.057015462906050376,True
main,f06,f12,mlp_de,469,results/main/f12/mlp_de/seed469/history.npz,0.044199445605658694,True
main,f06,f12,mlp_de,470,results/main/f12/mlp_de/seed470/history.npz,0.05283574005274964,True
main,f06,f12,mlp_de,471,results/main/f12/mlp_de/seed471/history.npz,0.1173848153297952,True
main,f06,f12,mlp_de,472,results/main/f12/mlp_de/seed472/history.npz,0.005708710493027692,True
main,f06,f12,mlp_de,473,results/main/f12/mlp_de/seed473/history.npz,0.09800000106671596,True
main,f06,f12,mlp_de,474,results/main/f12/mlp_de/seed474/history.npz,0.015813868502681103,True
main,f06,f12,mlp_de,475,results/main/f12/mlp_de/seed475/history.npz,0.0066156979530201405,True
main,f06,f12,mlp_de,476,results/main/f12/mlp_de/seed476/history.npz,0.32008817438705833,True
main,f06,f12,mlp_de,477,results/main/f12/mlp_de/seed477/history.npz,0.013382032067873032,True
main,f06,f12,mlp_de,478,results/main/f12/mlp_de/seed478/history.npz,0.02596083096536976,True
main,f06,f12,mlp_de,479,results/main/f12/mlp_de/seed479/history.npz,0.1354061353956571,True
main,f06,f12,pigp_de,450,results/main/f12/pigp_de/seed450/history.npz,2.451971738475106e-12,True
main,f06,f12,pigp_de,451,results/main/f12/pigp_de/seed451/history.npz,1.1945530213005954e-12,True
main,f06,f12,pigp_de,452,results/main/f12/pigp_de/seed452/history.npz,1.1253071588990201e-10,True
main,f06,f12,pigp_de,453,results/main/f12/pigp_de/seed453/history.npz,1.1677895333433599e-07,True
main,f06,f12,pigp_de,454,results/main/f12/pigp_de/seed454/history.npz,8.935788768079102e-07,True
main,f06,f12,pigp_de,455,results/main/f12/pigp_de/seed455/history.npz,3.193714893423779e-12,True
main,f06,f12,pigp_de,456,results/main/f12/pigp_de/seed456/history.npz,2.0372617165233453e-10,True
main,f06,f12,pigp_de,457,results/main/f12/pigp_de/seed457/history.npz,4.851442432402921e-13,True
main,f06,f12,pigp_de,458,results/main/f12/pigp_de/seed458/history.npz,6.319968150793529e-06,True
main,f06,f12,pigp_de,459,results/main/f12/pigp_de/seed459/history.npz,1.4073262892330306e-11,True
main,f06,f12,pigp_de,460,results/main/f12/pigp_de/seed460/history.npz,0.0029561675022354724,True
main,f06,f12,pigp_de,461,results/main/f12/pigp_de/seed461/history.npz,9.352620136531511e-13,True
main,f06,f12,pigp_de,462,results/main/f12/pigp_de/seed462/history.npz,1.1433321616662948e-07,True
main,f06,f12,pigp_de,463,results/main/f12/pigp_de/seed463/history.npz,9.235776622809687e-11,True
main,f06,f12,pigp_de,464,results/main/f12/pigp_de/seed464/history.npz,2.7565948320535368e-09,True
main,f06,f12,pigp_de,465,results/main/f12/pigp_de/seed465/history.npz,7.263921362043488e-14,True
main,f06,f12,pigp_de,466,results/main/f12/pigp_de/seed466/history.npz,6.568514684362441e-12,True
main,f06,f12,pigp_de,467,results/main/f12/pigp_de/seed467/history.npz,0.05330062224438622,True
main,f06,f12,pigp_de,468,results/main/f12/pigp_de/seed468/history.npz,2.8142715997578982e-12,True
main,f06,f12,pigp_de,469,results/main/f12/pigp_de/seed469/history.npz,2.9741864213539427e-07,True
main,f06,f12,pigp_de,470,results/main/f12/pigp_de/seed470/history.npz,6.988857748485497e-13,True
main,f06,f12,pigp_de,471,results/main/f12/pigp_de/seed471/history.npz,8.148706168348444e-06,True
main,f06,f12,pigp_de,472,results/main/f12/pigp_de/seed472/history.npz,8.749457299125709e-13,True
main,f06,f12,pigp_de,473,results/main/f12/pigp_de/seed473/history.npz,0.0027236508256383157,True
main,f06,f12,pigp_de,474,results/main/f12/pigp_de/seed474/history.npz,0.005570763419428078,True
main,f06,f12,pigp_de,475,results/main/f12/pigp_de/seed475/history.npz,1.6743458880646653e-14,True
main,f06,f12,pigp_de,476,results/main/f12/pigp_de/seed476/history.npz,0.0006258672412365962,True
main,f06,f12,pigp_de,477,results/main/f12/pigp_de/seed477/history.npz,0.008054516978541232,True
main,f06,f12,pigp_de,478,results/main/f12/pigp_de/seed478/history.npz,0.0019151514148355731,True
main,f06,f12,pigp_de,479,results/main/f12/pigp_de/seed479/history.npz,3.5441943726156412e-09,True
main,f06,f12,pinn_de,450,results/main/f12/pinn_de/seed450/history.npz,0.0038471732340899455,True
main,f06,f12,pinn_de,451,results/main/f12/pinn_de/seed451/history.npz,0.0026350612053457367,True
main,f06,f12,pinn_de,452,results/main/f12/pinn_de/seed452/history.npz,0.003274970583799378,True
main,f06,f12,pinn_de,453,results/main/f12/pinn_de/seed453/history.npz,0.0038227244929554156,True
main,f06,f12,pinn_de,454,results/main/f12/pinn_de/seed454/history.npz,0.018494609083301534,True
main,f06,f12,pinn_de,455,results/main/f12/pinn_de/seed455/history.npz,0.010007839669442948,True
main,f06,f12,pinn_de,456,results/main/f12/pinn_de/seed456/history.npz,0.05779084875187931,True
main,f06,f12,pinn_de,457,results/main/f12/pinn_de/seed457/history.npz,0.05487362317163405,True
main,f06,f12,pinn_de,458,results/main/f12/pinn_de/seed458/history.npz,0.0006222153708779329,True
main,f06,f12,pinn_de,459,results/main/f12/pinn_de/seed459/history.npz,0.11797916317310289,True
main,f06,f12,pinn_de,460,results/main/f12/pinn_de/seed460/history.npz,0.012170958124489699,True
main,f06,f12,pinn_de,461,results/main/f12/pinn_de/seed461/history.npz,0.003558698115274447,True
main,f06,f12,pinn_de,462,results/main/f12/pinn_de/seed462/history.npz,0.0002512179042828396,True
main,f06,f12,pinn_de,463,results/main/f12/pinn_de/seed463/history.npz,0.09811642796786722,True
main,f06,f12,pinn_de,464,results/main/f12/pinn_de/seed464/history.npz,0.026437366551787304,True
main,f06,f12,pinn_de,465,results/main/f12/pinn_de/seed465/history.npz,0.0010726251193008715,True
main,f06,f12,pinn_de,466,results/main/f12/pinn_de/seed466/history.npz,0.12265490655090658,True
main,f06,f12,pinn_de,467,results/main/f12/pinn_de/seed467/history.npz,0.2962904747083768,True
main,f06,f12,pinn_de,468,results/main/f12/pinn_de/seed468/history.npz,0.01905067038542513,True
main,f06,f12,pinn_de,469,results/main/f12/pinn_de/seed469/history.npz,0.044199445605658694,True
main,f06,f12,pinn_de,470,results/main/f12/pinn_de/seed470/history.npz,0.01223861603431756,True
main,f06,f12,pinn_de,471,results/main/f12/pinn_de/seed471/history.npz,0.018034568367353152,True
main,f06,f12,pinn_de,472,results/main/f12/pinn_de/seed472/history.npz,0.005708710493027692,True
main,f06,f12,pinn_de,473,results/main/f12/pinn_de/seed473/history.npz,0.20474608424518895,True
main,f06,f12,pinn_de,474,results/main/f12/pinn_de/seed474/history.npz,0.07944918848256524,True
main,f06,f12,pinn_de,475,results/main/f12/pinn_de/seed475/history.npz,0.0005454957813341239,True
main,f06,f12,pinn_de,476,results/main/f12/pinn_de/seed476/history.npz,0.035702928593232215,True
main,f06,f12,pinn_de,477,results/main/f12/pinn_de/seed477/history.npz,0.0005682674505471173,True
main,f06,f12,pinn_de,478,results/main/f12/pinn_de/seed478/history.npz,0.005416039750062795,True
main,f06,f12,pinn_de,479,results/main/f12/pinn_de/seed479/history.npz,0.9499100103147909,True
main,f06,f12,pino_de,450,results/main/f12/pino_de/seed450/history.npz,4.8799111692375165e-08,True
main,f06,f12,pino_de,451,results/main/f12/pino_de/seed451/history.npz,0.0004200112360487002,True
main,f06,f12,pino_de,452,results/main/f12/pino_de/seed452/history.npz,6.633550468939744e-06,True
main,f06,f12,pino_de,453,results/main/f12/pino_de/seed453/history.npz,4.609815968906556e-09,True
main,f06,f12,pino_de,454,results/main/f12/pino_de/seed454/history.npz,0.00024198421851798864,True
main,f06,f12,pino_de,455,results/main/f12/pino_de/seed455/history.npz,0.0009523381885062609,True
main,f06,f12,pino_de,456,results/main/f12/pino_de/seed456/history.npz,0.00017957075929625444,True
main,f06,f12,pino_de,457,results/main/f12/pino_de/seed457/history.npz,0.0012170620855042004,True
main,f06,f12,pino_de,458,results/main/f12/pino_de/seed458/history.npz,0.0001641386317166488,True
main,f06,f12,pino_de,459,results/main/f12/pino_de/seed459/history.npz,0.0001050830747654845,True
main,f06,f12,pino_de,460,results/main/f12/pino_de/seed460/history.npz,4.940176362430976e-06,True
main,f06,f12,pino_de,461,results/main/f12/pino_de/seed461/history.npz,9.86038289251342e-06,True
main,f06,f12,pino_de,462,results/main/f12/pino_de/seed462/history.npz,0.0002490921790258744,True
main,f06,f12,pino_de,463,results/main/f12/pino_de/seed463/history.npz,7.804174761838031e-05,True
main,f06,f12,pino_de,464,results/main/f12/pino_de/seed464/history.npz,4.146753123003748e-06,True
main,f06,f12,pino_de,465,results/main/f12/pino_de/seed465/history.npz,3.951892328444222e-05,True
main,f06,f12,pino_de,466,results/main/f12/pino_de/seed466/history.npz,0.00020032965753617206,True
main,f06,f12,pino_de,467,results/main/f12/pino_de/seed467/history.npz,0.0002879781705028858,True
main,f06,f12,pino_de,468,results/main/f12/pino_de/seed468/history.npz,0.000181229005374359,True
main,f06,f12,pino_de,469,results/main/f12/pino_de/seed469/history.npz,0.00019306439926322758,True
main,f06,f12,pino_de,470,results/main/f12/pino_de/seed470/history.npz,0.00030626667758444225,True
main,f06,f12,pino_de,471,results/main/f12/pino_de/seed471/history.npz,0.0003139211692851943,True
main,f06,f12,pino_de,472,results/main/f12/pino_de/seed472/history.npz,0.00017679925823311276,True
main,f06,f12,pino_de,473,results/main/f12/pino_de/seed473/history.npz,0.00023750907089245863,True
main,f06,f12,pino_de,474,results/main/f12/pino_de/seed474/history.npz,0.000257292307635425,True
main,f06,f12,pino_de,475,results/main/f12/pino_de/seed475/history.npz,4.229454347139858e-05,True
main,f06,f12,pino_de,476,results/main/f12/pino_de/seed476/history.npz,0.00010015081343357212,True
main,f06,f12,pino_de,477,results/main/f12/pino_de/seed477/history.npz,0.00016896870289405115,True
main,f06,f12,pino_de,478,results/main/f12/pino_de/seed478/history.npz,2.8316914075253742e-05,True
main,f06,f12,pino_de,479,results/main/f12/pino_de/seed479/history.npz,0.0008455770753130167,True
main,f06,f12,rbfn_de,450,results/main/f12/rbfn_de/seed450/history.npz,0.002370440465515413,True
main,f06,f12,rbfn_de,451,results/main/f12/rbfn_de/seed451/history.npz,0.0638311629904214,True
main,f06,f12,rbfn_de,452,results/main/f12/rbfn_de/seed452/history.npz,0.0017286692687410875,True
main,f06,f12,rbfn_de,453,results/main/f12/rbfn_de/seed453/history.npz,0.03451949931360035,True
main,f06,f12,rbfn_de,454,results/main/f12/rbfn_de/seed454/history.npz,0.5238667889731053,True
main,f06,f12,rbfn_de,455,results/main/f12/rbfn_de/seed455/history.npz,0.010007839669442948,True
main,f06,f12,rbfn_de,456,results/main/f12/rbfn_de/seed456/history.npz,0.06952462151289071,True
main,f06,f12,rbfn_de,457,results/main/f12/rbfn_de/seed457/history.npz,0.0010932195012419727,True
main,f06,f12,rbfn_de,458,results/main/f12/rbfn_de/seed458/history.npz,1.009595535048564e-05,True
main,f06,f12,rbfn_de,459,results/main/f12/rbfn_de/seed459/history.npz,0.11797916317310289,True
main,f06,f12,rbfn_de,460,results/main/f12/rbfn_de/seed460/history.npz,0.007456493268374238,True
main,f06,f12,rbfn_de,461,results/main/f12/rbfn_de/seed461/history.npz,0.003870516448708073,True
main,f06,f12,rbfn_de,462,results/main/f12/rbfn_de/seed462/history.npz,0.002422602309199727,True
main,f06,f12,rbfn_de,463,results/main/f12/rbfn_de/seed463/history.npz,0.5951296524695497,True
main,f06,f12,rbfn_de,464,results/main/f12/rbfn_de/seed464/history.npz,0.0019374952005623176,True
main,f06,f12,rbfn_de,465,results/main/f12/rbfn_de/seed465/history.npz,2.4838707657798176e-05,True
main,f06,f12,rbfn_de,466,results/main/f12/rbfn_de/seed466/history.npz,0.12265490655090658,True
main,f06,f12,rbfn_de,467,results/main/f12/rbfn_de/seed467/history.npz,0.2962904747083768,True
main,f06,f12,rbfn_de,468,results/main/f12/rbfn_de/seed468/history.npz,0.057015462906050376,True
main,f06,f12,rbfn_de,469,results/main/f12/rbfn_de/seed469/history.npz,0.044199445605658694,True
main,f06,f12,rbfn_de,470,results/main/f12/rbfn_de/seed470/history.npz,0.05283574005274964,True
main,f06,f12,rbfn_de,471,results/main/f12/rbfn_de/seed471/history.npz,0.1173848153297952,True
main,f06,f12,rbfn_de,472,results/main/f12/rbfn_de/seed472/history.npz,0.0020054014544641126,True
main,f06,f12,rbfn_de,473,results/main/f12/rbfn_de/seed473/history.npz,0.009507111418194464,True
main,f06,f12,rbfn_de,474,results/main/f12/rbfn_de/seed474/history.npz,0.07944918848256524,True
main,f06,f12,rbfn_de,475,results/main/f12/rbfn_de/seed475/history.npz,4.6467688977360184e-05,True
main,f06,f12,rbfn_de,476,results/main/f12/rbfn_de/seed476/history.npz,0.32008817438705833,True
main,f06,f12,rbfn_de,477,results/main/f12/rbfn_de/seed477/history.npz,0.06201637053785206,True
main,f06,f12,rbfn_de,478,results/main/f12/rbfn_de/seed478/history.npz,0.02596083096536976,True
main,f06,f12,rbfn_de,479,results/main/f12/rbfn_de/seed479/history.npz,0.5865938300555211,True
