group,problem,artifact_problem,method,seed,history_path,best_f,feasible
supplement,f01,f01,gp_cmaes,450,results/supplement/f01/gp_cmaes/seed450/history.npz,-0.09582503885030746,True
supplement,f01,f01,gp_cmaes,451,results/supplement/f01/gp_cmaes/seed451/history.npz,nan,False
supplement,f01,f01,gp_cmaes,452,results/supplement/f01/gp_cmaes/seed452/history.npz,-0.09582503885030746,True
supplement,f01,f01,gp_cmaes,453,results/supplement/f01/gp_cmaes/seed453/history.npz,-0.09582503885030746,True
supplement,f01,f01,gp_cmaes,454,results/supplement/f01/gp_cmaes/seed454/history.npz,-0.09582483768463135,True
supplement,f01,f01,gp_cmaes,455,results/supplement/f01/gp_cmaes/seed455/history.npz,-0.09582503139972687,True
supplement,f01,f01,gp_cmaes,456,results/supplement/f01/gp_cmaes/seed456/history.npz,-0.00951534416526556,True
supplement,f01,f01,gp_cmaes,457,results/supplement/f01/gp_cmaes/seed457/history.npz,-0.09582503885030746,True
supplement,f01,f01,gp_cmaes,458,results/supplement/f01/gp_cmaes/seed458/history.npz,-0.02728274278342724,True
supplement,f01,f01,gp_cmaes,459,results/supplement/f01/gp_cmaes/seed459/history.npz,-0.028037747368216515,True
supplement,f01,f01,gp_cmaes,460,results/supplement/f01/gp_cmaes/seed460/history.npz,-0.09486360102891922,True
supplement,f01,f01,gp_cmaes,461,results/supplement/f01/gp_cmaes/seed461/history.npz,-0.09582502394914627,True
supplement,f01,f01,gp_cmaes,462,results/supplement/f01/gp_cmaes/seed462/history.npz,-0.07896800339221954,True
supplement,f01,f01,gp_cmaes,463,results/supplement/f01/gp_cmaes/seed463/history.npz,-0.09582500904798508,True
supplement,f01,f01,gp_cmaes,464,results/supplement/f01/gp_cmaes/seed464/history.npz,-0.09566237032413483,True
supplement,f01,f01,gp_cmaes,465,results/supplement/f01/gp_cmaes/seed465/history.npz,-0.028037603944540024,True
supplement,f01,f01,gp_cmaes,466,results/supplement/f01/gp_cmaes/seed466/history.npz,-0.09582503885030746,True
supplement,f01,f01,gp_cmaes,467,results/supplement/f01/gp_cmaes/seed467/history.npz,-0.09582503885030746,True
supplement,f01,f01,gp_cmaes,468,results/supplement/f01/gp_cmaes/seed468/history.npz,-0.02803741581737995,True
supplement,f01,f01,gp_cmaes,469,results/supplement/f01/gp_cmaes/seed469/history.npz,-0.028037788346409798,True
supplement,f01,f01,gp_cmaes,470,results/supplement/f01/gp_cmaes/seed470/history.npz,-0.025508588179945946,True
supplement,f01,f01,gp_cmaes,471,results/supplement/f01/gp_cmaes/seed471/history.npz,-0.027250874787569046,True
supplement,f01,f01,gp_cmaes,472,results/supplement/f01/gp_cmaes/seed472/history.npz,-0.09570526331663132,True
supplement,f01,f01,gp_cmaes,473,results/supplement/f01/gp_cmaes/seed473/history.npz,-0.02718024142086506,True
supplement,f01,f01,gp_cmaes,474,results/supplement/f01/gp_cmaes/seed474/history.npz,nan,False
supplement,f01,f01,gp_cmaes,475,results/supplement/f01/gp_cmaes/seed475/history.npz,-0.028026157990098,True
supplement,f01,f01,gp_cmaes,476,results/supplement/f01/gp_cmaes/seed476/history.npz,-0.09582503885030746,True
supplement,f01,f01,gp_cmaes,477,results/supplement/f01/gp_cmaes/seed477/history.npz,-0.028034651651978493,True
supplement,f01,f01,gp_cmaes,478,results/supplement/f01/gp_cmaes/seed478/history.npz,-0.09582503885030746,True
supplement,f01,f01,gp_cmaes,479,results/supplement/f01/gp_cmaes/seed479/history.npz,-0.09582503885030746,True
supplement,f01,f01,gp_de_eps,450,results/supplement/f01/gp_de_eps/seed450/history.npz,nan,False
supplement,f01,f01,gp_de_eps,451,results/supplement/f01/gp_de_eps/seed451/history.npz,-0.09582500159740448,True
supplement,f01,f01,gp_de_eps,452,results/supplement/f01/gp_de_eps/seed452/history.npz,-0.09582498669624329,True
supplement,f01,f01,gp_de_eps,453,results/supplement/f01/gp_de_eps/seed453/history.npz,nan,False
supplement,f01,f01,gp_de_eps,454,results/supplement/f01/gp_de_eps/seed454/history.npz,-0.09582501649856567,True
supplement,f01,f01,gp_de_eps,455,results/supplement/f01/gp_de_eps/seed455/history.npz,-1.4710283721797168e-05,True
supplement,f01,f01,gp_de_eps,456,results/supplement/f01/gp_de_eps/seed456/history.npz,0.007055978290736675,True
supplement,f01,f01,gp_de_eps,457,results/supplement/f01/gp_de_eps/seed457/history.npz,-0.09582400321960449,True
supplement,f01,f01,gp_de_eps,458,results/supplement/f01/gp_de_eps/seed458/history.npz,nan,False
supplement,f01,f01,gp_de_eps,459,results/supplement/f01/gp_de_eps/seed459/history.npz,0.0027689174748957157,True
supplement,f01,f01,gp_de_eps,460,results/supplement/f01/gp_de_eps/seed460/history.npz,nan,False
supplement,f01,f01,gp_de_eps,461,results/supplement/f01/gp_de_eps/seed461/history.npz,-0.09582412242889404,True
supplement,f01,f01,gp_de_eps,462,results/supplement/f01/gp_de_eps/seed462/history.npz,-0.09582503885030746,True
supplement,f01,f01,gp_de_eps,463,results/supplement/f01/gp_de_eps/seed463/history.npz,-0.09581642597913742,True
supplement,f01,f01,gp_de_eps,464,results/supplement/f01/gp_de_eps/seed464/history.npz,-0.09582503885030746,True
supplement,f01,f01,gp_de_eps,465,results/supplement/f01/gp_de_eps/seed465/history.npz,0.00016160043014679104,True
supplement,f01,f01,gp_de_eps,466,results/supplement/f01/gp_de_eps/seed466/history.npz,nan,False
supplement,f01,f01,gp_de_eps,467,results/supplement/f01/gp_de_eps/seed467/history.npz,-0.09582385420799255,True
supplement,f01,f01,gp_de_eps,468,results/supplement/f01/gp_de_eps/seed468/history.npz,-0.09582503885030746,True
supplement,f01,f01,gp_de_eps,469,results/supplement/f01/gp_de_eps/seed469/history.npz,nan,False
supplement,f01,f01,gp_de_eps,470,results/supplement/f01/gp_de_eps/seed470/history.npz,-0.09582378715276718,True
supplement,f01,f01,gp_de_eps,471,results/supplement/f01/gp_de_eps/seed471/history.npz,-0.09582483023405075,True
supplement,f01,f01,gp_de_eps,472,results/supplement/f01/gp_de_eps/seed472/history.npz,nan,False
supplement,f01,f01,gp_de_eps,473,results/supplement/f01/gp_de_eps/seed473/history.npz,-0.017871607095003128,True
supplement,f01,f01,gp_de_eps,474,results/supplement/f01/gp_de_eps/seed474/history.npz,-0.09582503885030746,True
supplement,f01,f01,gp_de_eps,475,results/supplement/f01/gp_de_eps/seed475/history.npz,-0.09582490473985672,True
supplement,f01,f01,gp_de_eps,476,results/supplement/f01/gp_de_eps/seed476/history.npz,nan,False
supplement,f01,f01,gp_de_eps,477,results/supplement/f01/gp_de_eps/seed477/history.npz,-0.09582502394914627,True
supplement,f01,f01,gp_de_eps,478,results/supplement/f01/gp_de_eps/seed478/history.npz,0.004121735226362944,True
supplement,f01,f01,gp_de_eps,479,results/supplement/f01/gp_de_eps/seed479/history.npz,-0.09582500904798508,True
supplement,f01,f01,gp_de_fs,450,results/supplement/f01/gp_de_fs/seed450/history.npz,-0.09582503885030746,True
supplement,f01,f01,gp_de_fs,451,results/supplement/f01/gp_de_fs/seed451/history.npz,-0.09582501649856567,True
supplement,f01,f01,gp_de_fs,452,results/supplement/f01/gp_de_fs/seed452/history.npz,-0.09582503885030746,True
supplement,f01,f01,gp_de_fs,453,results/supplement/f01/gp_de_fs/seed453/history.npz,-0.09336485713720322,True
supplement,f01,f01,gp_de_fs,454,results/supplement/f01/gp_de_fs/seed454/history.npz,-0.09582502394914627,True
supplement,f01,f01,gp_de_fs,455,results/supplement/f01/gp_de_fs/seed455/history.npz,-0.09582503885030746,True
supplement,f01,f01,gp_de_fs,456,results/supplement/f01/gp_de_fs/seed456/history.npz,-0.09582503139972687,True
supplement,f01,f01,gp_de_fs,457,results/supplement/f01/gp_de_fs/seed457/history.npz,-0.09582503139972687,True
supplement,f01,f01,gp_de_fs,458,results/supplement/f01/gp_de_fs/seed458/history.npz,-0.09582503885030746,True
supplement,f01,f01,gp_de_fs,459,results/supplement/f01/gp_de_fs/seed459/history.npz,-0.09582493454217911,True
supplement,f01,f01,gp_de_fs,460,results/supplement/f01/gp_de_fs/seed460/history.npz,-0.09582503885030746,True
supplement,f01,f01,gp_de_fs,461,results/supplement/f01/gp_de_fs/seed461/history.npz,-0.028037797659635544,True
supplement,f01,f01,gp_de_fs,462,results/supplement/f01/gp_de_fs/seed462/history.npz,-0.09582503885030746,True
supplement,f01,f01,gp_de_fs,463,results/supplement/f01/gp_de_fs/seed463/history.npz,-0.09582503885030746,True
supplement,f01,f01,gp_de_fs,464,results/supplement/f01/gp_de_fs/seed464/history.npz,nan,False
supplement,f01,f01,gp_de_fs,465,results/supplement/f01/gp_de_fs/seed465/history.npz,-0.02770855836570263,True
supplement,f01,f01,gp_de_fs,466,results/supplement/f01/gp_de_fs/seed466/history.npz,-0.09582503885030746,True
supplement,f01,f01,gp_de_fs,467,results/supplement/f01/gp_de_fs/seed467/history.npz,-0.09582498669624329,True
supplement,f01,f01,gp_de_fs,468,results/supplement/f01/gp_de_fs/seed468/history.npz,-0.09582503885030746,True
supplement,f01,f01,gp_de_fs,469,results/supplement/f01/gp_de_fs/seed469/history.npz,-0.02582802250981331,True
supplement,f01,f01,gp_de_fs,470,results/supplement/f01/gp_de_fs/seed470/history.npz,-0.09582503885030746,True
supplement,f01,f01,gp_de_fs,471,results/supplement/f01/gp_de_fs/seed471/history.npz,-0.09582500159740448,True
supplement,f01,f01,gp_de_fs,472,results/supplement/f01/gp_de_fs/seed472/history.npz,-0.023498835042119026,True
supplement,f01,f01,gp_de_fs,473,results/supplement/f01/gp_de_fs/seed473/history.npz,-0.017871607095003128,True
supplement,f01,f01,gp_de_fs,474,results/supplement/f01/gp_de_fs/seed474/history.npz,-0.0958249643445015,True
supplement,f01,f01,gp_de_fs,475,results/supplement/f01/gp_de_fs/seed475/history.npz,-0.09582503885030746,True
supplement,f01,f01,gp_de_fs,476,results/supplement/f01/gp_de_fs/seed476/history.npz,nan,False
supplement,f01,f01,gp_de_fs,477,results/supplement/f01/gp_de_fs/seed477/history.npz,-0.09582500904798508,True
supplement,f01,f01,gp_de_fs,478,results/supplement/f01/gp_de_fs/seed478/history.npz,-8.1661157310009e-05,True
supplement,f01,f01,gp_de_fs,479,results/supplement/f01/gp_de_fs/seed479/history.npz,-0.09582503885030746,True
supplement,f01,f01,gp_pso,450,results/supplement/f01/gp_pso/seed450/history.npz,-0.09582503885030746,True
supplement,f01,f01,gp_pso,451,results/supplement/f01/gp_pso/seed451/history.npz,-0.09582503885030746,True
supplement,f01,f01,gp_pso,452,results/supplement/f01/gp_pso/seed452/history.npz,-0.09582489728927612,True
supplement,f01,f01,gp_pso,453,results/supplement/f01/gp_pso/seed453/history.npz,-0.09582503885030746,True
supplement,f01,f01,gp_pso,454,results/supplement/f01/gp_pso/seed454/history.npz,-0.02803545445203781,True
supplement,f01,f01,gp_pso,455,results/supplement/f01/gp_pso/seed455/history.npz,-0.09582500159740448,True
supplement,f01,f01,gp_pso,456,results/supplement/f01/gp_pso/seed456/history.npz,-0.09582502394914627,True
supplement,f01,f01,gp_pso,457,results/supplement/f01/gp_pso/seed457/history.npz,-0.09582503139972687,True
supplement,f01,f01,gp_pso,458,results/supplement/f01/gp_pso/seed458/history.npz,-0.09582503885030746,True
supplement,f01,f01,gp_pso,459,results/supplement/f01/gp_pso/seed459/history.npz,-0.09582502394914627,True
supplement,f01,f01,gp_pso,460,results/supplement/f01/gp_pso/seed460/history.npz,-0.09582503885030746,True
supplement,f01,f01,gp_pso,461,results/supplement/f01/gp_pso/seed461/history.npz,-0.028037773445248604,True
supplement,f01,f01,gp_pso,462,results/supplement/f01/gp_pso/seed462/history.npz,-0.09582503885030746,True
supplement,f01,f01,gp_pso,463,results/supplement/f01/gp_pso/seed463/history.npz,-0.09582503139972687,True
supplement,f01,f01,gp_pso,464,results/supplement/f01/gp_pso/seed464/history.npz,-0.09582503885030746,True
supplement,f01,f01,gp_pso,465,results/supplement/f01/gp_pso/seed465/history.npz,-0.09582503885030746,True
supplement,f01,f01,gp_pso,466,results/supplement/f01/gp_pso/seed466/history.npz,-0.09582503885030746,True
supplement,f01,f01,gp_pso,467,results/supplement/f01/gp_pso/seed467/history.npz,-0.09582501649856567,True
supplement,f01,f01,gp_pso,468,results/supplement/f01/gp_pso/seed468/history.npz,-0.09582503885030746,True
supplement,f01,f01,gp_pso,469,results/supplement/f01/gp_pso/seed469/history.npz,-0.09582503885030746,True
supplement,f01,f01,gp_pso,470,results/supplement/f01/gp_pso/seed470/history.npz,-0.09582503885030746,True
supplement,f01,f01,gp_pso,471,results/supplement/f01/gp_pso/seed471/history.npz,-0.09582503885030746,True
supplement,f01,f01,gp_pso,472,results/supplement/f01/gp_pso/seed472/history.npz,-0.09582503885030746,True
supplement,f01,f01,gp_pso,473,results/supplement/f01/gp_pso/seed473/history.npz,-0.09582503885030746,True
supplement,f01,f01,gp_pso,474,results/supplement/f01/gp_pso/seed474/history.npz,-0.09582503885030746,True
supplement,f01,f01,gp_pso,475,results/supplement/f01/gp_pso/seed475/history.npz,-0.09582503885030746,True
supplement,f01,f01,gp_pso,476,results/supplement/f01/gp_pso/seed476/history.npz,-0.028035420924425125,True
supplement,f01,f01,gp_pso,477,results/supplement/f01/gp_pso/seed477/history.npz,-0.09582503885030746,True
supplement,f01,f01,gp_pso,478,results/supplement/f01/gp_pso/seed478/history.npz,-0.027927907183766365,True
supplement,f01,f01,gp_pso,479,results/supplement/f01/gp_pso/seed479/history.npz,-0.09582501649856567,True
supplement,f01,f01,pigp_de_eps,450,results/supplement/f01/pigp_de_eps/seed450/history.npz,-0.02803780697286129,True
supplement,f01,f01,pigp_de_eps,451,results/supplement/f01/pigp_de_eps/seed451/history.npz,-0.030078325420618057,True
supplement,f01,f01,pigp_de_eps,452,results/supplement/f01/pigp_de_eps/seed452/history.npz,-0.018612094223499298,True
supplement,f01,f01,pigp_de_eps,453,results/supplement/f01/pigp_de_eps/seed453/history.npz,nan,False
supplement,f01,f01,pigp_de_eps,454,results/supplement/f01/pigp_de_eps/seed454/history.npz,-0.018929116427898407,True
supplement,f01,f01,pigp_de_eps,455,results/supplement/f01/pigp_de_eps/seed455/history.npz,-1.4710283721797168e-05,True
supplement,f01,f01,pigp_de_eps,456,results/supplement/f01/pigp_de_eps/seed456/history.npz,-0.09582503885030746,True
supplement,f01,f01,pigp_de_eps,457,results/supplement/f01/pigp_de_eps/seed457/history.npz,nan,False
supplement,f01,f01,pigp_de_eps,458,results/supplement/f01/pigp_de_eps/seed458/history.npz,nan,False
supplement,f01,f01,pigp_de_eps,459,results/supplement/f01/pigp_de_eps/seed459/history.npz,-0.09582503885030746,True
supplement,f01,f01,pigp_de_eps,460,results/supplement/f01/pigp_de_eps/seed460/history.npz,-0.09582503885030746,True
supplement,f01,f01,pigp_de_eps,461,results/supplement/f01/pigp_de_eps/seed461/history.npz,-0.09582499414682388,True
supplement,f01,f01,pigp_de_eps,462,results/supplement/f01/pigp_de_eps/seed462/history.npz,0.005729117896407843,True
supplement,f01,f01,pigp_de_eps,463,results/supplement/f01/pigp_de_eps/seed463/history.npz,-0.09582477807998657,True
supplement,f01,f01,pigp_de_eps,464,results/supplement/f01/pigp_de_eps/seed464/history.npz,-0.09582503885030746,True
supplement,f01,f01,pigp_de_eps,465,results/supplement/f01/pigp_de_eps/seed465/history.npz,0.00016160043014679104,True
supplement,f01,f01,pigp_de_eps,466,results/supplement/f01/pigp_de_eps/seed466/history.npz,nan,False
supplement,f01,f01,pigp_de_eps,467,results/supplement/f01/pigp_de_eps/seed467/history.npz,0.00340168084949255,True
supplement,f01,f01,pigp_de_eps,468,results/supplement/f01/pigp_de_eps/seed468/history.npz,-0.05670004338026047,True
supplement,f01,f01,pigp_de_eps,469,results/supplement/f01/pigp_de_eps/seed469/history.npz,-0.06022641062736511,True
supplement,f01,f01,pigp_de_eps,470,results/supplement/f01/pigp_de_eps/seed470/history.npz,-0.02869778871536255,True
supplement,f01,f01,pigp_de_eps,471,results/supplement/f01/pigp_de_eps/seed471/history.npz,-0.09582503885030746,True
supplement,f01,f01,pigp_de_eps,472,results/supplement/f01/pigp_de_eps/seed472/history.npz,nan,False
supplement,f01,f01,pigp_de_eps,473,results/supplement/f01/pigp_de_eps/seed473/history.npz,-0.017871607095003128,True
supplement,f01,f01,pigp_de_eps,474,results/supplement/f01/pigp_de_eps/seed474/history.npz,-0.09582503885030746,True
supplement,f01,f01,pigp_de_eps,475,results/supplement/f01/pigp_de_eps/seed475/history.npz,-0.03160982206463814,True
supplement,f01,f01,pigp_de_eps,476,results/supplement/f01/pigp_de_eps/seed476/history.npz,-0.0958116352558136,True
supplement,f01,f01,pigp_de_eps,477,results/supplement/f01/pigp_de_eps/seed477/history.npz,-0.09582503885030746,True
supplement,f01,f01,pigp_de_eps,478,results/supplement/f01/pigp_de_eps/seed478/history.npz,0.004121735226362944,True
supplement,f01,f01,pigp_de_eps,479,results/supplement/f01/pigp_de_eps/seed479/history.npz,-0.08161100745201111,True
supplement,f01,f01,pigp_de_fs,450,results/supplement/f01/pigp_de_fs/seed450/history.npz,-0.09582503885030746,True
supplement,f01,f01,pigp_de_fs,451,results/supplement/f01/pigp_de_fs/seed451/history.npz,-0.09582503885030746,True
supplement,f01,f01,pigp_de_fs,452,results/supplement/f01/pigp_de_fs/seed452/history.npz,-0.09582503885030746,True
supplement,f01,f01,pigp_de_fs,453,results/supplement/f01/pigp_de_fs/seed453/history.npz,-0.02285389043390751,True
supplement,f01,f01,pigp_de_fs,454,results/supplement/f01/pigp_de_fs/seed454/history.npz,-0.09582503885030746,True
supplement,f01,f01,pigp_de_fs,455,results/supplement/f01/pigp_de_fs/seed455/history.npz,-0.09582503885030746,True
supplement,f01,f01,pigp_de_fs,456,results/supplement/f01/pigp_de_fs/seed456/history.npz,-0.09582503885030746,True
supplement,f01,f01,pigp_de_fs,457,results/supplement/f01/pigp_de_fs/seed457/history.npz,-0.09582503885030746,True
supplement,f01,f01,pigp_de_fs,458,results/supplement/f01/pigp_de_fs/seed458/history.npz,-0.09582503885030746,True
supplement,f01,f01,pigp_de_fs,459,results/supplement/f01/pigp_de_fs/seed459/history.npz,-0.09582503885030746,True
supplement,f01,f01,pigp_de_fs,460,results/supplement/f01/pigp_de_fs/seed460/history.npz,-0.09582503885030746,True
supplement,f01,f01,pigp_de_fs,461,results/supplement/f01/pigp_de_fs/seed461/history.npz,-0.02803780697286129,True
supplement,f01,f01,pigp_de_fs,462,results/supplement/f01/pigp_de_fs/seed462/history.npz,-0.09582503885030746,True
supplement,f01,f01,pigp_de_fs,463,results/supplement/f01/pigp_de_fs/seed463/history.npz,-0.02803780697286129,True
supplement,f01,f01,pigp_de_fs,464,results/supplement/f01/pigp_de_fs/seed464/history.npz,-0.09582503885030746,True
supplement,f01,f01,pigp_de_fs,465,results/supplement/f01/pigp_de_fs/seed465/history.npz,-0.09582503885030746,True
supplement,f01,f01,pigp_de_fs,466,results/supplement/f01/pigp_de_fs/seed466/history.npz,-0.09582503885030746,True
supplement,f01,f01,pigp_de_fs,467,results/supplement/f01/pigp_de_fs/seed467/history.npz,-0.09582497179508209,True
supplement,f01,f01,pigp_de_fs,468,results/supplement/f01/pigp_de_fs/seed468/history.npz,-0.09582503885030746,True
supplement,f01,f01,pigp_de_fs,469,results/supplement/f01/pigp_de_fs/seed469/history.npz,-0.02803780697286129,True
supplement,f01,f01,pigp_de_fs,470,results/supplement/f01/pigp_de_fs/seed470/history.npz,-0.09582503885030746,True
supplement,f01,f01,pigp_de_fs,471,results/supplement/f01/pigp_de_fs/seed471/history.npz,-0.09582503885030746,True
supplement,f01,f01,pigp_de_fs,472,results/supplement/f01/pigp_de_fs/seed472/history.npz,-0.027944261208176613,True
supplement,f01,f01,pigp_de_fs,473,results/supplement/f01/pigp_de_fs/seed473/history.npz,-0.09582503885030746,True
supplement,f01,f01,pigp_de_fs,474,results/supplement/f01/pigp_de_fs/seed474/history.npz,-0.09582503885030746,True
supplement,f01,f01,pigp_de_fs,475,results/supplement/f01/pigp_de_fs/seed475/history.npz,-0.09582503885030746,True
supplement,f01,f01,pigp_de_fs,476,results/supplement/f01/pigp_de_fs/seed476/history.npz,-0.09582503885030746,True
supplement,f01,f01,pigp_de_fs,477,results/supplement/f01/pigp_de_fs/seed477/history.npz,-0.09582503885030746,True
supplement,f01,f01,pigp_de_fs,478,results/supplement/f01/pigp_de_fs/seed478/history.npz,-0.09475117921829224,True
supplement,f01,f01,pigp_de_fs,479,results/supplement/f01/pigp_de_fs/seed479/history.npz,-0.09582503885030746,True
supplement,f01,f01,pinn_cmaes,450,results/supplement/f01/pinn_cmaes/seed450/history.npz,-0.09582500904798508,True
supplement,f01,f01,pinn_cmaes,451,results/supplement/f01/pinn_cmaes/seed451/history.npz,-0.09582427889108658,True
supplement,f01,f01,pinn_cmaes,452,results/supplement/f01/pinn_cmaes/seed452/history.npz,-0.09582401812076569,True
supplement,f01,f01,pinn_cmaes,453,results/supplement/f01/pinn_cmaes/seed453/history.npz,-0.09582500159740448,True
supplement,f01,f01,pinn_cmaes,454,results/supplement/f01/pinn_cmaes/seed454/history.npz,-0.09581360965967178,True
supplement,f01,f01,pinn_cmaes,455,results/supplement/f01/pinn_cmaes/seed455/history.npz,-0.09582408517599106,True
supplement,f01,f01,pinn_cmaes,456,results/supplement/f01/pinn_cmaes/seed456/history.npz,-0.09582497179508209,True
supplement,f01,f01,pinn_cmaes,457,results/supplement/f01/pinn_cmaes/seed457/history.npz,-0.09582503885030746,True
supplement,f01,f01,pinn_cmaes,458,results/supplement/f01/pinn_cmaes/seed458/history.npz,-0.09582484513521194,True
supplement,f01,f01,pinn_cmaes,459,results/supplement/f01/pinn_cmaes/seed459/history.npz,-0.09582493454217911,True
supplement,f01,f01,pinn_cmaes,460,results/supplement/f01/pinn_cmaes/seed460/history.npz,-0.09582503139972687,True
supplement,f01,f01,pinn_cmaes,461,results/supplement/f01/pinn_cmaes/seed461/history.npz,-0.09582445025444031,True
supplement,f01,f01,pinn_cmaes,462,results/supplement/f01/pinn_cmaes/seed462/history.npz,-0.09581255167722702,True
supplement,f01,f01,pinn_cmaes,463,results/supplement/f01/pinn_cmaes/seed463/history.npz,-0.09579937160015106,True
supplement,f01,f01,pinn_cmaes,464,results/supplement/f01/pinn_cmaes/seed464/history.npz,-0.02803780697286129,True
supplement,f01,f01,pinn_cmaes,465,results/supplement/f01/pinn_cmaes/seed465/history.npz,-0.09581486135721207,True
supplement,f01,f01,pinn_cmaes,466,results/supplement/f01/pinn_cmaes/seed466/history.npz,-0.09582468867301941,True
supplement,f01,f01,pinn_cmaes,467,results/supplement/f01/pinn_cmaes/seed467/history.npz,-0.09582172334194183,True
supplement,f01,f01,pinn_cmaes,468,results/supplement/f01/pinn_cmaes/seed468/history.npz,-0.09582502394914627,True
supplement,f01,f01,pinn_cmaes,469,results/supplement/f01/pinn_cmaes/seed469/history.npz,-0.09581629186868668,True
supplement,f01,f01,pinn_cmaes,470,results/supplement/f01/pinn_cmaes/seed470/history.npz,-0.09582183510065079,True
supplement,f01,f01,pinn_cmaes,471,results/supplement/f01/pinn_cmaes/seed471/history.npz,-0.09582491219043732,True
supplement,f01,f01,pinn_cmaes,472,results/supplement/f01/pinn_cmaes/seed472/history.npz,-0.09582026302814484,True
supplement,f01,f01,pinn_cmaes,473,results/supplement/f01/pinn_cmaes/seed473/history.npz,-0.09581425040960312,True
supplement,f01,f01,pinn_cmaes,474,results/supplement/f01/pinn_cmaes/seed474/history.npz,-0.09582499414682388,True
supplement,f01,f01,pinn_cmaes,475,results/supplement/f01/pinn_cmaes/seed475/history.npz,-0.09582405537366867,True
supplement,f01,f01,pinn_cmaes,476,results/supplement/f01/pinn_cmaes/seed476/history.npz,-0.09581948816776276,True
supplement,f01,f01,pinn_cmaes,477,results/supplement/f01/pinn_cmaes/seed477/history.npz,-0.09582503885030746,True
supplement,f01,f01,pinn_cmaes,478,results/supplement/f01/pinn_cmaes/seed478/history.npz,-0.09582503885030746,True
supplement,f01,f01,pinn_cmaes,479,results/supplement/f01/pinn_cmaes/seed479/history.npz,-0.09582004696130753,True
supplement,f01,f01,pinn_de_eps,450,results/supplement/f01/pinn_de_eps/seed450/history.npz,-0.09578220546245575,True
supplement,f01,f01,pinn_de_eps,451,results/supplement/f01/pinn_de_eps/seed451/history.npz,-0.09582488983869553,True
supplement,f01,f01,pinn_de_eps,452,results/supplement/f01/pinn_de_eps/seed452/history.npz,-0.09582190215587616,True
supplement,f01,f01,pinn_de_eps,453,results/supplement/f01/pinn_de_eps/seed453/history.npz,-0.09582128375768661,True
supplement,f01,f01,pinn_de_eps,454,results/supplement/f01/pinn_de_eps/seed454/history.npz,nan,False
supplement,f01,f01,pinn_de_eps,455,results/supplement/f01/pinn_de_eps/seed455/history.npz,-0.06520811468362808,True
supplement,f01,f01,pinn_de_eps,456,results/supplement/f01/pinn_de_eps/seed456/history.npz,0.007055978290736675,True
supplement,f01,f01,pinn_de_eps,457,results/supplement/f01/pinn_de_eps/seed457/history.npz,-0.0905902236700058,True
supplement,f01,f01,pinn_de_eps,458,results/supplement/f01/pinn_de_eps/seed458/history.npz,-0.09565097093582153,True
supplement,f01,f01,pinn_de_eps,459,results/supplement/f01/pinn_de_eps/seed459/history.npz,-0.09581315517425537,True
supplement,f01,f01,pinn_de_eps,460,results/supplement/f01/pinn_de_eps/seed460/history.npz,-0.09565845876932144,True
supplement,f01,f01,pinn_de_eps,461,results/supplement/f01/pinn_de_eps/seed461/history.npz,-0.09579266607761383,True
supplement,f01,f01,pinn_de_eps,462,results/supplement/f01/pinn_de_eps/seed462/history.npz,-0.09580539166927338,True
supplement,f01,f01,pinn_de_eps,463,results/supplement/f01/pinn_de_eps/seed463/history.npz,-0.015803558751940727,True
supplement,f01,f01,pinn_de_eps,464,results/supplement/f01/pinn_de_eps/seed464/history.npz,-0.095793716609478,True
supplement,f01,f01,pinn_de_eps,465,results/supplement/f01/pinn_de_eps/seed465/history.npz,0.00016160043014679104,True
supplement,f01,f01,pinn_de_eps,466,results/supplement/f01/pinn_de_eps/seed466/history.npz,-0.09575840085744858,True
supplement,f01,f01,pinn_de_eps,467,results/supplement/f01/pinn_de_eps/seed467/history.npz,-0.09582389891147614,True
supplement,f01,f01,pinn_de_eps,468,results/supplement/f01/pinn_de_eps/seed468/history.npz,-0.09580755978822708,True
supplement,f01,f01,pinn_de_eps,469,results/supplement/f01/pinn_de_eps/seed469/history.npz,-0.09582189470529556,True
supplement,f01,f01,pinn_de_eps,470,results/supplement/f01/pinn_de_eps/seed470/history.npz,-0.09579900652170181,True
supplement,f01,f01,pinn_de_eps,471,results/supplement/f01/pinn_de_eps/seed471/history.npz,-0.09578955918550491,True
supplement,f01,f01,pinn_de_eps,472,results/supplement/f01/pinn_de_eps/seed472/history.npz,nan,False
supplement,f01,f01,pinn_de_eps,473,results/supplement/f01/pinn_de_eps/seed473/history.npz,-0.09580846130847931,True
supplement,f01,f01,pinn_de_eps,474,results/supplement/f01/pinn_de_eps/seed474/history.npz,-0.09581577032804489,True
supplement,f01,f01,pinn_de_eps,475,results/supplement/f01/pinn_de_eps/seed475/history.npz,-0.09582498669624329,True
supplement,f01,f01,pinn_de_eps,476,results/supplement/f01/pinn_de_eps/seed476/history.npz,-0.09581779688596725,True
supplement,f01,f01,pinn_de_eps,477,results/supplement/f01/pinn_de_eps/seed477/history.npz,-0.08921768516302109,True
supplement,f01,f01,pinn_de_eps,478,results/supplement/f01/pinn_de_eps/seed478/history.npz,0.004121735226362944,True
supplement,f01,f01,pinn_de_eps,479,results/supplement/f01/pinn_de_eps/seed479/history.npz,-0.09581860899925232,True
supplement,f01,f01,pinn_de_fs,450,results/supplement/f01/pinn_de_fs/seed450/history.npz,-0.09582483768463135,True
supplement,f01,f01,pinn_de_fs,451,results/supplement/f01/pinn_de_fs/seed451/history.npz,-0.09582479298114777,True
supplement,f01,f01,pinn_de_fs,452,results/supplement/f01/pinn_de_fs/seed452/history.npz,-0.09582462161779404,True
supplement,f01,f01,pinn_de_fs,453,results/supplement/f01/pinn_de_fs/seed453/history.npz,-0.09582503885030746,True
supplement,f01,f01,pinn_de_fs,454,results/supplement/f01/pinn_de_fs/seed454/history.npz,-0.09582502394914627,True
supplement,f01,f01,pinn_de_fs,455,results/supplement/f01/pinn_de_fs/seed455/history.npz,-0.09582502394914627,True
supplement,f01,f01,pinn_de_fs,456,results/supplement/f01/pinn_de_fs/seed456/history.npz,-0.09581512212753296,True
supplement,f01,f01,pinn_de_fs,457,results/supplement/f01/pinn_de_fs/seed457/history.npz,-0.09543871879577637,True
supplement,f01,f01,pinn_de_fs,458,results/supplement/f01/pinn_de_fs/seed458/history.npz,-0.09582453966140747,True
supplement,f01,f01,pinn_de_fs,459,results/supplement/f01/pinn_de_fs/seed459/history.npz,-0.09580600261688232,True
supplement,f01,f01,pinn_de_fs,460,results/supplement/f01/pinn_de_fs/seed460/history.npz,-0.09582091122865677,True
supplement,f01,f01,pinn_de_fs,461,results/supplement/f01/pinn_de_fs/seed461/history.npz,-0.0958247035741806,True
supplement,f01,f01,pinn_de_fs,462,results/supplement/f01/pinn_de_fs/seed462/history.npz,-0.09582477062940598,True
supplement,f01,f01,pinn_de_fs,463,results/supplement/f01/pinn_de_fs/seed463/history.npz,-0.09582500159740448,True
supplement,f01,f01,pinn_de_fs,464,results/supplement/f01/pinn_de_fs/seed464/history.npz,-0.09582394361495972,True
supplement,f01,f01,pinn_de_fs,465,results/supplement/f01/pinn_de_fs/seed465/history.npz,-0.09582360833883286,True
supplement,f01,f01,pinn_de_fs,466,results/supplement/f01/pinn_de_fs/seed466/history.npz,-0.09581734985113144,True
supplement,f01,f01,pinn_de_fs,467,results/supplement/f01/pinn_de_fs/seed467/history.npz,-0.09581703692674637,True
supplement,f01,f01,pinn_de_fs,468,results/supplement/f01/pinn_de_fs/seed468/history.npz,-0.09582503139972687,True
supplement,f01,f01,pinn_de_fs,469,results/supplement/f01/pinn_de_fs/seed469/history.npz,-0.09581804275512695,True
supplement,f01,f01,pinn_de_fs,470,results/supplement/f01/pinn_de_fs/seed470/history.npz,-0.09582503885030746,True
supplement,f01,f01,pinn_de_fs,471,results/supplement/f01/pinn_de_fs/seed471/history.npz,-0.09582503885030746,True
supplement,f01,f01,pinn_de_fs,472,results/supplement/f01/pinn_de_fs/seed472/history.npz,-0.09582111984491348,True
supplement,f01,f01,pinn_de_fs,473,results/supplement/f01/pinn_de_fs/seed473/history.npz,-0.09582501649856567,True
supplement,f01,f01,pinn_de_fs,474,results/supplement/f01/pinn_de_fs/seed474/history.npz,-0.09581778943538666,True
supplement,f01,f01,pinn_de_fs,475,results/supplement/f01/pinn_de_fs/seed475/history.npz,-0.0958157330751419,True
supplement,f01,f01,pinn_de_fs,476,results/supplement/f01/pinn_de_fs/seed476/history.npz,-0.09580384194850922,True
supplement,f01,f01,pinn_de_fs,477,results/supplement/f01/pinn_de_fs/seed477/history.npz,-0.09582271426916122,True
supplement,f01,f01,pinn_de_fs,478,results/supplement/f01/pinn_de_fs/seed478/history.npz,-0.09582129865884781,True
supplement,f01,f01,pinn_de_fs,479,results/supplement/f01/pinn_de_fs/seed479/history.npz,-0.09582503885030746,True
supplement,f01,f01,pinn_pso,450,results/supplement/f01/pinn_pso/seed450/history.npz,-0.09581658244132996,True
supplement,f01,f01,pinn_pso,451,results/supplement/f01/pinn_pso/seed451/history.npz,-0.09582499414682388,True
supplement,f01,f01,pinn_pso,452,results/supplement/f01/pinn_pso/seed452/history.npz,-0.09582382440567017,True
supplement,f01,f01,pinn_pso,453,results/supplement/f01/pinn_pso/seed453/history.npz,-0.0958249568939209,True
supplement,f01,f01,pinn_pso,454,results/supplement/f01/pinn_pso/seed454/history.npz,-0.09582270681858063,True
supplement,f01,f01,pinn_pso,455,results/supplement/f01/pinn_pso/seed455/history.npz,-0.09572343528270721,True
supplement,f01,f01,pinn_pso,456,results/supplement/f01/pinn_pso/seed456/history.npz,-0.09582292288541794,True
supplement,f01,f01,pinn_pso,457,results/supplement/f01/pinn_pso/seed457/history.npz,-0.09579910337924957,True
supplement,f01,f01,pinn_pso,458,results/supplement/f01/pinn_pso/seed458/history.npz,-0.0958249568939209,True
supplement,f01,f01,pinn_pso,459,results/supplement/f01/pinn_pso/seed459/history.npz,-0.09582503885030746,True
supplement,f01,f01,pinn_pso,460,results/supplement/f01/pinn_pso/seed460/history.npz,-0.09582346677780151,True
supplement,f01,f01,pinn_pso,461,results/supplement/f01/pinn_pso/seed461/history.npz,-0.02803780697286129,True
supplement,f01,f01,pinn_pso,462,results/supplement/f01/pinn_pso/seed462/history.npz,-0.09582380205392838,True
supplement,f01,f01,pinn_pso,463,results/supplement/f01/pinn_pso/seed463/history.npz,-0.09582493454217911,True
supplement,f01,f01,pinn_pso,464,results/supplement/f01/pinn_pso/seed464/history.npz,-0.09582503885030746,True
supplement,f01,f01,pinn_pso,465,results/supplement/f01/pinn_pso/seed465/history.npz,-0.0958249568939209,True
supplement,f01,f01,pinn_pso,466,results/supplement/f01/pinn_pso/seed466/history.npz,-0.09582459181547165,True
supplement,f01,f01,pinn_pso,467,results/supplement/f01/pinn_pso/seed467/history.npz,-0.09582452476024628,True
supplement,f01,f01,pinn_pso,468,results/supplement/f01/pinn_pso/seed468/history.npz,-0.09582389891147614,True
supplement,f01,f01,pinn_pso,469,results/supplement/f01/pinn_pso/seed469/history.npz,-0.09582342207431793,True
supplement,f01,f01,pinn_pso,470,results/supplement/f01/pinn_pso/seed470/history.npz,-0.09582503885030746,True
supplement,f01,f01,pinn_pso,471,results/supplement/f01/pinn_pso/seed471/history.npz,-0.09582458436489105,True
supplement,f01,f01,pinn_pso,472,results/supplement/f01/pinn_pso/seed472/history.npz,-0.09582314640283585,True
supplement,f01,f01,pinn_pso,473,results/supplement/f01/pinn_pso/seed473/history.npz,-0.0958246961236,True
supplement,f01,f01,pinn_pso,474,results/supplement/f01/pinn_pso/seed474/history.npz,-0.09580043703317642,True
supplement,f01,f01,pinn_pso,475,results/supplement/f01/pinn_pso/seed475/history.npz,-0.0958249568939209,True
supplement,f01,f01,pinn_pso,476,results/supplement/f01/pinn_pso/seed476/history.npz,-0.09582503885030746,True
supplement,f01,f01,pinn_pso,477,results/supplement/f01/pinn_pso/seed477/history.npz,-0.09582445025444031,True
supplement,f01,f01,pinn_pso,478,results/supplement/f01/pinn_pso/seed478/history.npz,-0.0958186611533165,True
supplement,f01,f01,pinn_pso,479,results/supplement/f01/pinn_pso/seed479/history.npz,-0.09582477062940598,True
supplement,f01,f01,rbfn_cmaes,450,results/supplement/f01/rbfn_cmaes/seed450/history.npz,-0.02603958174586296,True
supplement,f01,f01,rbfn_cmaes,451,results/supplement/f01/rbfn_cmaes/seed451/history.npz,nan,False
supplement,f01,f01,rbfn_cmaes,452,results/supplement/f01/rbfn_cmaes/seed452/history.npz,nan,False
supplement,f01,f01,rbfn_cmaes,453,results/supplement/f01/rbfn_cmaes/seed453/history.npz,-0.08936941623687744,True
supplement,f01,f01,rbfn_cmaes,454,results/supplement/f01/rbfn_cmaes/seed454/history.npz,-0.0030447214376181364,True
supplement,f01,f01,rbfn_cmaes,455,results/supplement/f01/rbfn_cmaes/seed455/history.npz,-0.0919933095574379,True
supplement,f01,f01,rbfn_cmaes,456,results/supplement/f01/rbfn_cmaes/seed456/history.npz,nan,False
supplement,f01,f01,rbfn_cmaes,457,results/supplement/f01/rbfn_cmaes/seed457/history.npz,-0.04858198016881943,True
supplement,f01,f01,rbfn_cmaes,458,results/supplement/f01/rbfn_cmaes/seed458/history.npz,nan,False
supplement,f01,f01,rbfn_cmaes,459,results/supplement/f01/rbfn_cmaes/seed459/history.npz,nan,False
supplement,f01,f01,rbfn_cmaes,460,results/supplement/f01/rbfn_cmaes/seed460/history.npz,nan,False
supplement,f01,f01,rbfn_cmaes,461,results/supplement/f01/rbfn_cmaes/seed461/history.npz,-0.07895681262016296,True
supplement,f01,f01,rbfn_cmaes,462,results/supplement/f01/rbfn_cmaes/seed462/history.npz,0.014808407984673977,True
supplement,f01,f01,rbfn_cmaes,463,results/supplement/f01/rbfn_cmaes/seed463/history.npz,nan,False
supplement,f01,f01,rbfn_cmaes,464,results/supplement/f01/rbfn_cmaes/seed464/history.npz,-0.09159521013498306,True
supplement,f01,f01,rbfn_cmaes,465,results/supplement/f01/rbfn_cmaes/seed465/history.npz,nan,False
supplement,f01,f01,rbfn_cmaes,466,results/supplement/f01/rbfn_cmaes/seed466/history.npz,0.07029704004526138,True
supplement,f01,f01,rbfn_cmaes,467,results/supplement/f01/rbfn_cmaes/seed467/history.npz,-0.002294436562806368,True
supplement,f01,f01,rbfn_cmaes,468,results/supplement/f01/rbfn_cmaes/seed468/history.npz,-0.02784881554543972,True
supplement,f01,f01,rbfn_cmaes,469,results/supplement/f01/rbfn_cmaes/seed469/history.npz,-0.07045478373765945,True
supplement,f01,f01,rbfn_cmaes,470,results/supplement/f01/rbfn_cmaes/seed470/history.npz,-0.06794200092554092,True
supplement,f01,f01,rbfn_cmaes,471,results/supplement/f01/rbfn_cmaes/seed471/history.npz,-0.09421447664499283,True
supplement,f01,f01,rbfn_cmaes,472,results/supplement/f01/rbfn_cmaes/seed472/history.npz,0.10084976255893707,True
supplement,f01,f01,rbfn_cmaes,473,results/supplement/f01/rbfn_cmaes/seed473/history.npz,nan,False
supplement,f01,f01,rbfn_cmaes,474,results/supplement/f01/rbfn_cmaes/seed474/history.npz,-0.013886109925806522,True
supplement,f01,f01,rbfn_cmaes,475,results/supplement/f01/rbfn_cmaes/seed475/history.npz,-0.09515717625617981,True
supplement,f01,f01,rbfn_cmaes,476,results/supplement/f01/rbfn_cmaes/seed476/history.npz,nan,False
supplement,f01,f01,rbfn_cmaes,477,results/supplement/f01/rbfn_cmaes/seed477/history.npz,nan,False
supplement,f01,f01,rbfn_cmaes,478,results/supplement/f01/rbfn_cmaes/seed478/history.npz,-0.09582503885030746,True
supplement,f01,f01,rbfn_cmaes,479,results/supplement/f01/rbfn_cmaes/seed479/history.npz,-0.022479696199297905,True
supplement,f01,f01,rbfn_pso,450,results/supplement/f01/rbfn_pso/seed450/history.npz,-0.08015380799770355,True
supplement,f01,f01,rbfn_pso,451,results/supplement/f01/rbfn_pso/seed451/history.npz,-0.08084823936223984,True
supplement,f01,f01,rbfn_pso,452,results/supplement/f01/rbfn_pso/seed452/history.npz,-0.09578078985214233,True
supplement,f01,f01,rbfn_pso,453,results/supplement/f01/rbfn_pso/seed453/history.npz,-0.09582478553056717,True
supplement,f01,f01,rbfn_pso,454,results/supplement/f01/rbfn_pso/seed454/history.npz,-0.06672101467847824,True
supplement,f01,f01,rbfn_pso,455,results/supplement/f01/rbfn_pso/seed455/history.npz,-0.09311921149492264,True
supplement,f01,f01,rbfn_pso,456,results/supplement/f01/rbfn_pso/seed456/history.npz,-0.09551034867763519,True
supplement,f01,f01,rbfn_pso,457,results/supplement/f01/rbfn_pso/seed457/history.npz,-0.07377400994300842,True
supplement,f01,f01,rbfn_pso,458,results/supplement/f01/rbfn_pso/seed458/history.npz,-0.0926545187830925,True
supplement,f01,f01,rbfn_pso,459,results/supplement/f01/rbfn_pso/seed459/history.npz,-0.0942486822605133,True
supplement,f01,f01,rbfn_pso,460,results/supplement/f01/rbfn_pso/seed460/history.npz,nan,False
supplement,f01,f01,rbfn_pso,461,results/supplement/f01/rbfn_pso/seed461/history.npz,-0.02320478856563568,True
supplement,f01,f01,rbfn_pso,462,results/supplement/f01/rbfn_pso/seed462/history.npz,-0.027347059920430183,True
supplement,f01,f01,rbfn_pso,463,results/supplement/f01/rbfn_pso/seed463/history.npz,-0.05861850082874298,True
supplement,f01,f01,rbfn_pso,464,results/supplement/f01/rbfn_pso/seed464/history.npz,-0.09468015283346176,True
supplement,f01,f01,rbfn_pso,465,results/supplement/f01/rbfn_pso/seed465/history.npz,-0.05621590092778206,True
supplement,f01,f01,rbfn_pso,466,results/supplement/f01/rbfn_pso/seed466/history.npz,-0.0958104357123375,True
supplement,f01,f01,rbfn_pso,467,results/supplement/f01/rbfn_pso/seed467/history.npz,-0.09582006186246872,True
supplement,f01,f01,rbfn_pso,468,results/supplement/f01/rbfn_pso/seed468/history.npz,-0.09537573158740997,True
supplement,f01,f01,rbfn_pso,469,results/supplement/f01/rbfn_pso/seed469/history.npz,-0.09396066516637802,True
supplement,f01,f01,rbfn_pso,470,results/supplement/f01/rbfn_pso/seed470/history.npz,-0.09582208842039108,True
supplement,f01,f01,rbfn_pso,471,results/supplement/f01/rbfn_pso/seed471/history.npz,-0.09573126584291458,True
supplement,f01,f01,rbfn_pso,472,results/supplement/f01/rbfn_pso/seed472/history.npz,-0.0220579132437706,True
supplement,f01,f01,rbfn_pso,473,results/supplement/f01/rbfn_pso/seed473/history.npz,-0.08194315433502197,True
supplement,f01,f01,rbfn_pso,474,results/supplement/f01/rbfn_pso/seed474/history.npz,-0.06746494024991989,True
supplement,f01,f01,rbfn_pso,475,results/supplement/f01/rbfn_pso/seed475/history.npz,-0.07339786738157272,True
supplement,f01,f01,rbfn_pso,476,results/supplement/f01/rbfn_pso/seed476/history.npz,-0.006620625499635935,True
supplement,f01,f01,rbfn_pso,477,results/supplement/f01/rbfn_pso/seed477/history.npz,-0.09418877214193344,True
supplement,f01,f01,rbfn_pso,478,results/supplement/f01/rbfn_pso/seed478/history.npz,0.0029264409095048904,True
supplement,f01,f01,rbfn_pso,479,results/supplement/f01/rbfn_pso/seed479/history.npz,-0.09582499414682388,True
supplement,f02,f02,gp_cmaes,450,results/supplement/f02/gp_cmaes/seed450/history.npz,nan,False
supplement,f02,f02,gp_cmaes,451,results/supplement/f02/gp_cmaes/seed451/history.npz,nan,False
supplement,f02,f02,gp_cmaes,452,results/supplement/f02/gp_cmaes/seed452/history.npz,nan,False
supplement,f02,f02,gp_cmaes,453,results/supplement/f02/gp_cmaes/seed453/history.npz,nan,False
supplement,f02,f02,gp_cmaes,454,results/supplement/f02/gp_cmaes/seed454/history.npz,nan,False
supplement,f02,f02,gp_cmaes,455,results/supplement/f02/gp_cmaes/seed455/history.npz,nan,False
supplement,f02,f02,gp_cmaes,456,results/supplement/f02/gp_cmaes/seed456/history.npz,962.181309008884,True
supplement,f02,f02,gp_cmaes,457,results/supplement/f02/gp_cmaes/seed457/history.npz,nan,False
supplement,f02,f02,gp_cmaes,458,results/supplement/f02/gp_cmaes/seed458/history.npz,nan,False
supplement,f02,f02,gp_cmaes,459,results/supplement/f02/gp_cmaes/seed459/history.npz,nan,False
supplement,f02,f02,gp_cmaes,460,results/supplement/f02/gp_cmaes/seed460/history.npz,963.0290539108075,True
supplement,f02,f02,gp_cmaes,461,results/supplement/f02/gp_cmaes/seed461/history.npz,961.638604553365,True
supplement,f02,f02,gp_cmaes,462,results/supplement/f02/gp_cmaes/seed462/history.npz,nan,False
supplement,f02,f02,gp_cmaes,463,results/supplement/f02/gp_cmaes/seed463/history.npz,nan,False
supplement,f02,f02,gp_cmaes,464,results/supplement/f02/gp_cmaes/seed464/history.npz,nan,False
supplement,f02,f02,gp_cmaes,465,results/supplement/f02/gp_cmaes/seed465/history.npz,964.4197614951921,True
supplement,f02,f02,gp_cmaes,466,results/supplement/f02/gp_cmaes/seed466/history.npz,nan,False
supplement,f02,f02,gp_cmaes,467,results/supplement/f02/gp_cmaes/seed467/history.npz,nan,False
supplement,f02,f02,gp_cmaes,468,results/supplement/f02/gp_cmaes/seed468/history.npz,nan,False
supplement,f02,f02,gp_cmaes,469,results/supplement/f02/gp_cmaes/seed469/history.npz,963.1103422876974,True
supplement,f02,f02,gp_cmaes,470,results/supplement/f02/gp_cmaes/seed470/history.npz,962.8745461022065,True
supplement,f02,f02,gp_cmaes,471,results/supplement/f02/gp_cmaes/seed471/history.npz,nan,False
supplement,f02,f02,gp_cmaes,472,results/supplement/f02/gp_cmaes/seed472/history.npz,nan,False
supplement,f02,f02,gp_cmaes,473,results/supplement/f02/gp_cmaes/seed473/history.npz,nan,False
supplement,f02,f02,gp_cmaes,474,results/supplement/f02/gp_cmaes/seed474/history.npz,nan,False
supplement,f02,f02,gp_cmaes,475,results/supplement/f02/gp_cmaes/seed475/history.npz,nan,False
supplement,f02,f02,gp_cmaes,476,results/supplement/f02/gp_cmaes/seed476/history.npz,nan,False
supplement,f02,f02,gp_cmaes,477,results/supplement/f02/gp_cmaes/seed477/history.npz,nan,False
supplement,f02,f02,gp_cmaes,478,results/supplement/f02/gp_cmaes/seed478/history.npz,nan,False
supplement,f02,f02,gp_cmaes,479,results/supplement/f02/gp_cmaes/seed479/history.npz,962.0876922819474,True
supplement,f02,f02,gp_de_eps,450,results/supplement/f02/gp_de_eps/seed450/history.npz,nan,False
supplement,f02,f02,gp_de_eps,451,results/supplement/f02/gp_de_eps/seed451/history.npz,nan,False
supplement,f02,f02,gp_de_eps,452,results/supplement/f02/gp_de_eps/seed452/history.npz,nan,False
supplement,f02,f02,gp_de_eps,453,results/supplement/f02/gp_de_eps/seed453/history.npz,nan,False
supplement,f02,f02,gp_de_eps,454,results/supplement/f02/gp_de_eps/seed454/history.npz,nan,False
supplement,f02,f02,gp_de_eps,455,results/supplement/f02/gp_de_eps/seed455/history.npz,nan,False
supplement,f02,f02,gp_de_eps,456,results/supplement/f02/gp_de_eps/seed456/history.npz,nan,False
supplement,f02,f02,gp_de_eps,457,results/supplement/f02/gp_de_eps/seed457/history.npz,nan,False
supplement,f02,f02,gp_de_eps,458,results/supplement/f02/gp_de_eps/seed458/history.npz,nan,False
supplement,f02,f02,gp_de_eps,459,results/supplement/f02/gp_de_eps/seed459/history.npz,nan,False
supplement,f02,f02,gp_de_eps,460,results/supplement/f02/gp_de_eps/seed460/history.npz,nan,False
supplement,f02,f02,gp_de_eps,461,results/supplement/f02/gp_de_eps/seed461/history.npz,nan,False
supplement,f02,f02,gp_de_eps,462,results/supplement/f02/gp_de_eps/seed462/history.npz,nan,False
supplement,f02,f02,gp_de_eps,463,results/supplement/f02/gp_de_eps/seed463/history.npz,nan,False
supplement,f02,f02,gp_de_eps,464,results/supplement/f02/gp_de_eps/seed464/history.npz,nan,False
supplement,f02,f02,gp_de_eps,465,results/supplement/f02/gp_de_eps/seed465/history.npz,nan,False
supplement,f02,f02,gp_de_eps,466,results/supplement/f02/gp_de_eps/seed466/history.npz,nan,False
supplement,f02,f02,gp_de_eps,467,results/supplement/f02/gp_de_eps/seed467/history.npz,nan,False
supplement,f02,f02,gp_de_eps,468,results/supplement/f02/gp_de_eps/seed468/history.npz,nan,False
supplement,f02,f02,gp_de_eps,469,results/supplement/f02/gp_de_eps/seed469/history.npz,nan,False
supplement,f02,f02,gp_de_eps,470,results/supplement/f02/gp_de_eps/seed470/history.npz,nan,False
supplement,f02,f02,gp_de_eps,471,results/supplement/f02/gp_de_eps/seed471/history.npz,nan,False
supplement,f02,f02,gp_de_eps,472,results/supplement/f02/gp_de_eps/seed472/history.npz,nan,False
supplement,f02,f02,gp_de_eps,473,results/supplement/f02/gp_de_eps/seed473/history.npz,nan,False
supplement,f02,f02,gp_de_eps,474,results/supplement/f02/gp_de_eps/seed474/history.npz,nan,False
supplement,f02,f02,gp_de_eps,475,results/supplement/f02/gp_de_eps/seed475/history.npz,nan,False
supplement,f02,f02,gp_de_eps,476,results/supplement/f02/gp_de_eps/seed476/history.npz,nan,False
supplement,f02,f02,gp_de_eps,477,results/supplement/f02/gp_de_eps/seed477/history.npz,nan,False
supplement,f02,f02,gp_de_eps,478,results/supplement/f02/gp_de_eps/seed478/history.npz,nan,False
supplement,f02,f02,gp_de_eps,479,results/supplement/f02/gp_de_eps/seed479/history.npz,nan,False
supplement,f02,f02,gp_de_fs,450,results/supplement/f02/gp_de_fs/seed450/history.npz,nan,False
supplement,f02,f02,gp_de_fs,451,results/supplement/f02/gp_de_fs/seed451/history.npz,nan,False
supplement,f02,f02,gp_de_fs,452,results/supplement/f02/gp_de_fs/seed452/history.npz,nan,False
supplement,f02,f02,gp_de_fs,453,results/supplement/f02/gp_de_fs/seed453/history.npz,nan,False
supplement,f02,f02,gp_de_fs,454,results/supplement/f02/gp_de_fs/seed454/history.npz,964.4950424987582,True
supplement,f02,f02,gp_de_fs,455,results/supplement/f02/gp_de_fs/seed455/history.npz,nan,False
supplement,f02,f02,gp_de_fs,456,results/supplement/f02/gp_de_fs/seed456/history.npz,nan,False
supplement,f02,f02,gp_de_fs,457,results/supplement/f02/gp_de_fs/seed457/history.npz,nan,False
supplement,f02,f02,gp_de_fs,458,results/supplement/f02/gp_de_fs/seed458/history.npz,nan,False
supplement,f02,f02,gp_de_fs,459,results/supplement/f02/gp_de_fs/seed459/history.npz,nan,False
supplement,f02,f02,gp_de_fs,460,results/supplement/f02/gp_de_fs/seed460/history.npz,nan,False
supplement,f02,f02,gp_de_fs,461,results/supplement/f02/gp_de_fs/seed461/history.npz,nan,False
supplement,f02,f02,gp_de_fs,462,results/supplement/f02/gp_de_fs/seed462/history.npz,964.4596890812948,True
supplement,f02,f02,gp_de_fs,463,results/supplement/f02/gp_de_fs/seed463/history.npz,nan,False
supplement,f02,f02,gp_de_fs,464,results/supplement/f02/gp_de_fs/seed464/history.npz,nan,False
supplement,f02,f02,gp_de_fs,465,results/supplement/f02/gp_de_fs/seed465/history.npz,961.7278681746433,True
supplement,f02,f02,gp_de_fs,466,results/supplement/f02/gp_de_fs/seed466/history.npz,962.2574385682137,True
supplement,f02,f02,gp_de_fs,467,results/supplement/f02/gp_de_fs/seed467/history.npz,nan,False
supplement,f02,f02,gp_de_fs,468,results/supplement/f02/gp_de_fs/seed468/history.npz,nan,False
supplement,f02,f02,gp_de_fs,469,results/supplement/f02/gp_de_fs/seed469/history.npz,nan,False
supplement,f02,f02,gp_de_fs,470,results/supplement/f02/gp_de_fs/seed470/history.npz,nan,False
supplement,f02,f02,gp_de_fs,471,results/supplement/f02/gp_de_fs/seed471/history.npz,nan,False
supplement,f02,f02,gp_de_fs,472,results/supplement/f02/gp_de_fs/seed472/history.npz,nan,False
supplement,f02,f02,gp_de_fs,473,results/supplement/f02/gp_de_fs/seed473/history.npz,nan,False
supplement,f02,f02,gp_de_fs,474,results/supplement/f02/gp_de_fs/seed474/history.npz,nan,False
supplement,f02,f02,gp_de_fs,475,results/supplement/f02/gp_de_fs/seed475/history.npz,nan,False
supplement,f02,f02,gp_de_fs,476,results/supplement/f02/gp_de_fs/seed476/history.npz,962.2064412346451,True
supplement,f02,f02,gp_de_fs,477,results/supplement/f02/gp_de_fs/seed477/history.npz,nan,False
supplement,f02,f02,gp_de_fs,478,results/supplement/f02/gp_de_fs/seed478/history.npz,963.0167222238651,True
supplement,f02,f02,gp_de_fs,479,results/supplement/f02/gp_de_fs/seed479/history.npz,965.057198523487,True
supplement,f02,f02,gp_pso,450,results/supplement/f02/gp_pso/seed450/history.npz,nan,False
supplement,f02,f02,gp_pso,451,results/supplement/f02/gp_pso/seed451/history.npz,nan,False
supplement,f02,f02,gp_pso,452,results/supplement/f02/gp_pso/seed452/history.npz,nan,False
supplement,f02,f02,gp_pso,453,results/supplement/f02/gp_pso/seed453/history.npz,nan,False
supplement,f02,f02,gp_pso,454,results/supplement/f02/gp_pso/seed454/history.npz,nan,False
supplement,f02,f02,gp_pso,455,results/supplement/f02/gp_pso/seed455/history.npz,nan,False
supplement,f02,f02,gp_pso,456,results/supplement/f02/gp_pso/seed456/history.npz,nan,False
supplement,f02,f02,gp_pso,457,results/supplement/f02/gp_pso/seed457/history.npz,nan,False
supplement,f02,f02,gp_pso,458,results/supplement/f02/gp_pso/seed458/history.npz,963.8366051374348,True
supplement,f02,f02,gp_pso,459,results/supplement/f02/gp_pso/seed459/history.npz,nan,False
supplement,f02,f02,gp_pso,460,results/supplement/f02/gp_pso/seed460/history.npz,nan,False
supplement,f02,f02,gp_pso,461,results/supplement/f02/gp_pso/seed461/history.npz,962.5175826263823,True
supplement,f02,f02,gp_pso,462,results/supplement/f02/gp_pso/seed462/history.npz,nan,False
supplement,f02,f02,gp_pso,463,results/supplement/f02/gp_pso/seed463/history.npz,nan,False
supplement,f02,f02,gp_pso,464,results/supplement/f02/gp_pso/seed464/history.npz,nan,False
supplement,f02,f02,gp_pso,465,results/supplement/f02/gp_pso/seed465/history.npz,nan,False
supplement,f02,f02,gp_pso,466,results/supplement/f02/gp_pso/seed466/history.npz,nan,False
supplement,f02,f02,gp_pso,467,results/supplement/f02/gp_pso/seed467/history.npz,nan,False
supplement,f02,f02,gp_pso,468,results/supplement/f02/gp_pso/seed468/history.npz,nan,False
supplement,f02,f02,gp_pso,469,results/supplement/f02/gp_pso/seed469/history.npz,nan,False
supplement,f02,f02,gp_pso,470,results/supplement/f02/gp_pso/seed470/history.npz,963.6515814217106,True
supplement,f02,f02,gp_pso,471,results/supplement/f02/gp_pso/seed471/history.npz,961.9980202178011,True
supplement,f02,f02,gp_pso,472,results/supplement/f02/gp_pso/seed472/history.npz,nan,False
supplement,f02,f02,gp_pso,473,results/supplement/f02/gp_pso/seed473/history.npz,nan,False
supplement,f02,f02,gp_pso,474,results/supplement/f02/gp_pso/seed474/history.npz,nan,False
supplement,f02,f02,gp_pso,475,results/supplement/f02/gp_pso/seed475/history.npz,nan,False
supplement,f02,f02,gp_pso,476,results/supplement/f02/gp_pso/seed476/history.npz,nan,False
supplement,f02,f02,gp_pso,477,results/supplement/f02/gp_pso/seed477/history.npz,nan,False
supplement,f02,f02,gp_pso,478,results/supplement/f02/gp_pso/seed478/history.npz,961.7958199035668,True
supplement,f02,f02,gp_pso,479,results/supplement/f02/gp_pso/seed479/history.npz,nan,False
supplement,f02,f02,pigp_de_eps,450,results/supplement/f02/pigp_de_eps/seed450/history.npz,nan,False
supplement,f02,f02,pigp_de_eps,451,results/supplement/f02/pigp_de_eps/seed451/history.npz,961.9822644977984,True
supplement,f02,f02,pigp_de_eps,452,results/supplement/f02/pigp_de_eps/seed452/history.npz,nan,False
supplement,f02,f02,pigp_de_eps,453,results/supplement/f02/pigp_de_eps/seed453/history.npz,nan,False
supplement,f02,f02,pigp_de_eps,454,results/supplement/f02/pigp_de_eps/seed454/history.npz,nan,False
supplement,f02,f02,pigp_de_eps,455,results/supplement/f02/pigp_de_eps/seed455/history.npz,nan,False
supplement,f02,f02,pigp_de_eps,456,results/supplement/f02/pigp_de_eps/seed456/history.npz,963.1210635484487,True
supplement,f02,f02,pigp_de_eps,457,results/supplement/f02/pigp_de_eps/seed457/history.npz,962.048217625446,True
supplement,f02,f02,pigp_de_eps,458,results/supplement/f02/pigp_de_eps/seed458/history.npz,962.1645023965318,True
supplement,f02,f02,pigp_de_eps,459,results/supplement/f02/pigp_de_eps/seed459/history.npz,nan,False
supplement,f02,f02,pigp_de_eps,460,results/supplement/f02/pigp_de_eps/seed460/history.npz,nan,False
supplement,f02,f02,pigp_de_eps,461,results/supplement/f02/pigp_de_eps/seed461/history.npz,nan,False
supplement,f02,f02,pigp_de_eps,462,results/supplement/f02/pigp_de_eps/seed462/history.npz,nan,False
supplement,f02,f02,pigp_de_eps,463,results/supplement/f02/pigp_de_eps/seed463/history.npz,nan,False
supplement,f02,f02,pigp_de_eps,464,results/supplement/f02/pigp_de_eps/seed464/history.npz,nan,False
supplement,f02,f02,pigp_de_eps,465,results/supplement/f02/pigp_de_eps/seed465/history.npz,nan,False
supplement,f02,f02,pigp_de_eps,466,results/supplement/f02/pigp_de_eps/seed466/history.npz,962.9402638966131,True
supplement,f02,f02,pigp_de_eps,467,results/supplement/f02/pigp_de_eps/seed467/history.npz,963.066930269491,True
supplement,f02,f02,pigp_de_eps,468,results/supplement/f02/pigp_de_eps/seed468/history.npz,nan,False
supplement,f02,f02,pigp_de_eps,469,results/supplement/f02/pigp_de_eps/seed469/history.npz,nan,False
supplement,f02,f02,pigp_de_eps,470,results/supplement/f02/pigp_de_eps/seed470/history.npz,961.9872224843753,True
supplement,f02,f02,pigp_de_eps,471,results/supplement/f02/pigp_de_eps/seed471/history.npz,nan,False
supplement,f02,f02,pigp_de_eps,472,results/supplement/f02/pigp_de_eps/seed472/history.npz,nan,False
supplement,f02,f02,pigp_de_eps,473,results/supplement/f02/pigp_de_eps/seed473/history.npz,961.9469569129401,True
supplement,f02,f02,pigp_de_eps,474,results/supplement/f02/pigp_de_eps/seed474/history.npz,nan,False
supplement,f02,f02,pigp_de_eps,475,results/supplement/f02/pigp_de_eps/seed475/history.npz,961.9801402878901,True
supplement,f02,f02,pigp_de_eps,476,results/supplement/f02/pigp_de_eps/seed476/history.npz,nan,False
supplement,f02,f02,pigp_de_eps,477,results/supplement/f02/pigp_de_eps/seed477/history.npz,nan,False
supplement,f02,f02,pigp_de_eps,478,results/supplement/f02/pigp_de_eps/seed478/history.npz,962.0377480085259,True
supplement,f02,f02,pigp_de_eps,479,results/supplement/f02/pigp_de_eps/seed479/history.npz,961.5722650567467,True
supplement,f02,f02,pigp_de_fs,450,results/supplement/f02/pigp_de_fs/seed450/history.npz,nan,False
supplement,f02,f02,pigp_de_fs,451,results/supplement/f02/pigp_de_fs/seed451/history.npz,nan,False
supplement,f02,f02,pigp_de_fs,452,results/supplement/f02/pigp_de_fs/seed452/history.npz,961.7874739333332,True
supplement,f02,f02,pigp_de_fs,453,results/supplement/f02/pigp_de_fs/seed453/history.npz,nan,False
supplement,f02,f02,pigp_de_fs,454,results/supplement/f02/pigp_de_fs/seed454/history.npz,nan,False
supplement,f02,f02,pigp_de_fs,455,results/supplement/f02/pigp_de_fs/seed455/history.npz,961.9808938795279,True
supplement,f02,f02,pigp_de_fs,456,results/supplement/f02/pigp_de_fs/seed456/history.npz,nan,False
supplement,f02,f02,pigp_de_fs,457,results/supplement/f02/pigp_de_fs/seed457/history.npz,961.9800169022628,True
supplement,f02,f02,pigp_de_fs,458,results/supplement/f02/pigp_de_fs/seed458/history.npz,nan,False
supplement,f02,f02,pigp_de_fs,459,results/supplement/f02/pigp_de_fs/seed459/history.npz,nan,False
supplement,f02,f02,pigp_de_fs,460,results/supplement/f02/pigp_de_fs/seed460/history.npz,961.5829098896415,True
supplement,f02,f02,pigp_de_fs,461,results/supplement/f02/pigp_de_fs/seed461/history.npz,nan,False
supplement,f02,f02,pigp_de_fs,462,results/supplement/f02/pigp_de_fs/seed462/history.npz,nan,False
supplement,f02,f02,pigp_de_fs,463,results/supplement/f02/pigp_de_fs/seed463/history.npz,nan,False
supplement,f02,f02,pigp_de_fs,464,results/supplement/f02/pigp_de_fs/seed464/history.npz,nan,False
supplement,f02,f02,pigp_de_fs,465,results/supplement/f02/pigp_de_fs/seed465/history.npz,961.6724184606162,True
supplement,f02,f02,pigp_de_fs,466,results/supplement/f02/pigp_de_fs/seed466/history.npz,961.6911069187281,True
supplement,f02,f02,pigp_de_fs,467,results/supplement/f02/pigp_de_fs/seed467/history.npz,963.1934211528526,True
supplement,f02,f02,pigp_de_fs,468,results/supplement/f02/pigp_de_fs/seed468/history.npz,962.1627111693059,True
supplement,f02,f02,pigp_de_fs,469,results/supplement/f02/pigp_de_fs/seed469/history.npz,nan,False
supplement,f02,f02,pigp_de_fs,470,results/supplement/f02/pigp_de_fs/seed470/history.npz,nan,False
supplement,f02,f02,pigp_de_fs,471,results/supplement/f02/pigp_de_fs/seed471/history.npz,961.9801835523489,True
supplement,f02,f02,pigp_de_fs,472,results/supplement/f02/pigp_de_fs/seed472/history.npz,961.5716533679933,True
supplement,f02,f02,pigp_de_fs,473,results/supplement/f02/pigp_de_fs/seed473/history.npz,962.456157088515,True
supplement,f02,f02,pigp_de_fs,474,results/supplement/f02/pigp_de_fs/seed474/history.npz,nan,False
supplement,f02,f02,pigp_de_fs,475,results/supplement/f02/pigp_de_fs/seed475/history.npz,nan,False
supplement,f02,f02,pigp_de_fs,476,results/supplement/f02/pigp_de_fs/seed476/history.npz,nan,False
supplement,f02,f02,pigp_de_fs,477,results/supplement/f02/pigp_de_fs/seed477/history.npz,nan,False
supplement,f02,f02,pigp_de_fs,478,results/supplement/f02/pigp_de_fs/seed478/history.npz,961.7462840087449,True
supplement,f02,f02,pigp_de_fs,479,results/supplement/f02/pigp_de_fs/seed479/history.npz,nan,False
supplement,f02,f02,pinn_cmaes,450,results/supplement/f02/pinn_cmaes/seed450/history.npz,nan,False
supplement,f02,f02,pinn_cmaes,451,results/supplement/f02/pinn_cmaes/seed451/history.npz,nan,False
supplement,f02,f02,pinn_cmaes,452,results/supplement/f02/pinn_cmaes/seed452/history.npz,970.7749713269092,True
supplement,f02,f02,pinn_cmaes,453,results/supplement/f02/pinn_cmaes/seed453/history.npz,nan,False
supplement,f02,f02,pinn_cmaes,454,results/supplement/f02/pinn_cmaes/seed454/history.npz,963.2484522745488,True
supplement,f02,f02,pinn_cmaes,455,results/supplement/f02/pinn_cmaes/seed455/history.npz,nan,False
supplement,f02,f02,pinn_cmaes,456,results/supplement/f02/pinn_cmaes/seed456/history.npz,963.173393586874,True
supplement,f02,f02,pinn_cmaes,457,results/supplement/f02/pinn_cmaes/seed457/history.npz,nan,False
supplement,f02,f02,pinn_cmaes,458,results/supplement/f02/pinn_cmaes/seed458/history.npz,961.9452638305725,True
supplement,f02,f02,pinn_cmaes,459,results/supplement/f02/pinn_cmaes/seed459/history.npz,nan,False
supplement,f02,f02,pinn_cmaes,460,results/supplement/f02/pinn_cmaes/seed460/history.npz,nan,False
supplement,f02,f02,pinn_cmaes,461,results/supplement/f02/pinn_cmaes/seed461/history.npz,nan,False
supplement,f02,f02,pinn_cmaes,462,results/supplement/f02/pinn_cmaes/seed462/history.npz,nan,False
supplement,f02,f02,pinn_cmaes,463,results/supplement/f02/pinn_cmaes/seed463/history.npz,961.5753001368072,True
supplement,f02,f02,pinn_cmaes,464,results/supplement/f02/pinn_cmaes/seed464/history.npz,nan,False
supplement,f02,f02,pinn_cmaes,465,results/supplement/f02/pinn_cmaes/seed465/history.npz,nan,False
supplement,f02,f02,pinn_cmaes,466,results/supplement/f02/pinn_cmaes/seed466/history.npz,nan,False
supplement,f02,f02,pinn_cmaes,467,results/supplement/f02/pinn_cmaes/seed467/history.npz,963.1480944818396,True
supplement,f02,f02,pinn_cmaes,468,results/supplement/f02/pinn_cmaes/seed468/history.npz,961.5928091492445,True
supplement,f02,f02,pinn_cmaes,469,results/supplement/f02/pinn_cmaes/seed469/history.npz,962.069131584736,True
supplement,f02,f02,pinn_cmaes,470,results/supplement/f02/pinn_cmaes/seed470/history.npz,965.4984882389264,True
supplement,f02,f02,pinn_cmaes,471,results/supplement/f02/pinn_cmaes/seed471/history.npz,nan,False
supplement,f02,f02,pinn_cmaes,472,results/supplement/f02/pinn_cmaes/seed472/history.npz,nan,False
supplement,f02,f02,pinn_cmaes,473,results/supplement/f02/pinn_cmaes/seed473/history.npz,nan,False
supplement,f02,f02,pinn_cmaes,474,results/supplement/f02/pinn_cmaes/seed474/history.npz,nan,False
supplement,f02,f02,pinn_cmaes,475,results/supplement/f02/pinn_cmaes/seed475/history.npz,965.0536114276168,True
supplement,f02,f02,pinn_cmaes,476,results/supplement/f02/pinn_cmaes/seed476/history.npz,962.7042654103498,True
supplement,f02,f02,pinn_cmaes,477,results/supplement/f02/pinn_cmaes/seed477/history.npz,nan,False
supplement,f02,f02,pinn_cmaes,478,results/supplement/f02/pinn_cmaes/seed478/history.npz,961.9769743611861,True
supplement,f02,f02,pinn_cmaes,479,results/supplement/f02/pinn_cmaes/seed479/history.npz,nan,False
supplement,f02,f02,pinn_de_eps,450,results/supplement/f02/pinn_de_eps/seed450/history.npz,nan,False
supplement,f02,f02,pinn_de_eps,451,results/supplement/f02/pinn_de_eps/seed451/history.npz,nan,False
supplement,f02,f02,pinn_de_eps,452,results/supplement/f02/pinn_de_eps/seed452/history.npz,nan,False
supplement,f02,f02,pinn_de_eps,453,results/supplement/f02/pinn_de_eps/seed453/history.npz,962.9976184467827,True
supplement,f02,f02,pinn_de_eps,454,results/supplement/f02/pinn_de_eps/seed454/history.npz,nan,False
supplement,f02,f02,pinn_de_eps,455,results/supplement/f02/pinn_de_eps/seed455/history.npz,nan,False
supplement,f02,f02,pinn_de_eps,456,results/supplement/f02/pinn_de_eps/seed456/history.npz,nan,False
supplement,f02,f02,pinn_de_eps,457,results/supplement/f02/pinn_de_eps/seed457/history.npz,nan,False
supplement,f02,f02,pinn_de_eps,458,results/supplement/f02/pinn_de_eps/seed458/history.npz,nan,False
supplement,f02,f02,pinn_de_eps,459,results/supplement/f02/pinn_de_eps/seed459/history.npz,963.0314294951867,True
supplement,f02,f02,pinn_de_eps,460,results/supplement/f02/pinn_de_eps/seed460/history.npz,nan,False
supplement,f02,f02,pinn_de_eps,461,results/supplement/f02/pinn_de_eps/seed461/history.npz,nan,False
supplement,f02,f02,pinn_de_eps,462,results/supplement/f02/pinn_de_eps/seed462/history.npz,nan,False
supplement,f02,f02,pinn_de_eps,463,results/supplement/f02/pinn_de_eps/seed463/history.npz,nan,False
supplement,f02,f02,pinn_de_eps,464,results/supplement/f02/pinn_de_eps/seed464/history.npz,nan,False
supplement,f02,f02,pinn_de_eps,465,results/supplement/f02/pinn_de_eps/seed465/history.npz,nan,False
supplement,f02,f02,pinn_de_eps,466,results/supplement/f02/pinn_de_eps/seed466/history.npz,nan,False
supplement,f02,f02,pinn_de_eps,467,results/supplement/f02/pinn_de_eps/seed467/history.npz,nan,False
supplement,f02,f02,pinn_de_eps,468,results/supplement/f02/pinn_de_eps/seed468/history.npz,nan,False
supplement,f02,f02,pinn_de_eps,469,results/supplement/f02/pinn_de_eps/seed469/history.npz,nan,False
supplement,f02,f02,pinn_de_eps,470,results/supplement/f02/pinn_de_eps/seed470/history.npz,nan,False
supplement,f02,f02,pinn_de_eps,471,results/supplement/f02/pinn_de_eps/seed471/history.npz,nan,False
supplement,f02,f02,pinn_de_eps,472,results/supplement/f02/pinn_de_eps/seed472/history.npz,nan,False
supplement,f02,f02,pinn_de_eps,473,results/supplement/f02/pinn_de_eps/seed473/history.npz,nan,False
supplement,f02,f02,pinn_de_eps,474,results/supplement/f02/pinn_de_eps/seed474/history.npz,nan,False
supplement,f02,f02,pinn_de_eps,475,results/supplement/f02/pinn_de_eps/seed475/history.npz,nan,False
supplement,f02,f02,pinn_de_eps,476,results/supplement/f02/pinn_de_eps/seed476/history.npz,nan,False
supplement,f02,f02,pinn_de_eps,477,results/supplement/f02/pinn_de_eps/seed477/history.npz,966.2852844183027,True
supplement,f02,f02,pinn_de_eps,478,results/supplement/f02/pinn_de_eps/seed478/history.npz,nan,False
supplement,f02,f02,pinn_de_eps,479,results/supplement/f02/pinn_de_eps/seed479/history.npz,nan,False
supplement,f02,f02,pinn_de_fs,450,results/supplement/f02/pinn_de_fs/seed450/history.npz,nan,False
supplement,f02,f02,pinn_de_fs,451,results/supplement/f02/pinn_de_fs/seed451/history.npz,nan,False
supplement,f02,f02,pinn_de_fs,452,results/supplement/f02/pinn_de_fs/seed452/history.npz,nan,False
supplement,f02,f02,pinn_de_fs,453,results/supplement/f02/pinn_de_fs/seed453/history.npz,nan,False
supplement,f02,f02,pinn_de_fs,454,results/supplement/f02/pinn_de_fs/seed454/history.npz,nan,False
supplement,f02,f02,pinn_de_fs,455,results/supplement/f02/pinn_de_fs/seed455/history.npz,nan,False
supplement,f02,f02,pinn_de_fs,456,results/supplement/f02/pinn_de_fs/seed456/history.npz,nan,False
supplement,f02,f02,pinn_de_fs,457,results/supplement/f02/pinn_de_fs/seed457/history.npz,961.7610711803538,True
supplement,f02,f02,pinn_de_fs,458,results/supplement/f02/pinn_de_fs/seed458/history.npz,nan,False
supplement,f02,f02,pinn_de_fs,459,results/supplement/f02/pinn_de_fs/seed459/history.npz,nan,False
supplement,f02,f02,pinn_de_fs,460,results/supplement/f02/pinn_de_fs/seed460/history.npz,nan,False
supplement,f02,f02,pinn_de_fs,461,results/supplement/f02/pinn_de_fs/seed461/history.npz,nan,False
supplement,f02,f02,pinn_de_fs,462,results/supplement/f02/pinn_de_fs/seed462/history.npz,nan,False
supplement,f02,f02,pinn_de_fs,463,results/supplement/f02/pinn_de_fs/seed463/history.npz,nan,False
supplement,f02,f02,pinn_de_fs,464,results/supplement/f02/pinn_de_fs/seed464/history.npz,nan,False
supplement,f02,f02,pinn_de_fs,465,results/supplement/f02/pinn_de_fs/seed465/history.npz,nan,False
supplement,f02,f02,pinn_de_fs,466,results/supplement/f02/pinn_de_fs/seed466/history.npz,965.4425406632267,True
supplement,f02,f02,pinn_de_fs,467,results/supplement/f02/pinn_de_fs/seed467/history.npz,nan,False
supplement,f02,f02,pinn_de_fs,468,results/supplement/f02/pinn_de_fs/seed468/history.npz,nan,False
supplement,f02,f02,pinn_de_fs,469,results/supplement/f02/pinn_de_fs/seed469/history.npz,nan,False
supplement,f02,f02,pinn_de_fs,470,results/supplement/f02/pinn_de_fs/seed470/history.npz,nan,False
supplement,f02,f02,pinn_de_fs,471,results/supplement/f02/pinn_de_fs/seed471/history.npz,nan,False
supplement,f02,f02,pinn_de_fs,472,results/supplement/f02/pinn_de_fs/seed472/history.npz,964.9781313996551,True
supplement,f02,f02,pinn_de_fs,473,results/supplement/f02/pinn_de_fs/seed473/history.npz,nan,False
supplement,f02,f02,pinn_de_fs,474,results/supplement/f02/pinn_de_fs/seed474/history.npz,962.0034021275047,True
supplement,f02,f02,pinn_de_fs,475,results/supplement/f02/pinn_de_fs/seed475/history.npz,nan,False
supplement,f02,f02,pinn_de_fs,476,results/supplement/f02/pinn_de_fs/seed476/history.npz,nan,False
supplement,f02,f02,pinn_de_fs,477,results/supplement/f02/pinn_de_fs/seed477/history.npz,nan,False
supplement,f02,f02,pinn_de_fs,478,results/supplement/f02/pinn_de_fs/seed478/history.npz,nan,False
supplement,f02,f02,pinn_de_fs,479,results/supplement/f02/pinn_de_fs/seed479/history.npz,nan,False
supplement,f02,f02,pinn_pso,450,results/supplement/f02/pinn_pso/seed450/history.npz,nan,False
supplement,f02,f02,pinn_pso,451,results/supplement/f02/pinn_pso/seed451/history.npz,nan,False
supplement,f02,f02,pinn_pso,452,results/supplement/f02/pinn_pso/seed452/history.npz,nan,False
supplement,f02,f02,pinn_pso,453,results/supplement/f02/pinn_pso/seed453/history.npz,nan,False
supplement,f02,f02,pinn_pso,454,results/supplement/f02/pinn_pso/seed454/history.npz,nan,False
supplement,f02,f02,pinn_pso,455,results/supplement/f02/pinn_pso/seed455/history.npz,963.6742123979521,True
supplement,f02,f02,pinn_pso,456,results/supplement/f02/pinn_pso/seed456/history.npz,nan,False
supplement,f02,f02,pinn_pso,457,results/supplement/f02/pinn_pso/seed457/history.npz,nan,False
supplement,f02,f02,pinn_pso,458,results/supplement/f02/pinn_pso/seed458/history.npz,nan,False
supplement,f02,f02,pinn_pso,459,results/supplement/f02/pinn_pso/seed459/history.npz,965.5679197246241,True
supplement,f02,f02,pinn_pso,460,results/supplement/f02/pinn_pso/seed460/history.npz,962.044136645718,True
supplement,f02,f02,pinn_pso,461,results/supplement/f02/pinn_pso/seed461/history.npz,962.7033709120083,True
supplement,f02,f02,pinn_pso,462,results/supplement/f02/pinn_pso/seed462/history.npz,nan,False
supplement,f02,f02,pinn_pso,463,results/supplement/f02/pinn_pso/seed463/history.npz,nan,False
supplement,f02,f02,pinn_pso,464,results/supplement/f02/pinn_pso/seed464/history.npz,963.2401950931369,True
supplement,f02,f02,pinn_pso,465,results/supplement/f02/pinn_pso/seed465/history.npz,964.2191083920575,True
supplement,f02,f02,pinn_pso,466,results/supplement/f02/pinn_pso/seed466/history.npz,nan,False
supplement,f02,f02,pinn_pso,467,results/supplement/f02/pinn_pso/seed467/history.npz,nan,False
supplement,f02,f02,pinn_pso,468,results/supplement/f02/pinn_pso/seed468/history.npz,962.1546220822346,True
supplement,f02,f02,pinn_pso,469,results/supplement/f02/pinn_pso/seed469/history.npz,966.2142711528659,True
supplement,f02,f02,pinn_pso,470,results/supplement/f02/pinn_pso/seed470/history.npz,nan,False
supplement,f02,f02,pinn_pso,471,results/supplement/f02/pinn_pso/seed471/history.npz,nan,False
supplement,f02,f02,pinn_pso,472,results/supplement/f02/pinn_pso/seed472/history.npz,961.598341918574,True
supplement,f02,f02,pinn_pso,473,results/supplement/f02/pinn_pso/seed473/history.npz,nan,False
supplement,f02,f02,pinn_pso,474,results/supplement/f02/pinn_pso/seed474/history.npz,nan,False
supplement,f02,f02,pinn_pso,475,results/supplement/f02/pinn_pso/seed475/history.npz,961.9567321706197,True
supplement,f02,f02,pinn_pso,476,results/supplement/f02/pinn_pso/seed476/history.npz,nan,False
supplement,f02,f02,pinn_pso,477,results/supplement/f02/pinn_pso/seed477/history.npz,nan,False
supplement,f02,f02,pinn_pso,478,results/supplement/f02/pinn_pso/seed478/history.npz,nan,False
supplement,f02,f02,pinn_pso,479,results/supplement/f02/pinn_pso/seed479/history.npz,nan,False
supplement,f02,f02,rbfn_cmaes,450,results/supplement/f02/rbfn_cmaes/seed450/history.npz,nan,False
supplement,f02,f02,rbfn_cmaes,451,results/supplement/f02/rbfn_cmaes/seed451/history.npz,nan,False
supplement,f02,f02,rbfn_cmaes,452,results/supplement/f02/rbfn_cmaes/seed452/history.npz,nan,False
supplement,f02,f02,rbfn_cmaes,453,results/supplement/f02/rbfn_cmaes/seed453/history.npz,nan,False
supplement,f02,f02,rbfn_cmaes,454,results/supplement/f02/rbfn_cmaes/seed454/history.npz,nan,False
supplement,f02,f02,rbfn_cmaes,455,results/supplement/f02/rbfn_cmaes/seed455/history.npz,nan,False
supplement,f02,f02,rbfn_cmaes,456,results/supplement/f02/rbfn_cmaes/seed456/history.npz,nan,False
supplement,f02,f02,rbfn_cmaes,457,results/supplement/f02/rbfn_cmaes/seed457/history.npz,nan,False
supplement,f02,f02,rbfn_cmaes,458,results/supplement/f02/rbfn_cmaes/seed458/history.npz,962.0019295861208,True
supplement,f02,f02,rbfn_cmaes,459,results/supplement/f02/rbfn_cmaes/seed459/history.npz,961.980805590539,True
supplement,f02,f02,rbfn_cmaes,460,results/supplement/f02/rbfn_cmaes/seed460/history.npz,nan,False
supplement,f02,f02,rbfn_cmaes,461,results/supplement/f02/rbfn_cmaes/seed461/history.npz,nan,False
supplement,f02,f02,rbfn_cmaes,462,results/supplement/f02/rbfn_cmaes/seed462/history.npz,nan,False
supplement,f02,f02,rbfn_cmaes,463,results/supplement/f02/rbfn_cmaes/seed463/history.npz,961.5711225472135,True
supplement,f02,f02,rbfn_cmaes,464,results/supplement/f02/rbfn_cmaes/seed464/history.npz,nan,False
supplement,f02,f02,rbfn_cmaes,465,results/supplement/f02/rbfn_cmaes/seed465/history.npz,961.5674338220018,True
supplement,f02,f02,rbfn_cmaes,466,results/supplement/f02/rbfn_cmaes/seed466/history.npz,nan,False
supplement,f02,f02,rbfn_cmaes,467,results/supplement/f02/rbfn_cmaes/seed467/history.npz,971.4123731810972,True
supplement,f02,f02,rbfn_cmaes,468,results/supplement/f02/rbfn_cmaes/seed468/history.npz,nan,False
supplement,f02,f02,rbfn_cmaes,469,results/supplement/f02/rbfn_cmaes/seed469/history.npz,nan,False
supplement,f02,f02,rbfn_cmaes,470,results/supplement/f02/rbfn_cmaes/seed470/history.npz,961.9852764734081,True
supplement,f02,f02,rbfn_cmaes,471,results/supplement/f02/rbfn_cmaes/seed471/history.npz,nan,False
supplement,f02,f02,rbfn_cmaes,472,results/supplement/f02/rbfn_cmaes/seed472/history.npz,961.9893453197227,True
supplement,f02,f02,rbfn_cmaes,473,results/supplement/f02/rbfn_cmaes/seed473/history.npz,nan,False
supplement,f02,f02,rbfn_cmaes,474,results/supplement/f02/rbfn_cmaes/seed474/history.npz,963.3231934120572,True
supplement,f02,f02,rbfn_cmaes,475,results/supplement/f02/rbfn_cmaes/seed475/history.npz,962.9129090714388,True
supplement,f02,f02,rbfn_cmaes,476,results/supplement/f02/rbfn_cmaes/seed476/history.npz,nan,False
supplement,f02,f02,rbfn_cmaes,477,results/supplement/f02/rbfn_cmaes/seed477/history.npz,nan,False
supplement,f02,f02,rbfn_cmaes,478,results/supplement/f02/rbfn_cmaes/seed478/history.npz,967.1130007296593,True
supplement,f02,f02,rbfn_cmaes,479,results/supplement/f02/rbfn_cmaes/seed479/history.npz,963.1786025927441,True
supplement,f02,f02,rbfn_pso,450,results/supplement/f02/rbfn_pso/seed450/history.npz,nan,False
supplement,f02,f02,rbfn_pso,451,results/supplement/f02/rbfn_pso/seed451/history.npz,962.0464571473913,True
supplement,f02,f02,rbfn_pso,452,results/supplement/f02/rbfn_pso/seed452/history.npz,962.6686698590543,True
supplement,f02,f02,rbfn_pso,453,results/supplement/f02/rbfn_pso/seed453/history.npz,967.5700542084303,True
supplement,f02,f02,rbfn_pso,454,results/supplement/f02/rbfn_pso/seed454/history.npz,964.4072237686994,True
supplement,f02,f02,rbfn_pso,455,results/supplement/f02/rbfn_pso/seed455/history.npz,961.9151989187957,True
supplement,f02,f02,rbfn_pso,456,results/supplement/f02/rbfn_pso/seed456/history.npz,nan,False
supplement,f02,f02,rbfn_pso,457,results/supplement/f02/rbfn_pso/seed457/history.npz,nan,False
supplement,f02,f02,rbfn_pso,458,results/supplement/f02/rbfn_pso/seed458/history.npz,962.2044479977155,True
supplement,f02,f02,rbfn_pso,459,results/supplement/f02/rbfn_pso/seed459/history.npz,964.769766709028,True
supplement,f02,f02,rbfn_pso,460,results/supplement/f02/rbfn_pso/seed460/history.npz,966.9187163333737,True
supplement,f02,f02,rbfn_pso,461,results/supplement/f02/rbfn_pso/seed461/history.npz,nan,False
supplement,f02,f02,rbfn_pso,462,results/supplement/f02/rbfn_pso/seed462/history.npz,964.7921650426457,True
supplement,f02,f02,rbfn_pso,463,results/supplement/f02/rbfn_pso/seed463/history.npz,nan,False
supplement,f02,f02,rbfn_pso,464,results/supplement/f02/rbfn_pso/seed464/history.npz,963.8101605059725,True
supplement,f02,f02,rbfn_pso,465,results/supplement/f02/rbfn_pso/seed465/history.npz,nan,False
supplement,f02,f02,rbfn_pso,466,results/supplement/f02/rbfn_pso/seed466/history.npz,nan,False
supplement,f02,f02,rbfn_pso,467,results/supplement/f02/rbfn_pso/seed467/history.npz,nan,False
supplement,f02,f02,rbfn_pso,468,results/supplement/f02/rbfn_pso/seed468/history.npz,964.077001589379,True
supplement,f02,f02,rbfn_pso,469,results/supplement/f02/rbfn_pso/seed469/history.npz,963.0911787217897,True
supplement,f02,f02,rbfn_pso,470,results/supplement/f02/rbfn_pso/seed470/history.npz,964.0395442699107,True
supplement,f02,f02,rbfn_pso,471,results/supplement/f02/rbfn_pso/seed471/history.npz,963.1637341356471,True
supplement,f02,f02,rbfn_pso,472,results/supplement/f02/rbfn_pso/seed472/history.npz,nan,False
supplement,f02,f02,rbfn_pso,473,results/supplement/f02/rbfn_pso/seed473/history.npz,nan,False
supplement,f02,f02,rbfn_pso,474,results/supplement/f02/rbfn_pso/seed474/history.npz,nan,False
supplement,f02,f02,rbfn_pso,475,results/supplement/f02/rbfn_pso/seed475/history.npz,966.3156212876518,True
supplement,f02,f02,rbfn_pso,476,results/supplement/f02/rbfn_pso/seed476/history.npz,963.0730946543536,True
supplement,f02,f02,rbfn_pso,477,results/supplement/f02/rbfn_pso/seed477/history.npz,nan,False
supplement,f02,f02,rbfn_pso,478,results/supplement/f02/rbfn_pso/seed478/history.npz,961.5972245450043,True
supplement,f02,f02,rbfn_pso,479,results/supplement/f02/rbfn_pso/seed479/history.npz,966.6713288227531,True
supplement,f03,f03,gp_cmaes,450,results/supplement/f03/gp_cmaes/seed450/history.npz,4.292013168334961,True
supplement,f03,f03,gp_cmaes,451,results/supplement/f03/gp_cmaes/seed451/history.npz,4.110723495483398,True
supplement,f03,f03,gp_cmaes,452,results/supplement/f03/gp_cmaes/seed452/history.npz,3.9103477001190186,True
supplement,f03,f03,gp_cmaes,453,results/supplement/f03/gp_cmaes/seed453/history.npz,4.253931045532227,True
supplement,f03,f03,gp_cmaes,454,results/supplement/f03/gp_cmaes/seed454/history.npz,4.252411365509033,True
supplement,f03,f03,gp_cmaes,455,results/supplement/f03/gp_cmaes/seed455/history.npz,1.2361522912979126,True
supplement,f03,f03,gp_cmaes,456,results/supplement/f03/gp_cmaes/seed456/history.npz,4.298490047454834,True
supplement,f03,f03,gp_cmaes,457,results/supplement/f03/gp_cmaes/seed457/history.npz,4.975551128387451,True
supplement,f03,f03,gp_cmaes,458,results/supplement/f03/gp_cmaes/seed458/history.npz,4.289311408996582,True
supplement,f03,f03,gp_cmaes,459,results/supplement/f03/gp_cmaes/seed459/history.npz,0.11666333675384521,True
supplement,f03,f03,gp_cmaes,460,results/supplement/f03/gp_cmaes/seed460/history.npz,3.65982985496521,True
supplement,f03,f03,gp_cmaes,461,results/supplement/f03/gp_cmaes/seed461/history.npz,4.224880218505859,True
supplement,f03,f03,gp_cmaes,462,results/supplement/f03/gp_cmaes/seed462/history.npz,4.351456165313721,True
supplement,f03,f03,gp_cmaes,463,results/supplement/f03/gp_cmaes/seed463/history.npz,11.371761322021484,True
supplement,f03,f03,gp_cmaes,464,results/supplement/f03/gp_cmaes/seed464/history.npz,3.5455310344696045,True
supplement,f03,f03,gp_cmaes,465,results/supplement/f03/gp_cmaes/seed465/history.npz,3.96286940574646,True
supplement,f03,f03,gp_cmaes,466,results/supplement/f03/gp_cmaes/seed466/history.npz,1.2909678659411838e-08,True
supplement,f03,f03,gp_cmaes,467,results/supplement/f03/gp_cmaes/seed467/history.npz,2.4333946413435115e-08,True
supplement,f03,f03,gp_cmaes,468,results/supplement/f03/gp_cmaes/seed468/history.npz,1.129143782918618e-07,True
supplement,f03,f03,gp_cmaes,469,results/supplement/f03/gp_cmaes/seed469/history.npz,4.147719860076904,True
supplement,f03,f03,gp_cmaes,470,results/supplement/f03/gp_cmaes/seed470/history.npz,4.301730155944824,True
supplement,f03,f03,gp_cmaes,471,results/supplement/f03/gp_cmaes/seed471/history.npz,3.211331367492676,True
supplement,f03,f03,gp_cmaes,472,results/supplement/f03/gp_cmaes/seed472/history.npz,2.751542922396766e-07,True
supplement,f03,f03,gp_cmaes,473,results/supplement/f03/gp_cmaes/seed473/history.npz,4.2093329429626465,True
supplement,f03,f03,gp_cmaes,474,results/supplement/f03/gp_cmaes/seed474/history.npz,2.389413111814065e-10,True
supplement,f03,f03,gp_cmaes,475,results/supplement/f03/gp_cmaes/seed475/history.npz,3.5564868450164795,True
supplement,f03,f03,gp_cmaes,476,results/supplement/f03/gp_cmaes/seed476/history.npz,4.077967643737793,True
supplement,f03,f03,gp_cmaes,477,results/supplement/f03/gp_cmaes/seed477/history.npz,8.276434898376465,True
supplement,f03,f03,gp_cmaes,478,results/supplement/f03/gp_cmaes/seed478/history.npz,4.063038349151611,True
supplement,f03,f03,gp_cmaes,479,results/supplement/f03/gp_cmaes/seed479/history.npz,4.27074670791626,True
supplement,f03,f03,gp_pso,450,results/supplement/f03/gp_pso/seed450/history.npz,4.048718452453613,True
supplement,f03,f03,gp_pso,451,results/supplement/f03/gp_pso/seed451/history.npz,2.8607585430145264,True
supplement,f03,f03,gp_pso,452,results/supplement/f03/gp_pso/seed452/history.npz,2.772740602493286,True
supplement,f03,f03,gp_pso,453,results/supplement/f03/gp_pso/seed453/history.npz,2.0612554862964316e-07,True
supplement,f03,f03,gp_pso,454,results/supplement/f03/gp_pso/seed454/history.npz,0.21475903689861298,True
supplement,f03,f03,gp_pso,455,results/supplement/f03/gp_pso/seed455/history.npz,4.185831069946289,True
supplement,f03,f03,gp_pso,456,results/supplement/f03/gp_pso/seed456/history.npz,4.516379874530685e-07,True
supplement,f03,f03,gp_pso,457,results/supplement/f03/gp_pso/seed457/history.npz,1.1081139561497366e-08,True
supplement,f03,f03,gp_pso,458,results/supplement/f03/gp_pso/seed458/history.npz,3.4883501529693604,True
supplement,f03,f03,gp_pso,459,results/supplement/f03/gp_pso/seed459/history.npz,3.9242730140686035,True
supplement,f03,f03,gp_pso,460,results/supplement/f03/gp_pso/seed460/history.npz,0.5908523201942444,True
supplement,f03,f03,gp_pso,461,results/supplement/f03/gp_pso/seed461/history.npz,3.506493840177427e-06,True
supplement,f03,f03,gp_pso,462,results/supplement/f03/gp_pso/seed462/history.npz,1.8426409951644018e-05,True
supplement,f03,f03,gp_pso,463,results/supplement/f03/gp_pso/seed463/history.npz,4.2627692222595215,True
supplement,f03,f03,gp_pso,464,results/supplement/f03/gp_pso/seed464/history.npz,3.8981966972351074,True
supplement,f03,f03,gp_pso,465,results/supplement/f03/gp_pso/seed465/history.npz,2.82197642326355,True
supplement,f03,f03,gp_pso,466,results/supplement/f03/gp_pso/seed466/history.npz,3.7894129753112793,True
supplement,f03,f03,gp_pso,467,results/supplement/f03/gp_pso/seed467/history.npz,3.575406074523926,True
supplement,f03,f03,gp_pso,468,results/supplement/f03/gp_pso/seed468/history.npz,0.7183433771133423,True
supplement,f03,f03,gp_pso,469,results/supplement/f03/gp_pso/seed469/history.npz,3.3684475421905518,True
supplement,f03,f03,gp_pso,470,results/supplement/f03/gp_pso/seed470/history.npz,0.007200980558991432,True
supplement,f03,f03,gp_pso,471,results/supplement/f03/gp_pso/seed471/history.npz,2.7975242137908936,True
supplement,f03,f03,gp_pso,472,results/supplement/f03/gp_pso/seed472/history.npz,4.590289790940005e-06,True
supplement,f03,f03,gp_pso,473,results/supplement/f03/gp_pso/seed473/history.npz,1.050617129294551e-06,True
supplement,f03,f03,gp_pso,474,results/supplement/f03/gp_pso/seed474/history.npz,3.6246743202209473,True
supplement,f03,f03,gp_pso,475,results/supplement/f03/gp_pso/seed475/history.npz,4.174139499664307,True
supplement,f03,f03,gp_pso,476,results/supplement/f03/gp_pso/seed476/history.npz,2.0788612365722656,True
supplement,f03,f03,gp_pso,477,results/supplement/f03/gp_pso/seed477/history.npz,3.607436269703612e-07,True
supplement,f03,f03,gp_pso,478,results/supplement/f03/gp_pso/seed478/history.npz,4.293736934661865,True
supplement,f03,f03,gp_pso,479,results/supplement/f03/gp_pso/seed479/history.npz,0.005537622142583132,True
supplement,f03,f03,pinn_cmaes,450,results/supplement/f03/pinn_cmaes/seed450/history.npz,0.0047346618957817554,True
supplement,f03,f03,pinn_cmaes,451,results/supplement/f03/pinn_cmaes/seed451/history.npz,0.06688646972179413,True
supplement,f03,f03,pinn_cmaes,452,results/supplement/f03/pinn_cmaes/seed452/history.npz,0.8306196331977844,True
supplement,f03,f03,pinn_cmaes,453,results/supplement/f03/pinn_cmaes/seed453/history.npz,5.0727099733194336e-05,True
supplement,f03,f03,pinn_cmaes,454,results/supplement/f03/pinn_cmaes/seed454/history.npz,0.27919483184814453,True
supplement,f03,f03,pinn_cmaes,455,results/supplement/f03/pinn_cmaes/seed455/history.npz,0.00014059527893550694,True
supplement,f03,f03,pinn_cmaes,456,results/supplement/f03/pinn_cmaes/seed456/history.npz,0.03157021477818489,True
supplement,f03,f03,pinn_cmaes,457,results/supplement/f03/pinn_cmaes/seed457/history.npz,0.009453730657696724,True
supplement,f03,f03,pinn_cmaes,458,results/supplement/f03/pinn_cmaes/seed458/history.npz,0.0017679504817351699,True
supplement,f03,f03,pinn_cmaes,459,results/supplement/f03/pinn_cmaes/seed459/history.npz,1.7610520124435425,True
supplement,f03,f03,pinn_cmaes,460,results/supplement/f03/pinn_cmaes/seed460/history.npz,3.0527162551879883,True
supplement,f03,f03,pinn_cmaes,461,results/supplement/f03/pinn_cmaes/seed461/history.npz,0.0005109998746775091,True
supplement,f03,f03,pinn_cmaes,462,results/supplement/f03/pinn_cmaes/seed462/history.npz,0.7228698134422302,True
supplement,f03,f03,pinn_cmaes,463,results/supplement/f03/pinn_cmaes/seed463/history.npz,3.979848623275757,True
supplement,f03,f03,pinn_cmaes,464,results/supplement/f03/pinn_cmaes/seed464/history.npz,0.000660593737848103,True
supplement,f03,f03,pinn_cmaes,465,results/supplement/f03/pinn_cmaes/seed465/history.npz,6.222410202026367,True
supplement,f03,f03,pinn_cmaes,466,results/supplement/f03/pinn_cmaes/seed466/history.npz,4.292434215545654,True
supplement,f03,f03,pinn_cmaes,467,results/supplement/f03/pinn_cmaes/seed467/history.npz,4.298611164093018,True
supplement,f03,f03,pinn_cmaes,468,results/supplement/f03/pinn_cmaes/seed468/history.npz,8.490531921386719,True
supplement,f03,f03,pinn_cmaes,469,results/supplement/f03/pinn_cmaes/seed469/history.npz,0.00475658755749464,True
supplement,f03,f03,pinn_cmaes,470,results/supplement/f03/pinn_cmaes/seed470/history.npz,7.488977280445397e-05,True
supplement,f03,f03,pinn_cmaes,471,results/supplement/f03/pinn_cmaes/seed471/history.npz,4.2731547355651855,True
supplement,f03,f03,pinn_cmaes,472,results/supplement/f03/pinn_cmaes/seed472/history.npz,0.0001981687091756612,True
supplement,f03,f03,pinn_cmaes,473,results/supplement/f03/pinn_cmaes/seed473/history.npz,3.985267400741577,True
supplement,f03,f03,pinn_cmaes,474,results/supplement/f03/pinn_cmaes/seed474/history.npz,3.7450822674145456e-06,True
supplement,f03,f03,pinn_cmaes,475,results/supplement/f03/pinn_cmaes/seed475/history.npz,0.002382508711889386,True
supplement,f03,f03,pinn_cmaes,476,results/supplement/f03/pinn_cmaes/seed476/history.npz,9.911314964294434,True
supplement,f03,f03,pinn_cmaes,477,results/supplement/f03/pinn_cmaes/seed477/history.npz,0.0003555634175427258,True
supplement,f03,f03,pinn_cmaes,478,results/supplement/f03/pinn_cmaes/seed478/history.npz,3.9030230045318604,True
supplement,f03,f03,pinn_cmaes,479,results/supplement/f03/pinn_cmaes/seed479/history.npz,0.7894672155380249,True
supplement,f03,f03,pinn_pso,450,results/supplement/f03/pinn_pso/seed450/history.npz,4.73766931463615e-06,True
supplement,f03,f03,pinn_pso,451,results/supplement/f03/pinn_pso/seed451/history.npz,0.00012984480417799205,True
supplement,f03,f03,pinn_pso,452,results/supplement/f03/pinn_pso/seed452/history.npz,0.0005586163606494665,True
supplement,f03,f03,pinn_pso,453,results/supplement/f03/pinn_pso/seed453/history.npz,3.8913531170692295e-05,True
supplement,f03,f03,pinn_pso,454,results/supplement/f03/pinn_pso/seed454/history.npz,7.379374437732622e-05,True
supplement,f03,f03,pinn_pso,455,results/supplement/f03/pinn_pso/seed455/history.npz,0.01855466142296791,True
supplement,f03,f03,pinn_pso,456,results/supplement/f03/pinn_pso/seed456/history.npz,0.0027450171764940023,True
supplement,f03,f03,pinn_pso,457,results/supplement/f03/pinn_pso/seed457/history.npz,1.7818435082972428e-07,True
supplement,f03,f03,pinn_pso,458,results/supplement/f03/pinn_pso/seed458/history.npz,4.300743579864502,True
supplement,f03,f03,pinn_pso,459,results/supplement/f03/pinn_pso/seed459/history.npz,0.003413792932406068,True
supplement,f03,f03,pinn_pso,460,results/supplement/f03/pinn_pso/seed460/history.npz,0.00046061089960858226,True
supplement,f03,f03,pinn_pso,461,results/supplement/f03/pinn_pso/seed461/history.npz,0.0009629724081605673,True
supplement,f03,f03,pinn_pso,462,results/supplement/f03/pinn_pso/seed462/history.npz,0.007291632238775492,True
supplement,f03,f03,pinn_pso,463,results/supplement/f03/pinn_pso/seed463/history.npz,0.0013869012473151088,True
supplement,f03,f03,pinn_pso,464,results/supplement/f03/pinn_pso/seed464/history.npz,4.289229869842529,True
supplement,f03,f03,pinn_pso,465,results/supplement/f03/pinn_pso/seed465/history.npz,0.0003644683747552335,True
supplement,f03,f03,pinn_pso,466,results/supplement/f03/pinn_pso/seed466/history.npz,0.0050313035026192665,True
supplement,f03,f03,pinn_pso,467,results/supplement/f03/pinn_pso/seed467/history.npz,0.0012274732580408454,True
supplement,f03,f03,pinn_pso,468,results/supplement/f03/pinn_pso/seed468/history.npz,0.00029824208468198776,True
supplement,f03,f03,pinn_pso,469,results/supplement/f03/pinn_pso/seed469/history.npz,3.325106382369995,True
supplement,f03,f03,pinn_pso,470,results/supplement/f03/pinn_pso/seed470/history.npz,0.002172773936763406,True
supplement,f03,f03,pinn_pso,471,results/supplement/f03/pinn_pso/seed471/history.npz,0.0005568139022216201,True
supplement,f03,f03,pinn_pso,472,results/supplement/f03/pinn_pso/seed472/history.npz,0.018419388681650162,True
supplement,f03,f03,pinn_pso,473,results/supplement/f03/pinn_pso/seed473/history.npz,0.012467333115637302,True
supplement,f03,f03,pinn_pso,474,results/supplement/f03/pinn_pso/seed474/history.npz,8.631975651951507e-05,True
supplement,f03,f03,pinn_pso,475,results/supplement/f03/pinn_pso/seed475/history.npz,0.005862735211849213,True
supplement,f03,f03,pinn_pso,476,results/supplement/f03/pinn_pso/seed476/history.npz,1.984345317396219e-06,True
supplement,f03,f03,pinn_pso,477,results/supplement/f03/pinn_pso/seed477/history.npz,0.03403131291270256,True
supplement,f03,f03,pinn_pso,478,results/supplement/f03/pinn_pso/seed478/history.npz,0.011201592162251472,True
supplement,f03,f03,pinn_pso,479,results/supplement/f03/pinn_pso/seed479/history.npz,3.51820176547335e-06,True
supplement,f03,f03,rbfn_cmaes,450,results/supplement/f03/rbfn_cmaes/seed450/history.npz,8.326958656311035,True
supplement,f03,f03,rbfn_cmaes,451,results/supplement/f03/rbfn_cmaes/seed451/history.npz,1.4838005304336548,True
supplement,f03,f03,rbfn_cmaes,452,results/supplement/f03/rbfn_cmaes/seed452/history.npz,3.651536703109741,True
supplement,f03,f03,rbfn_cmaes,453,results/supplement/f03/rbfn_cmaes/seed453/history.npz,4.2880353927612305,True
supplement,f03,f03,rbfn_cmaes,454,results/supplement/f03/rbfn_cmaes/seed454/history.npz,4.323701858520508,True
supplement,f03,f03,rbfn_cmaes,455,results/supplement/f03/rbfn_cmaes/seed455/history.npz,5.610434532165527,True
supplement,f03,f03,rbfn_cmaes,456,results/supplement/f03/rbfn_cmaes/seed456/history.npz,4.296945095062256,True
supplement,f03,f03,rbfn_cmaes,457,results/supplement/f03/rbfn_cmaes/seed457/history.npz,4.649528980255127,True
supplement,f03,f03,rbfn_cmaes,458,results/supplement/f03/rbfn_cmaes/seed458/history.npz,0.08811085671186447,True
supplement,f03,f03,rbfn_cmaes,459,results/supplement/f03/rbfn_cmaes/seed459/history.npz,7.730404376983643,True
supplement,f03,f03,rbfn_cmaes,460,results/supplement/f03/rbfn_cmaes/seed460/history.npz,0.0005379458889365196,True
supplement,f03,f03,rbfn_cmaes,461,results/supplement/f03/rbfn_cmaes/seed461/history.npz,4.218200206756592,True
supplement,f03,f03,rbfn_cmaes,462,results/supplement/f03/rbfn_cmaes/seed462/history.npz,4.321543216705322,True
supplement,f03,f03,rbfn_cmaes,463,results/supplement/f03/rbfn_cmaes/seed463/history.npz,4.2992939949035645,True
supplement,f03,f03,rbfn_cmaes,464,results/supplement/f03/rbfn_cmaes/seed464/history.npz,0.0047066910192370415,True
supplement,f03,f03,rbfn_cmaes,465,results/supplement/f03/rbfn_cmaes/seed465/history.npz,4.2946271896362305,True
supplement,f03,f03,rbfn_cmaes,466,results/supplement/f03/rbfn_cmaes/seed466/history.npz,4.289074420928955,True
supplement,f03,f03,rbfn_cmaes,467,results/supplement/f03/rbfn_cmaes/seed467/history.npz,4.298393726348877,True
supplement,f03,f03,rbfn_cmaes,468,results/supplement/f03/rbfn_cmaes/seed468/history.npz,4.232616901397705,True
supplement,f03,f03,rbfn_cmaes,469,results/supplement/f03/rbfn_cmaes/seed469/history.npz,4.971432685852051,True
supplement,f03,f03,rbfn_cmaes,470,results/supplement/f03/rbfn_cmaes/seed470/history.npz,0.25164276361465454,True
supplement,f03,f03,rbfn_cmaes,471,results/supplement/f03/rbfn_cmaes/seed471/history.npz,3.995115041732788,True
supplement,f03,f03,rbfn_cmaes,472,results/supplement/f03/rbfn_cmaes/seed472/history.npz,4.293165683746338,True
supplement,f03,f03,rbfn_cmaes,473,results/supplement/f03/rbfn_cmaes/seed473/history.npz,4.295813083648682,True
supplement,f03,f03,rbfn_cmaes,474,results/supplement/f03/rbfn_cmaes/seed474/history.npz,2.1302807331085205,True
supplement,f03,f03,rbfn_cmaes,475,results/supplement/f03/rbfn_cmaes/seed475/history.npz,3.66159987449646,True
supplement,f03,f03,rbfn_cmaes,476,results/supplement/f03/rbfn_cmaes/seed476/history.npz,4.149816513061523,True
supplement,f03,f03,rbfn_cmaes,477,results/supplement/f03/rbfn_cmaes/seed477/history.npz,4.879380226135254,True
supplement,f03,f03,rbfn_cmaes,478,results/supplement/f03/rbfn_cmaes/seed478/history.npz,4.144505023956299,True
supplement,f03,f03,rbfn_cmaes,479,results/supplement/f03/rbfn_cmaes/seed479/history.npz,4.29295015335083,True
supplement,f03,f03,rbfn_pso,450,results/supplement/f03/rbfn_pso/seed450/history.npz,4.291429042816162,True
supplement,f03,f03,rbfn_pso,451,results/supplement/f03/rbfn_pso/seed451/history.npz,4.298705577850342,True
supplement,f03,f03,rbfn_pso,452,results/supplement/f03/rbfn_pso/seed452/history.npz,4.275267124176025,True
supplement,f03,f03,rbfn_pso,453,results/supplement/f03/rbfn_pso/seed453/history.npz,4.076669216156006,True
supplement,f03,f03,rbfn_pso,454,results/supplement/f03/rbfn_pso/seed454/history.npz,3.931485891342163,True
supplement,f03,f03,rbfn_pso,455,results/supplement/f03/rbfn_pso/seed455/history.npz,4.29866886138916,True
supplement,f03,f03,rbfn_pso,456,results/supplement/f03/rbfn_pso/seed456/history.npz,4.105129718780518,True
supplement,f03,f03,rbfn_pso,457,results/supplement/f03/rbfn_pso/seed457/history.npz,4.022150039672852,True
supplement,f03,f03,rbfn_pso,458,results/supplement/f03/rbfn_pso/seed458/history.npz,1.1232877969741821,True
supplement,f03,f03,rbfn_pso,459,results/supplement/f03/rbfn_pso/seed459/history.npz,4.285421371459961,True
supplement,f03,f03,rbfn_pso,460,results/supplement/f03/rbfn_pso/seed460/history.npz,4.233460903167725,True
supplement,f03,f03,rbfn_pso,461,results/supplement/f03/rbfn_pso/seed461/history.npz,4.2932634353637695,True
supplement,f03,f03,rbfn_pso,462,results/supplement/f03/rbfn_pso/seed462/history.npz,1.1600308418273926,True
supplement,f03,f03,rbfn_pso,463,results/supplement/f03/rbfn_pso/seed463/history.npz,2.2235991954803467,True
supplement,f03,f03,rbfn_pso,464,results/supplement/f03/rbfn_pso/seed464/history.npz,4.107024192810059,True
supplement,f03,f03,rbfn_pso,465,results/supplement/f03/rbfn_pso/seed465/history.npz,0.26454147696495056,True
supplement,f03,f03,rbfn_pso,466,results/supplement/f03/rbfn_pso/seed466/history.npz,4.298228740692139,True
supplement,f03,f03,rbfn_pso,467,results/supplement/f03/rbfn_pso/seed467/history.npz,4.243483066558838,True
supplement,f03,f03,rbfn_pso,468,results/supplement/f03/rbfn_pso/seed468/history.npz,4.29647159576416,True
supplement,f03,f03,rbfn_pso,469,results/supplement/f03/rbfn_pso/seed469/history.npz,3.065641164779663,True
supplement,f03,f03,rbfn_pso,470,results/supplement/f03/rbfn_pso/seed470/history.npz,0.03364872187376022,True
supplement,f03,f03,rbfn_pso,471,results/supplement/f03/rbfn_pso/seed471/history.npz,3.327065944671631,True
supplement,f03,f03,rbfn_pso,472,results/supplement/f03/rbfn_pso/seed472/history.npz,4.023078441619873,True
supplement,f03,f03,rbfn_pso,473,results/supplement/f03/rbfn_pso/seed473/history.npz,4.029721260070801,True
supplement,f03,f03,rbfn_pso,474,results/supplement/f03/rbfn_pso/seed474/history.npz,4.298532009124756,True
supplement,f03,f03,rbfn_pso,475,results/supplement/f03/rbfn_pso/seed475/history.npz,4.238224506378174,True
supplement,f03,f03,rbfn_pso,476,results/supplement/f03/rbfn_pso/seed476/history.npz,4.271018981933594,True
supplement,f03,f03,rbfn_pso,477,results/supplement/f03/rbfn_pso/seed477/history.npz,0.26388847827911377,True
supplement,f03,f03,rbfn_pso,478,results/supplement/f03/rbfn_pso/seed478/history.npz,2.396786840108689e-05,True
supplement,f03,f03,rbfn_pso,479,results/supplement/f03/rbfn_pso/seed479/history.npz,4.235541820526123,True
supplement,f04,f04,gp_cmaes,450,results/supplement/f04/gp_cmaes/seed450/history.npz,-1.0316284534841296,True
supplement,f04,f04,gp_cmaes,451,results/supplement/f04/gp_cmaes/seed451/history.npz,-1.0316284523945047,True
supplement,f04,f04,gp_cmaes,452,results/supplement/f04/gp_cmaes/seed452/history.npz,-1.0316284520753938,True
supplement,f04,f04,gp_cmaes,453,results/supplement/f04/gp_cmaes/seed453/history.npz,-1.031628451178427,True
supplement,f04,f04,gp_cmaes,454,results/supplement/f04/gp_cmaes/seed454/history.npz,-1.031628438491262,True
supplement,f04,f04,gp_cmaes,455,results/supplement/f04/gp_cmaes/seed455/history.npz,-1.0316269698373248,True
supplement,f04,f04,gp_cmaes,456,results/supplement/f04/gp_cmaes/seed456/history.npz,-1.0316284533883178,True
supplement,f04,f04,gp_cmaes,457,results/supplement/f04/gp_cmaes/seed457/history.npz,-1.0316284534897806,True
supplement,f04,f04,gp_cmaes,458,results/supplement/f04/gp_cmaes/seed458/history.npz,-1.0316284354473377,True
supplement,f04,f04,gp_cmaes,459,results/supplement/f04/gp_cmaes/seed459/history.npz,-1.0316284509238451,True
supplement,f04,f04,gp_cmaes,460,results/supplement/f04/gp_cmaes/seed460/history.npz,-1.0316284534813007,True
supplement,f04,f04,gp_cmaes,461,results/supplement/f04/gp_cmaes/seed461/history.npz,-1.0316284521405559,True
supplement,f04,f04,gp_cmaes,462,results/supplement/f04/gp_cmaes/seed462/history.npz,-1.0316284445283408,True
supplement,f04,f04,gp_cmaes,463,results/supplement/f04/gp_cmaes/seed463/history.npz,-1.0316284534892906,True
supplement,f04,f04,gp_cmaes,464,results/supplement/f04/gp_cmaes/seed464/history.npz,-1.0316284523465988,True
supplement,f04,f04,gp_cmaes,465,results/supplement/f04/gp_cmaes/seed465/history.npz,-1.0316284437011665,True
supplement,f04,f04,gp_cmaes,466,results/supplement/f04/gp_cmaes/seed466/history.npz,-1.0316284416456973,True
supplement,f04,f04,gp_cmaes,467,results/supplement/f04/gp_cmaes/seed467/history.npz,-1.031628419967131,True
supplement,f04,f04,gp_cmaes,468,results/supplement/f04/gp_cmaes/seed468/history.npz,-1.0316284509219928,True
supplement,f04,f04,gp_cmaes,469,results/supplement/f04/gp_cmaes/seed469/history.npz,-1.0316284488606628,True
supplement,f04,f04,gp_cmaes,470,results/supplement/f04/gp_cmaes/seed470/history.npz,-1.0316284532525537,True
supplement,f04,f04,gp_cmaes,471,results/supplement/f04/gp_cmaes/seed471/history.npz,-1.0316284416084092,True
supplement,f04,f04,gp_cmaes,472,results/supplement/f04/gp_cmaes/seed472/history.npz,-1.0316284414169514,True
supplement,f04,f04,gp_cmaes,473,results/supplement/f04/gp_cmaes/seed473/history.npz,-1.0316284534549343,True
supplement,f04,f04,gp_cmaes,474,results/supplement/f04/gp_cmaes/seed474/history.npz,-1.0316284499320443,True
supplement,f04,f04,gp_cmaes,475,results/supplement/f04/gp_cmaes/seed475/history.npz,-1.0316284173104162,True
supplement,f04,f04,gp_cmaes,476,results/supplement/f04/gp_cmaes/seed476/history.npz,-1.0316284533643165,True
supplement,f04,f04,gp_cmaes,477,results/supplement/f04/gp_cmaes/seed477/history.npz,-1.031628453286923,True
supplement,f04,f04,gp_cmaes,478,results/supplement/f04/gp_cmaes/seed478/history.npz,-1.0316284468613481,True
supplement,f04,f04,gp_cmaes,479,results/supplement/f04/gp_cmaes/seed479/history.npz,-1.0316283079174564,True
supplement,f04,f04,gp_pso,450,results/supplement/f04/gp_pso/seed450/history.npz,-1.0316284530677151,True
supplement,f04,f04,gp_pso,451,results/supplement/f04/gp_pso/seed451/history.npz,-1.0316284525383819,True
supplement,f04,f04,gp_pso,452,results/supplement/f04/gp_pso/seed452/history.npz,-1.031628449797674,True
supplement,f04,f04,gp_pso,453,results/supplement/f04/gp_pso/seed453/history.npz,-1.0316284449310593,True
supplement,f04,f04,gp_pso,454,results/supplement/f04/gp_pso/seed454/history.npz,-1.031628453460931,True
supplement,f04,f04,gp_pso,455,results/supplement/f04/gp_pso/seed455/history.npz,-1.0316284534893254,True
supplement,f04,f04,gp_pso,456,results/supplement/f04/gp_pso/seed456/history.npz,-1.0316284532977904,True
supplement,f04,f04,gp_pso,457,results/supplement/f04/gp_pso/seed457/history.npz,-1.0316284480991635,True
supplement,f04,f04,gp_pso,458,results/supplement/f04/gp_pso/seed458/history.npz,-1.03162844438566,True
supplement,f04,f04,gp_pso,459,results/supplement/f04/gp_pso/seed459/history.npz,-1.0316284502991253,True
supplement,f04,f04,gp_pso,460,results/supplement/f04/gp_pso/seed460/history.npz,-1.0316284501091304,True
supplement,f04,f04,gp_pso,461,results/supplement/f04/gp_pso/seed461/history.npz,-1.0316284504344577,True
supplement,f04,f04,gp_pso,462,results/supplement/f04/gp_pso/seed462/history.npz,-1.0316284533421352,True
supplement,f04,f04,gp_pso,463,results/supplement/f04/gp_pso/seed463/history.npz,-1.0316284515484393,True
supplement,f04,f04,gp_pso,464,results/supplement/f04/gp_pso/seed464/history.npz,-1.0316284455991547,True
supplement,f04,f04,gp_pso,465,results/supplement/f04/gp_pso/seed465/history.npz,-1.0316284528572481,True
supplement,f04,f04,gp_pso,466,results/supplement/f04/gp_pso/seed466/history.npz,-1.0316284060023748,True
supplement,f04,f04,gp_pso,467,results/supplement/f04/gp_pso/seed467/history.npz,-1.0316284534879607,True
supplement,f04,f04,gp_pso,468,results/supplement/f04/gp_pso/seed468/history.npz,-1.031628440862012,True
supplement,f04,f04,gp_pso,469,results/supplement/f04/gp_pso/seed469/history.npz,-1.0316284336825763,True
supplement,f04,f04,gp_pso,470,results/supplement/f04/gp_pso/seed470/history.npz,-1.0316284491495493,True
supplement,f04,f04,gp_pso,471,results/supplement/f04/gp_pso/seed471/history.npz,-1.0316284249897638,True
supplement,f04,f04,gp_pso,472,results/supplement/f04/gp_pso/seed472/history.npz,-1.0316284509067468,True
supplement,f04,f04,gp_pso,473,results/supplement/f04/gp_pso/seed473/history.npz,-1.0316284442320083,True
supplement,f04,f04,gp_pso,474,results/supplement/f04/gp_pso/seed474/history.npz,-1.0316284533408537,True
supplement,f04,f04,gp_pso,475,results/supplement/f04/gp_pso/seed475/history.npz,-1.0316284525081054,True
supplement,f04,f04,gp_pso,476,results/supplement/f04/gp_pso/seed476/history.npz,-1.0316284533755211,True
supplement,f04,f04,gp_pso,477,results/supplement/f04/gp_pso/seed477/history.npz,-1.0316284534070197,True
supplement,f04,f04,gp_pso,478,results/supplement/f04/gp_pso/seed478/history.npz,-1.0316283233852175,True
supplement,f04,f04,gp_pso,479,results/supplement/f04/gp_pso/seed479/history.npz,-1.0316284217310332,True
supplement,f04,f04,pinn_cmaes,450,results/supplement/f04/pinn_cmaes/seed450/history.npz,-1.0316281565373864,True
supplement,f04,f04,pinn_cmaes,451,results/supplement/f04/pinn_cmaes/seed451/history.npz,-1.031628073407171,True
supplement,f04,f04,pinn_cmaes,452,results/supplement/f04/pinn_cmaes/seed452/history.npz,-1.0316283981067693,True
supplement,f04,f04,pinn_cmaes,453,results/supplement/f04/pinn_cmaes/seed453/history.npz,-1.0316280458431586,True
supplement,f04,f04,pinn_cmaes,454,results/supplement/f04/pinn_cmaes/seed454/history.npz,-1.0316282345132453,True
supplement,f04,f04,pinn_cmaes,455,results/supplement/f04/pinn_cmaes/seed455/history.npz,-1.0316284534680162,True
supplement,f04,f04,pinn_cmaes,456,results/supplement/f04/pinn_cmaes/seed456/history.npz,-1.0316280341952664,True
supplement,f04,f04,pinn_cmaes,457,results/supplement/f04/pinn_cmaes/seed457/history.npz,-1.0316282858721992,True
supplement,f04,f04,pinn_cmaes,458,results/supplement/f04/pinn_cmaes/seed458/history.npz,-1.0316283164562283,True
supplement,f04,f04,pinn_cmaes,459,results/supplement/f04/pinn_cmaes/seed459/history.npz,-1.0316284377348837,True
supplement,f04,f04,pinn_cmaes,460,results/supplement/f04/pinn_cmaes/seed460/history.npz,-1.0316283988782207,True
supplement,f04,f04,pinn_cmaes,461,results/supplement/f04/pinn_cmaes/seed461/history.npz,-1.031627982880639,True
supplement,f04,f04,pinn_cmaes,462,results/supplement/f04/pinn_cmaes/seed462/history.npz,-1.0316284349185783,True
supplement,f04,f04,pinn_cmaes,463,results/supplement/f04/pinn_cmaes/seed463/history.npz,-1.0316264935280848,True
supplement,f04,f04,pinn_cmaes,464,results/supplement/f04/pinn_cmaes/seed464/history.npz,-1.0316283713759473,True
supplement,f04,f04,pinn_cmaes,465,results/supplement/f04/pinn_cmaes/seed465/history.npz,-1.031627559558101,True
supplement,f04,f04,pinn_cmaes,466,results/supplement/f04/pinn_cmaes/seed466/history.npz,-1.0316284526574133,True
supplement,f04,f04,pinn_cmaes,467,results/supplement/f04/pinn_cmaes/seed467/history.npz,-1.0316284514165168,True
supplement,f04,f04,pinn_cmaes,468,results/supplement/f04/pinn_cmaes/seed468/history.npz,-1.0316284452071436,True
supplement,f04,f04,pinn_cmaes,469,results/supplement/f04/pinn_cmaes/seed469/history.npz,-1.031627728392947,True
supplement,f04,f04,pinn_cmaes,470,results/supplement/f04/pinn_cmaes/seed470/history.npz,-1.0316280756829699,True
supplement,f04,f04,pinn_cmaes,471,results/supplement/f04/pinn_cmaes/seed471/history.npz,-1.0316277868463462,True
supplement,f04,f04,pinn_cmaes,472,results/supplement/f04/pinn_cmaes/seed472/history.npz,-1.0316284241418738,True
supplement,f04,f04,pinn_cmaes,473,results/supplement/f04/pinn_cmaes/seed473/history.npz,-1.0316284327509606,True
supplement,f04,f04,pinn_cmaes,474,results/supplement/f04/pinn_cmaes/seed474/history.npz,-1.0316284534637095,True
supplement,f04,f04,pinn_cmaes,475,results/supplement/f04/pinn_cmaes/seed475/history.npz,-1.0316284526239268,True
supplement,f04,f04,pinn_cmaes,476,results/supplement/f04/pinn_cmaes/seed476/history.npz,-1.0316281803748106,True
supplement,f04,f04,pinn_cmaes,477,results/supplement/f04/pinn_cmaes/seed477/history.npz,-1.0316277587443694,True
supplement,f04,f04,pinn_cmaes,478,results/supplement/f04/pinn_cmaes/seed478/history.npz,-1.031626305153434,True
supplement,f04,f04,pinn_cmaes,479,results/supplement/f04/pinn_cmaes/seed479/history.npz,-1.031627638900978,True
supplement,f04,f04,pinn_pso,450,results/supplement/f04/pinn_pso/seed450/history.npz,-1.0316253953840115,True
supplement,f04,f04,pinn_pso,451,results/supplement/f04/pinn_pso/seed451/history.npz,-1.0316279881345636,True
supplement,f04,f04,pinn_pso,452,results/supplement/f04/pinn_pso/seed452/history.npz,-1.0316282121337657,True
supplement,f04,f04,pinn_pso,453,results/supplement/f04/pinn_pso/seed453/history.npz,-1.0316284436798417,True
supplement,f04,f04,pinn_pso,454,results/supplement/f04/pinn_pso/seed454/history.npz,-1.03162834271195,True
supplement,f04,f04,pinn_pso,455,results/supplement/f04/pinn_pso/seed455/history.npz,-1.0316250158752365,True
supplement,f04,f04,pinn_pso,456,results/supplement/f04/pinn_pso/seed456/history.npz,-1.0316283232562156,True
supplement,f04,f04,pinn_pso,457,results/supplement/f04/pinn_pso/seed457/history.npz,-1.0316281659790931,True
supplement,f04,f04,pinn_pso,458,results/supplement/f04/pinn_pso/seed458/history.npz,-1.0316283903617918,True
supplement,f04,f04,pinn_pso,459,results/supplement/f04/pinn_pso/seed459/history.npz,-1.0316284431810079,True
supplement,f04,f04,pinn_pso,460,results/supplement/f04/pinn_pso/seed460/history.npz,-1.0316283060889273,True
supplement,f04,f04,pinn_pso,461,results/supplement/f04/pinn_pso/seed461/history.npz,-1.0316270097875746,True
supplement,f04,f04,pinn_pso,462,results/supplement/f04/pinn_pso/seed462/history.npz,-1.0316281001208407,True
supplement,f04,f04,pinn_pso,463,results/supplement/f04/pinn_pso/seed463/history.npz,-1.0316273124623185,True
supplement,f04,f04,pinn_pso,464,results/supplement/f04/pinn_pso/seed464/history.npz,-1.031627786202881,True
supplement,f04,f04,pinn_pso,465,results/supplement/f04/pinn_pso/seed465/history.npz,-1.0316283842666334,True
supplement,f04,f04,pinn_pso,466,results/supplement/f04/pinn_pso/seed466/history.npz,-1.031628443463445,True
supplement,f04,f04,pinn_pso,467,results/supplement/f04/pinn_pso/seed467/history.npz,-1.031628402373414,True
supplement,f04,f04,pinn_pso,468,results/supplement/f04/pinn_pso/seed468/history.npz,-1.0316254390113657,True
supplement,f04,f04,pinn_pso,469,results/supplement/f04/pinn_pso/seed469/history.npz,-1.0316276179068553,True
supplement,f04,f04,pinn_pso,470,results/supplement/f04/pinn_pso/seed470/history.npz,-1.0316284056172447,True
supplement,f04,f04,pinn_pso,471,results/supplement/f04/pinn_pso/seed471/history.npz,-1.0316246236230544,True
supplement,f04,f04,pinn_pso,472,results/supplement/f04/pinn_pso/seed472/history.npz,-1.0316283642450053,True
supplement,f04,f04,pinn_pso,473,results/supplement/f04/pinn_pso/seed473/history.npz,-1.031628269176067,True
supplement,f04,f04,pinn_pso,474,results/supplement/f04/pinn_pso/seed474/history.npz,-1.0316277615163425,True
supplement,f04,f04,pinn_pso,475,results/supplement/f04/pinn_pso/seed475/history.npz,-1.031628413944186,True
supplement,f04,f04,pinn_pso,476,results/supplement/f04/pinn_pso/seed476/history.npz,-1.0316271788953746,True
supplement,f04,f04,pinn_pso,477,results/supplement/f04/pinn_pso/seed477/history.npz,-1.0316284318626223,True
supplement,f04,f04,pinn_pso,478,results/supplement/f04/pinn_pso/seed478/history.npz,-1.0316268761885283,True
supplement,f04,f04,pinn_pso,479,results/supplement/f04/pinn_pso/seed479/history.npz,-1.0316236186598273,True
supplement,f04,f04,rbfn_cmaes,450,results/supplement/f04/rbfn_cmaes/seed450/history.npz,-0.8343867329268226,True
supplement,f04,f04,rbfn_cmaes,451,results/supplement/f04/rbfn_cmaes/seed451/history.npz,-1.031552311652269,True
supplement,f04,f04,rbfn_cmaes,452,results/supplement/f04/rbfn_cmaes/seed452/history.npz,0.4919594831778864,True
supplement,f04,f04,rbfn_cmaes,453,results/supplement/f04/rbfn_cmaes/seed453/history.npz,-0.9393337132780788,True
supplement,f04,f04,rbfn_cmaes,454,results/supplement/f04/rbfn_cmaes/seed454/history.npz,-1.0316284532534044,True
supplement,f04,f04,rbfn_cmaes,455,results/supplement/f04/rbfn_cmaes/seed455/history.npz,-0.7881866690292321,True
supplement,f04,f04,rbfn_cmaes,456,results/supplement/f04/rbfn_cmaes/seed456/history.npz,0.018727644467812832,True
supplement,f04,f04,rbfn_cmaes,457,results/supplement/f04/rbfn_cmaes/seed457/history.npz,-0.9653464516773484,True
supplement,f04,f04,rbfn_cmaes,458,results/supplement/f04/rbfn_cmaes/seed458/history.npz,-0.7092851413350555,True
supplement,f04,f04,rbfn_cmaes,459,results/supplement/f04/rbfn_cmaes/seed459/history.npz,1.24745357333018,True
supplement,f04,f04,rbfn_cmaes,460,results/supplement/f04/rbfn_cmaes/seed460/history.npz,-0.2595753478169222,True
supplement,f04,f04,rbfn_cmaes,461,results/supplement/f04/rbfn_cmaes/seed461/history.npz,-1.0187101709712487,True
supplement,f04,f04,rbfn_cmaes,462,results/supplement/f04/rbfn_cmaes/seed462/history.npz,2.6430447553185616,True
supplement,f04,f04,rbfn_cmaes,463,results/supplement/f04/rbfn_cmaes/seed463/history.npz,-0.7217172296416294,True
supplement,f04,f04,rbfn_cmaes,464,results/supplement/f04/rbfn_cmaes/seed464/history.npz,-1.0255865029973716,True
supplement,f04,f04,rbfn_cmaes,465,results/supplement/f04/rbfn_cmaes/seed465/history.npz,-1.0288087661962313,True
supplement,f04,f04,rbfn_cmaes,466,results/supplement/f04/rbfn_cmaes/seed466/history.npz,-1.0240932928563111,True
supplement,f04,f04,rbfn_cmaes,467,results/supplement/f04/rbfn_cmaes/seed467/history.npz,-0.604929928670294,True
supplement,f04,f04,rbfn_cmaes,468,results/supplement/f04/rbfn_cmaes/seed468/history.npz,-0.9905031281685601,True
supplement,f04,f04,rbfn_cmaes,469,results/supplement/f04/rbfn_cmaes/seed469/history.npz,-1.0236165332761555,True
supplement,f04,f04,rbfn_cmaes,470,results/supplement/f04/rbfn_cmaes/seed470/history.npz,-1.031628453489561,True
supplement,f04,f04,rbfn_cmaes,471,results/supplement/f04/rbfn_cmaes/seed471/history.npz,-1.0189787784081097,True
supplement,f04,f04,rbfn_cmaes,472,results/supplement/f04/rbfn_cmaes/seed472/history.npz,0.5772400178789869,True
supplement,f04,f04,rbfn_cmaes,473,results/supplement/f04/rbfn_cmaes/seed473/history.npz,-0.6732398589436784,True
supplement,f04,f04,rbfn_cmaes,474,results/supplement/f04/rbfn_cmaes/seed474/history.npz,-0.9964785386124022,True
supplement,f04,f04,rbfn_cmaes,475,results/supplement/f04/rbfn_cmaes/seed475/history.npz,-0.4695587338319531,True
supplement,f04,f04,rbfn_cmaes,476,results/supplement/f04/rbfn_cmaes/seed476/history.npz,-0.7282997604571093,True
supplement,f04,f04,rbfn_cmaes,477,results/supplement/f04/rbfn_cmaes/seed477/history.npz,-0.3950145859078402,True
supplement,f04,f04,rbfn_cmaes,478,results/supplement/f04/rbfn_cmaes/seed478/history.npz,-1.0310873039525061,True
supplement,f04,f04,rbfn_cmaes,479,results/supplement/f04/rbfn_cmaes/seed479/history.npz,-1.0240970613484088,True
supplement,f04,f04,rbfn_pso,450,results/supplement/f04/rbfn_pso/seed450/history.npz,-0.9260753942994157,True
supplement,f04,f04,rbfn_pso,451,results/supplement/f04/rbfn_pso/seed451/history.npz,-1.0316283243840032,True
supplement,f04,f04,rbfn_pso,452,results/supplement/f04/rbfn_pso/seed452/history.npz,-0.9725023556426946,True
supplement,f04,f04,rbfn_pso,453,results/supplement/f04/rbfn_pso/seed453/history.npz,-0.5561344976382477,True
supplement,f04,f04,rbfn_pso,454,results/supplement/f04/rbfn_pso/seed454/history.npz,0.28205412106598005,True
supplement,f04,f04,rbfn_pso,455,results/supplement/f04/rbfn_pso/seed455/history.npz,-1.0315225968083002,True
supplement,f04,f04,rbfn_pso,456,results/supplement/f04/rbfn_pso/seed456/history.npz,-0.9964870441743016,True
supplement,f04,f04,rbfn_pso,457,results/supplement/f04/rbfn_pso/seed457/history.npz,-0.9281539891747119,True
supplement,f04,f04,rbfn_pso,458,results/supplement/f04/rbfn_pso/seed458/history.npz,-1.030454263251196,True
supplement,f04,f04,rbfn_pso,459,results/supplement/f04/rbfn_pso/seed459/history.npz,-1.0311836642670176,True
supplement,f04,f04,rbfn_pso,460,results/supplement/f04/rbfn_pso/seed460/history.npz,-0.9858888730313333,True
supplement,f04,f04,rbfn_pso,461,results/supplement/f04/rbfn_pso/seed461/history.npz,-0.7699640826218609,True
supplement,f04,f04,rbfn_pso,462,results/supplement/f04/rbfn_pso/seed462/history.npz,-0.5216078985077459,True
supplement,f04,f04,rbfn_pso,463,results/supplement/f04/rbfn_pso/seed463/history.npz,-1.0299730872506527,True
supplement,f04,f04,rbfn_pso,464,results/supplement/f04/rbfn_pso/seed464/history.npz,-1.031566834642359,True
supplement,f04,f04,rbfn_pso,465,results/supplement/f04/rbfn_pso/seed465/history.npz,-0.9799523027299177,True
supplement,f04,f04,rbfn_pso,466,results/supplement/f04/rbfn_pso/seed466/history.npz,-1.0314456932455425,True
supplement,f04,f04,rbfn_pso,467,results/supplement/f04/rbfn_pso/seed467/history.npz,-0.7885828745395099,True
supplement,f04,f04,rbfn_pso,468,results/supplement/f04/rbfn_pso/seed468/history.npz,-0.635171919915214,True
supplement,f04,f04,rbfn_pso,469,results/supplement/f04/rbfn_pso/seed469/history.npz,-1.031542272998182,True
supplement,f04,f04,rbfn_pso,470,results/supplement/f04/rbfn_pso/seed470/history.npz,-1.0123887863588923,True
supplement,f04,f04,rbfn_pso,471,results/supplement/f04/rbfn_pso/seed471/history.npz,-0.28037851738603586,True
supplement,f04,f04,rbfn_pso,472,results/supplement/f04/rbfn_pso/seed472/history.npz,-1.0316274167082962,True
supplement,f04,f04,rbfn_pso,473,results/supplement/f04/rbfn_pso/seed473/history.npz,-1.0262351514323804,True
supplement,f04,f04,rbfn_pso,474,results/supplement/f04/rbfn_pso/seed474/history.npz,-1.030908800751351,True
supplement,f04,f04,rbfn_pso,475,results/supplement/f04/rbfn_pso/seed475/history.npz,-1.0298749987630453,True
supplement,f04,f04,rbfn_pso,476,results/supplement/f04/rbfn_pso/seed476/history.npz,-1.0316284338505508,True
supplement,f04,f04,rbfn_pso,477,results/supplement/f04/rbfn_pso/seed477/history.npz,-0.7727853119086996,True
supplement,f04,f04,rbfn_pso,478,results/supplement/f04/rbfn_pso/seed478/history.npz,-0.9054153969568398,True
supplement,f04,f04,rbfn_pso,479,results/supplement/f04/rbfn_pso/seed479/history.npz,-1.031628127925391,True
supplement,f05,f05,gp_cmaes,450,results/supplement/f05/gp_cmaes/seed450/history.npz,-4.701017379760742,True
supplement,f05,f05,gp_cmaes,451,results/supplement/f05/gp_cmaes/seed451/history.npz,-5.5075883865356445,True
supplement,f05,f05,gp_cmaes,452,results/supplement/f05/gp_cmaes/seed452/history.npz,-5.470458030700684,True
supplement,f05,f05,gp_cmaes,453,results/supplement/f05/gp_cmaes/seed453/history.npz,-2.5000948905944824,True
supplement,f05,f05,gp_cmaes,454,results/supplement/f05/gp_cmaes/seed454/history.npz,-2.5,True
supplement,f05,f05,gp_cmaes,455,results/supplement/f05/gp_cmaes/seed455/history.npz,-5.472346305847168,True
supplement,f05,f05,gp_cmaes,456,results/supplement/f05/gp_cmaes/seed456/history.npz,-4.367700099945068,True
supplement,f05,f05,gp_cmaes,457,results/supplement/f05/gp_cmaes/seed457/history.npz,-3.9544293880462646,True
supplement,f05,f05,gp_cmaes,458,results/supplement/f05/gp_cmaes/seed458/history.npz,-5.507880687713623,True
supplement,f05,f05,gp_cmaes,459,results/supplement/f05/gp_cmaes/seed459/history.npz,-5.508062362670898,True
supplement,f05,f05,gp_cmaes,460,results/supplement/f05/gp_cmaes/seed460/history.npz,-2.5,True
supplement,f05,f05,gp_cmaes,461,results/supplement/f05/gp_cmaes/seed461/history.npz,-5.506470680236816,True
supplement,f05,f05,gp_cmaes,462,results/supplement/f05/gp_cmaes/seed462/history.npz,-5.250283718109131,True
supplement,f05,f05,gp_cmaes,463,results/supplement/f05/gp_cmaes/seed463/history.npz,-5.508062362670898,True
supplement,f05,f05,gp_cmaes,464,results/supplement/f05/gp_cmaes/seed464/history.npz,-5.507959365844727,True
supplement,f05,f05,gp_cmaes,465,results/supplement/f05/gp_cmaes/seed465/history.npz,-5.472328186035156,True
supplement,f05,f05,gp_cmaes,466,results/supplement/f05/gp_cmaes/seed466/history.npz,-5.507881164550781,True
supplement,f05,f05,gp_cmaes,467,results/supplement/f05/gp_cmaes/seed467/history.npz,-5.294682025909424,True
supplement,f05,f05,gp_cmaes,468,results/supplement/f05/gp_cmaes/seed468/history.npz,-3.728320360183716,True
supplement,f05,f05,gp_cmaes,469,results/supplement/f05/gp_cmaes/seed469/history.npz,-5.392868995666504,True
supplement,f05,f05,gp_cmaes,470,results/supplement/f05/gp_cmaes/seed470/history.npz,-5.508049488067627,True
supplement,f05,f05,gp_cmaes,471,results/supplement/f05/gp_cmaes/seed471/history.npz,-2.3016750812530518,True
supplement,f05,f05,gp_cmaes,472,results/supplement/f05/gp_cmaes/seed472/history.npz,-5.507610321044922,True
supplement,f05,f05,gp_cmaes,473,results/supplement/f05/gp_cmaes/seed473/history.npz,-5.505918979644775,True
supplement,f05,f05,gp_cmaes,474,results/supplement/f05/gp_cmaes/seed474/history.npz,-5.343921184539795,True
supplement,f05,f05,gp_cmaes,475,results/supplement/f05/gp_cmaes/seed475/history.npz,-2.5021936893463135,True
supplement,f05,f05,gp_cmaes,476,results/supplement/f05/gp_cmaes/seed476/history.npz,-4.577261447906494,True
supplement,f05,f05,gp_cmaes,477,results/supplement/f05/gp_cmaes/seed477/history.npz,-5.508063316345215,True
supplement,f05,f05,gp_cmaes,478,results/supplement/f05/gp_cmaes/seed478/history.npz,-5.506838321685791,True
supplement,f05,f05,gp_cmaes,479,results/supplement/f05/gp_cmaes/seed479/history.npz,-2.5,True
supplement,f05,f05,gp_de_eps,450,results/supplement/f05/gp_de_eps/seed450/history.npz,-5.4938859939575195,True
supplement,f05,f05,gp_de_eps,451,results/supplement/f05/gp_de_eps/seed451/history.npz,-5.504870414733887,True
supplement,f05,f05,gp_de_eps,452,results/supplement/f05/gp_de_eps/seed452/history.npz,-5.507847309112549,True
supplement,f05,f05,gp_de_eps,453,results/supplement/f05/gp_de_eps/seed453/history.npz,-5.508050441741943,True
supplement,f05,f05,gp_de_eps,454,results/supplement/f05/gp_de_eps/seed454/history.npz,-4.131136894226074,True
supplement,f05,f05,gp_de_eps,455,results/supplement/f05/gp_de_eps/seed455/history.npz,-5.4009504318237305,True
supplement,f05,f05,gp_de_eps,456,results/supplement/f05/gp_de_eps/seed456/history.npz,-5.507059097290039,True
supplement,f05,f05,gp_de_eps,457,results/supplement/f05/gp_de_eps/seed457/history.npz,-5.47208309173584,True
supplement,f05,f05,gp_de_eps,458,results/supplement/f05/gp_de_eps/seed458/history.npz,-5.5071492195129395,True
supplement,f05,f05,gp_de_eps,459,results/supplement/f05/gp_de_eps/seed459/history.npz,-5.507461071014404,True
supplement,f05,f05,gp_de_eps,460,results/supplement/f05/gp_de_eps/seed460/history.npz,-5.505502223968506,True
supplement,f05,f05,gp_de_eps,461,results/supplement/f05/gp_de_eps/seed461/history.npz,-5.508041858673096,True
supplement,f05,f05,gp_de_eps,462,results/supplement/f05/gp_de_eps/seed462/history.npz,-5.507424354553223,True
supplement,f05,f05,gp_de_eps,463,results/supplement/f05/gp_de_eps/seed463/history.npz,-5.506137847900391,True
supplement,f05,f05,gp_de_eps,464,results/supplement/f05/gp_de_eps/seed464/history.npz,-5.5075860023498535,True
supplement,f05,f05,gp_de_eps,465,results/supplement/f05/gp_de_eps/seed465/history.npz,-5.493881702423096,True
supplement,f05,f05,gp_de_eps,466,results/supplement/f05/gp_de_eps/seed466/history.npz,-5.507891654968262,True
supplement,f05,f05,gp_de_eps,467,results/supplement/f05/gp_de_eps/seed467/history.npz,-4.7302632331848145,True
supplement,f05,f05,gp_de_eps,468,results/supplement/f05/gp_de_eps/seed468/history.npz,-5.507439136505127,True
supplement,f05,f05,gp_de_eps,469,results/supplement/f05/gp_de_eps/seed469/history.npz,-5.507829189300537,True
supplement,f05,f05,gp_de_eps,470,results/supplement/f05/gp_de_eps/seed470/history.npz,-5.507672309875488,True
supplement,f05,f05,gp_de_eps,471,results/supplement/f05/gp_de_eps/seed471/history.npz,-5.505971908569336,True
supplement,f05,f05,gp_de_eps,472,results/supplement/f05/gp_de_eps/seed472/history.npz,-4.809459686279297,True
supplement,f05,f05,gp_de_eps,473,results/supplement/f05/gp_de_eps/seed473/history.npz,-2.6176724433898926,True
supplement,f05,f05,gp_de_eps,474,results/supplement/f05/gp_de_eps/seed474/history.npz,-5.505476474761963,True
supplement,f05,f05,gp_de_eps,475,results/supplement/f05/gp_de_eps/seed475/history.npz,-5.506111145019531,True
supplement,f05,f05,gp_de_eps,476,results/supplement/f05/gp_de_eps/seed476/history.npz,-5.507626056671143,True
supplement,f05,f05,gp_de_eps,477,results/supplement/f05/gp_de_eps/seed477/history.npz,-5.508047580718994,True
supplement,f05,f05,gp_de_eps,478,results/supplement/f05/gp_de_eps/seed478/history.npz,-5.500373363494873,True
supplement,f05,f05,gp_de_eps,479,results/supplement/f05/gp_de_eps/seed479/history.npz,-5.506499767303467,True
supplement,f05,f05,gp_de_fs,450,results/supplement/f05/gp_de_fs/seed450/history.npz,-5.473077297210693,True
supplement,f05,f05,gp_de_fs,451,results/supplement/f05/gp_de_fs/seed451/history.npz,-5.462887287139893,True
supplement,f05,f05,gp_de_fs,452,results/supplement/f05/gp_de_fs/seed452/history.npz,-5.507967472076416,True
supplement,f05,f05,gp_de_fs,453,results/supplement/f05/gp_de_fs/seed453/history.npz,-5.506119251251221,True
supplement,f05,f05,gp_de_fs,454,results/supplement/f05/gp_de_fs/seed454/history.npz,-4.131136894226074,True
supplement,f05,f05,gp_de_fs,455,results/supplement/f05/gp_de_fs/seed455/history.npz,-5.506515026092529,True
supplement,f05,f05,gp_de_fs,456,results/supplement/f05/gp_de_fs/seed456/history.npz,-5.506832599639893,True
supplement,f05,f05,gp_de_fs,457,results/supplement/f05/gp_de_fs/seed457/history.npz,-5.472322463989258,True
supplement,f05,f05,gp_de_fs,458,results/supplement/f05/gp_de_fs/seed458/history.npz,-4.66532039642334,True
supplement,f05,f05,gp_de_fs,459,results/supplement/f05/gp_de_fs/seed459/history.npz,-5.410250663757324,True
supplement,f05,f05,gp_de_fs,460,results/supplement/f05/gp_de_fs/seed460/history.npz,-5.470837593078613,True
supplement,f05,f05,gp_de_fs,461,results/supplement/f05/gp_de_fs/seed461/history.npz,-5.5078582763671875,True
supplement,f05,f05,gp_de_fs,462,results/supplement/f05/gp_de_fs/seed462/history.npz,-5.507693290710449,True
supplement,f05,f05,gp_de_fs,463,results/supplement/f05/gp_de_fs/seed463/history.npz,-4.70111083984375,True
supplement,f05,f05,gp_de_fs,464,results/supplement/f05/gp_de_fs/seed464/history.npz,-5.4723334312438965,True
supplement,f05,f05,gp_de_fs,465,results/supplement/f05/gp_de_fs/seed465/history.npz,-5.507945537567139,True
supplement,f05,f05,gp_de_fs,466,results/supplement/f05/gp_de_fs/seed466/history.npz,-5.508033752441406,True
supplement,f05,f05,gp_de_fs,467,results/supplement/f05/gp_de_fs/seed467/history.npz,-4.555080413818359,True
supplement,f05,f05,gp_de_fs,468,results/supplement/f05/gp_de_fs/seed468/history.npz,-5.508004665374756,True
supplement,f05,f05,gp_de_fs,469,results/supplement/f05/gp_de_fs/seed469/history.npz,-5.508028507232666,True
supplement,f05,f05,gp_de_fs,470,results/supplement/f05/gp_de_fs/seed470/history.npz,-5.507852077484131,True
supplement,f05,f05,gp_de_fs,471,results/supplement/f05/gp_de_fs/seed471/history.npz,-5.507927894592285,True
supplement,f05,f05,gp_de_fs,472,results/supplement/f05/gp_de_fs/seed472/history.npz,-4.809459686279297,True
supplement,f05,f05,gp_de_fs,473,results/supplement/f05/gp_de_fs/seed473/history.npz,-5.508054733276367,True
supplement,f05,f05,gp_de_fs,474,results/supplement/f05/gp_de_fs/seed474/history.npz,-5.507108211517334,True
supplement,f05,f05,gp_de_fs,475,results/supplement/f05/gp_de_fs/seed475/history.npz,-5.5052385330200195,True
supplement,f05,f05,gp_de_fs,476,results/supplement/f05/gp_de_fs/seed476/history.npz,-5.507514476776123,True
supplement,f05,f05,gp_de_fs,477,results/supplement/f05/gp_de_fs/seed477/history.npz,-5.505216598510742,True
supplement,f05,f05,gp_de_fs,478,results/supplement/f05/gp_de_fs/seed478/history.npz,-5.506250858306885,True
supplement,f05,f05,gp_de_fs,479,results/supplement/f05/gp_de_fs/seed479/history.npz,-5.5078535079956055,True
supplement,f05,f05,gp_pso,450,results/supplement/f05/gp_pso/seed450/history.npz,-5.507880687713623,True
supplement,f05,f05,gp_pso,451,results/supplement/f05/gp_pso/seed451/history.npz,-5.507900238037109,True
supplement,f05,f05,gp_pso,452,results/supplement/f05/gp_pso/seed452/history.npz,-5.507868766784668,True
supplement,f05,f05,gp_pso,453,results/supplement/f05/gp_pso/seed453/history.npz,-5.508059024810791,True
supplement,f05,f05,gp_pso,454,results/supplement/f05/gp_pso/seed454/history.npz,-5.507862567901611,True
supplement,f05,f05,gp_pso,455,results/supplement/f05/gp_pso/seed455/history.npz,-5.507791042327881,True
supplement,f05,f05,gp_pso,456,results/supplement/f05/gp_pso/seed456/history.npz,-5.504796981811523,True
supplement,f05,f05,gp_pso,457,results/supplement/f05/gp_pso/seed457/history.npz,-5.507713794708252,True
supplement,f05,f05,gp_pso,458,results/supplement/f05/gp_pso/seed458/history.npz,-5.507563591003418,True
supplement,f05,f05,gp_pso,459,results/supplement/f05/gp_pso/seed459/history.npz,-5.507967948913574,True
supplement,f05,f05,gp_pso,460,results/supplement/f05/gp_pso/seed460/history.npz,-5.472308158874512,True
supplement,f05,f05,gp_pso,461,results/supplement/f05/gp_pso/seed461/history.npz,-5.503429412841797,True
supplement,f05,f05,gp_pso,462,results/supplement/f05/gp_pso/seed462/history.npz,-5.507641792297363,True
supplement,f05,f05,gp_pso,463,results/supplement/f05/gp_pso/seed463/history.npz,-5.507301330566406,True
supplement,f05,f05,gp_pso,464,results/supplement/f05/gp_pso/seed464/history.npz,-5.508029460906982,True
supplement,f05,f05,gp_pso,465,results/supplement/f05/gp_pso/seed465/history.npz,-5.50765323638916,True
supplement,f05,f05,gp_pso,466,results/supplement/f05/gp_pso/seed466/history.npz,-5.507904529571533,True
supplement,f05,f05,gp_pso,467,results/supplement/f05/gp_pso/seed467/history.npz,-5.508060455322266,True
supplement,f05,f05,gp_pso,468,results/supplement/f05/gp_pso/seed468/history.npz,-5.5074334144592285,True
supplement,f05,f05,gp_pso,469,results/supplement/f05/gp_pso/seed469/history.npz,-5.507798671722412,True
supplement,f05,f05,gp_pso,470,results/supplement/f05/gp_pso/seed470/history.npz,-5.506030082702637,True
supplement,f05,f05,gp_pso,471,results/supplement/f05/gp_pso/seed471/history.npz,-5.507808208465576,True
supplement,f05,f05,gp_pso,472,results/supplement/f05/gp_pso/seed472/history.npz,-5.50703239440918,True
supplement,f05,f05,gp_pso,473,results/supplement/f05/gp_pso/seed473/history.npz,-5.507185459136963,True
supplement,f05,f05,gp_pso,474,results/supplement/f05/gp_pso/seed474/history.npz,-5.507660865783691,True
supplement,f05,f05,gp_pso,475,results/supplement/f05/gp_pso/seed475/history.npz,-5.507345676422119,True
supplement,f05,f05,gp_pso,476,results/supplement/f05/gp_pso/seed476/history.npz,-5.507838726043701,True
supplement,f05,f05,gp_pso,477,results/supplement/f05/gp_pso/seed477/history.npz,-5.508030414581299,True
supplement,f05,f05,gp_pso,478,results/supplement/f05/gp_pso/seed478/history.npz,-5.506808280944824,True
supplement,f05,f05,gp_pso,479,results/supplement/f05/gp_pso/seed479/history.npz,-5.504918575286865,True
supplement,f05,f05,pigp_de_eps,450,results/supplement/f05/pigp_de_eps/seed450/history.npz,-5.507673740386963,True
supplement,f05,f05,pigp_de_eps,451,results/supplement/f05/pigp_de_eps/seed451/history.npz,-5.507941722869873,True
supplement,f05,f05,pigp_de_eps,452,results/supplement/f05/pigp_de_eps/seed452/history.npz,-5.507803440093994,True
supplement,f05,f05,pigp_de_eps,453,results/supplement/f05/pigp_de_eps/seed453/history.npz,-5.507175445556641,True
supplement,f05,f05,pigp_de_eps,454,results/supplement/f05/pigp_de_eps/seed454/history.npz,-5.507986545562744,True
supplement,f05,f05,pigp_de_eps,455,results/supplement/f05/pigp_de_eps/seed455/history.npz,-5.507959842681885,True
supplement,f05,f05,pigp_de_eps,456,results/supplement/f05/pigp_de_eps/seed456/history.npz,-5.472325325012207,True
supplement,f05,f05,pigp_de_eps,457,results/supplement/f05/pigp_de_eps/seed457/history.npz,-5.507964134216309,True
supplement,f05,f05,pigp_de_eps,458,results/supplement/f05/pigp_de_eps/seed458/history.npz,-5.50799560546875,True
supplement,f05,f05,pigp_de_eps,459,results/supplement/f05/pigp_de_eps/seed459/history.npz,-5.507985591888428,True
supplement,f05,f05,pigp_de_eps,460,results/supplement/f05/pigp_de_eps/seed460/history.npz,-5.507961750030518,True
supplement,f05,f05,pigp_de_eps,461,results/supplement/f05/pigp_de_eps/seed461/history.npz,-5.508000373840332,True
supplement,f05,f05,pigp_de_eps,462,results/supplement/f05/pigp_de_eps/seed462/history.npz,-5.5079569816589355,True
supplement,f05,f05,pigp_de_eps,463,results/supplement/f05/pigp_de_eps/seed463/history.npz,-5.472326755523682,True
supplement,f05,f05,pigp_de_eps,464,results/supplement/f05/pigp_de_eps/seed464/history.npz,-5.507911682128906,True
supplement,f05,f05,pigp_de_eps,465,results/supplement/f05/pigp_de_eps/seed465/history.npz,-5.5079345703125,True
supplement,f05,f05,pigp_de_eps,466,results/supplement/f05/pigp_de_eps/seed466/history.npz,-5.507781505584717,True
supplement,f05,f05,pigp_de_eps,467,results/supplement/f05/pigp_de_eps/seed467/history.npz,-5.5079345703125,True
supplement,f05,f05,pigp_de_eps,468,results/supplement/f05/pigp_de_eps/seed468/history.npz,-5.507847309112549,True
supplement,f05,f05,pigp_de_eps,469,results/supplement/f05/pigp_de_eps/seed469/history.npz,-5.50800895690918,True
supplement,f05,f05,pigp_de_eps,470,results/supplement/f05/pigp_de_eps/seed470/history.npz,-5.507541179656982,True
supplement,f05,f05,pigp_de_eps,471,results/supplement/f05/pigp_de_eps/seed471/history.npz,-5.507998466491699,True
supplement,f05,f05,pigp_de_eps,472,results/supplement/f05/pigp_de_eps/seed472/history.npz,-5.507968902587891,True
supplement,f05,f05,pigp_de_eps,473,results/supplement/f05/pigp_de_eps/seed473/history.npz,-5.507707595825195,True
supplement,f05,f05,pigp_de_eps,474,results/supplement/f05/pigp_de_eps/seed474/history.npz,-5.500874042510986,True
supplement,f05,f05,pigp_de_eps,475,results/supplement/f05/pigp_de_eps/seed475/history.npz,-5.508002281188965,True
supplement,f05,f05,pigp_de_eps,476,results/supplement/f05/pigp_de_eps/seed476/history.npz,-5.507970809936523,True
supplement,f05,f05,pigp_de_eps,477,results/supplement/f05/pigp_de_eps/seed477/history.npz,-5.50474739074707,True
supplement,f05,f05,pigp_de_eps,478,results/supplement/f05/pigp_de_eps/seed478/history.npz,-4.701055526733398,True
supplement,f05,f05,pigp_de_eps,479,results/supplement/f05/pigp_de_eps/seed479/history.npz,-5.508003234863281,True
supplement,f05,f05,pigp_de_fs,450,results/supplement/f05/pigp_de_fs/seed450/history.npz,-5.5080790519714355,True
supplement,f05,f05,pigp_de_fs,451,results/supplement/f05/pigp_de_fs/seed451/history.npz,-5.508071422576904,True
supplement,f05,f05,pigp_de_fs,452,results/supplement/f05/pigp_de_fs/seed452/history.npz,-5.507970809936523,True
supplement,f05,f05,pigp_de_fs,453,results/supplement/f05/pigp_de_fs/seed453/history.npz,-5.507951736450195,True
supplement,f05,f05,pigp_de_fs,454,results/supplement/f05/pigp_de_fs/seed454/history.npz,-5.497923851013184,True
supplement,f05,f05,pigp_de_fs,455,results/supplement/f05/pigp_de_fs/seed455/history.npz,-5.508081912994385,True
supplement,f05,f05,pigp_de_fs,456,results/supplement/f05/pigp_de_fs/seed456/history.npz,-5.504980564117432,True
supplement,f05,f05,pigp_de_fs,457,results/supplement/f05/pigp_de_fs/seed457/history.npz,-5.472344398498535,True
supplement,f05,f05,pigp_de_fs,458,results/supplement/f05/pigp_de_fs/seed458/history.npz,-5.5077433586120605,True
supplement,f05,f05,pigp_de_fs,459,results/supplement/f05/pigp_de_fs/seed459/history.npz,-5.472349166870117,True
supplement,f05,f05,pigp_de_fs,460,results/supplement/f05/pigp_de_fs/seed460/history.npz,-5.508060455322266,True
supplement,f05,f05,pigp_de_fs,461,results/supplement/f05/pigp_de_fs/seed461/history.npz,-5.507954120635986,True
supplement,f05,f05,pigp_de_fs,462,results/supplement/f05/pigp_de_fs/seed462/history.npz,-5.507293224334717,True
supplement,f05,f05,pigp_de_fs,463,results/supplement/f05/pigp_de_fs/seed463/history.npz,-4.7011799812316895,True
supplement,f05,f05,pigp_de_fs,464,results/supplement/f05/pigp_de_fs/seed464/history.npz,-5.506725788116455,True
supplement,f05,f05,pigp_de_fs,465,results/supplement/f05/pigp_de_fs/seed465/history.npz,-5.508070468902588,True
supplement,f05,f05,pigp_de_fs,466,results/supplement/f05/pigp_de_fs/seed466/history.npz,-5.472344398498535,True
supplement,f05,f05,pigp_de_fs,467,results/supplement/f05/pigp_de_fs/seed467/history.npz,-5.507296562194824,True
supplement,f05,f05,pigp_de_fs,468,results/supplement/f05/pigp_de_fs/seed468/history.npz,-5.472263336181641,True
supplement,f05,f05,pigp_de_fs,469,results/supplement/f05/pigp_de_fs/seed469/history.npz,-5.507963180541992,True
supplement,f05,f05,pigp_de_fs,470,results/supplement/f05/pigp_de_fs/seed470/history.npz,-5.508082389831543,True
supplement,f05,f05,pigp_de_fs,471,results/supplement/f05/pigp_de_fs/seed471/history.npz,-4.701231002807617,True
supplement,f05,f05,pigp_de_fs,472,results/supplement/f05/pigp_de_fs/seed472/history.npz,-5.508082389831543,True
supplement,f05,f05,pigp_de_fs,473,results/supplement/f05/pigp_de_fs/seed473/history.npz,-5.50754976272583,True
supplement,f05,f05,pigp_de_fs,474,results/supplement/f05/pigp_de_fs/seed474/history.npz,-5.505575656890869,True
supplement,f05,f05,pigp_de_fs,475,results/supplement/f05/pigp_de_fs/seed475/history.npz,-5.50805139541626,True
supplement,f05,f05,pigp_de_fs,476,results/supplement/f05/pigp_de_fs/seed476/history.npz,-5.472350120544434,True
supplement,f05,f05,pigp_de_fs,477,results/supplement/f05/pigp_de_fs/seed477/history.npz,-4.701231002807617,True
supplement,f05,f05,pigp_de_fs,478,results/supplement/f05/pigp_de_fs/seed478/history.npz,-4.835000991821289,True
supplement,f05,f05,pigp_de_fs,479,results/supplement/f05/pigp_de_fs/seed479/history.npz,-5.5080790519714355,True
supplement,f05,f05,pinn_cmaes,450,results/supplement/f05/pinn_cmaes/seed450/history.npz,-5.505496978759766,True
supplement,f05,f05,pinn_cmaes,451,results/supplement/f05/pinn_cmaes/seed451/history.npz,-5.194478511810303,True
supplement,f05,f05,pinn_cmaes,452,results/supplement/f05/pinn_cmaes/seed452/history.npz,-5.508030891418457,True
supplement,f05,f05,pinn_cmaes,453,results/supplement/f05/pinn_cmaes/seed453/history.npz,-5.239709377288818,True
supplement,f05,f05,pinn_cmaes,454,results/supplement/f05/pinn_cmaes/seed454/history.npz,-1.6068888902664185,True
supplement,f05,f05,pinn_cmaes,455,results/supplement/f05/pinn_cmaes/seed455/history.npz,-5.402264595031738,True
supplement,f05,f05,pinn_cmaes,456,results/supplement/f05/pinn_cmaes/seed456/history.npz,-5.410807132720947,True
supplement,f05,f05,pinn_cmaes,457,results/supplement/f05/pinn_cmaes/seed457/history.npz,-5.472327709197998,True
supplement,f05,f05,pinn_cmaes,458,results/supplement/f05/pinn_cmaes/seed458/history.npz,-5.454718112945557,True
supplement,f05,f05,pinn_cmaes,459,results/supplement/f05/pinn_cmaes/seed459/history.npz,-5.450595855712891,True
supplement,f05,f05,pinn_cmaes,460,results/supplement/f05/pinn_cmaes/seed460/history.npz,-5.470616340637207,True
supplement,f05,f05,pinn_cmaes,461,results/supplement/f05/pinn_cmaes/seed461/history.npz,-5.472349643707275,True
supplement,f05,f05,pinn_cmaes,462,results/supplement/f05/pinn_cmaes/seed462/history.npz,-5.460885047912598,True
supplement,f05,f05,pinn_cmaes,463,results/supplement/f05/pinn_cmaes/seed463/history.npz,-5.40891170501709,True
supplement,f05,f05,pinn_cmaes,464,results/supplement/f05/pinn_cmaes/seed464/history.npz,-5.472344875335693,True
supplement,f05,f05,pinn_cmaes,465,results/supplement/f05/pinn_cmaes/seed465/history.npz,-5.480678558349609,True
supplement,f05,f05,pinn_cmaes,466,results/supplement/f05/pinn_cmaes/seed466/history.npz,-5.4723358154296875,True
supplement,f05,f05,pinn_cmaes,467,results/supplement/f05/pinn_cmaes/seed467/history.npz,-5.4715681076049805,True
supplement,f05,f05,pinn_cmaes,468,results/supplement/f05/pinn_cmaes/seed468/history.npz,-5.506553649902344,True
supplement,f05,f05,pinn_cmaes,469,results/supplement/f05/pinn_cmaes/seed469/history.npz,-5.5078301429748535,True
supplement,f05,f05,pinn_cmaes,470,results/supplement/f05/pinn_cmaes/seed470/history.npz,-5.506401538848877,True
supplement,f05,f05,pinn_cmaes,471,results/supplement/f05/pinn_cmaes/seed471/history.npz,-5.50654411315918,True
supplement,f05,f05,pinn_cmaes,472,results/supplement/f05/pinn_cmaes/seed472/history.npz,-5.50546407699585,True
supplement,f05,f05,pinn_cmaes,473,results/supplement/f05/pinn_cmaes/seed473/history.npz,-5.352703094482422,True
supplement,f05,f05,pinn_cmaes,474,results/supplement/f05/pinn_cmaes/seed474/history.npz,-5.480159282684326,True
supplement,f05,f05,pinn_cmaes,475,results/supplement/f05/pinn_cmaes/seed475/history.npz,-5.472184658050537,True
supplement,f05,f05,pinn_cmaes,476,results/supplement/f05/pinn_cmaes/seed476/history.npz,-4.577261447906494,True
supplement,f05,f05,pinn_cmaes,477,results/supplement/f05/pinn_cmaes/seed477/history.npz,-5.461447715759277,True
supplement,f05,f05,pinn_cmaes,478,results/supplement/f05/pinn_cmaes/seed478/history.npz,-2.876357078552246,True
supplement,f05,f05,pinn_cmaes,479,results/supplement/f05/pinn_cmaes/seed479/history.npz,-5.500642776489258,True
supplement,f05,f05,pinn_de_eps,450,results/supplement/f05/pinn_de_eps/seed450/history.npz,-5.507989406585693,True
supplement,f05,f05,pinn_de_eps,451,results/supplement/f05/pinn_de_eps/seed451/history.npz,-5.5070037841796875,True
supplement,f05,f05,pinn_de_eps,452,results/supplement/f05/pinn_de_eps/seed452/history.npz,-5.507568836212158,True
supplement,f05,f05,pinn_de_eps,453,results/supplement/f05/pinn_de_eps/seed453/history.npz,-5.507867336273193,True
supplement,f05,f05,pinn_de_eps,454,results/supplement/f05/pinn_de_eps/seed454/history.npz,-5.500393867492676,True
supplement,f05,f05,pinn_de_eps,455,results/supplement/f05/pinn_de_eps/seed455/history.npz,-5.50545072555542,True
supplement,f05,f05,pinn_de_eps,456,results/supplement/f05/pinn_de_eps/seed456/history.npz,-5.473994731903076,True
supplement,f05,f05,pinn_de_eps,457,results/supplement/f05/pinn_de_eps/seed457/history.npz,-5.352685928344727,True
supplement,f05,f05,pinn_de_eps,458,results/supplement/f05/pinn_de_eps/seed458/history.npz,-5.503262996673584,True
supplement,f05,f05,pinn_de_eps,459,results/supplement/f05/pinn_de_eps/seed459/history.npz,-5.507795333862305,True
supplement,f05,f05,pinn_de_eps,460,results/supplement/f05/pinn_de_eps/seed460/history.npz,-5.4551568031311035,True
supplement,f05,f05,pinn_de_eps,461,results/supplement/f05/pinn_de_eps/seed461/history.npz,-1.3645341396331787,True
supplement,f05,f05,pinn_de_eps,462,results/supplement/f05/pinn_de_eps/seed462/history.npz,-5.506797790527344,True
supplement,f05,f05,pinn_de_eps,463,results/supplement/f05/pinn_de_eps/seed463/history.npz,-5.506161212921143,True
supplement,f05,f05,pinn_de_eps,464,results/supplement/f05/pinn_de_eps/seed464/history.npz,-5.4770684242248535,True
supplement,f05,f05,pinn_de_eps,465,results/supplement/f05/pinn_de_eps/seed465/history.npz,-5.5061140060424805,True
supplement,f05,f05,pinn_de_eps,466,results/supplement/f05/pinn_de_eps/seed466/history.npz,-3.221776247024536,True
supplement,f05,f05,pinn_de_eps,467,results/supplement/f05/pinn_de_eps/seed467/history.npz,-4.555080413818359,True
supplement,f05,f05,pinn_de_eps,468,results/supplement/f05/pinn_de_eps/seed468/history.npz,-5.506822109222412,True
supplement,f05,f05,pinn_de_eps,469,results/supplement/f05/pinn_de_eps/seed469/history.npz,-5.502756118774414,True
supplement,f05,f05,pinn_de_eps,470,results/supplement/f05/pinn_de_eps/seed470/history.npz,-2.0296411514282227,True
supplement,f05,f05,pinn_de_eps,471,results/supplement/f05/pinn_de_eps/seed471/history.npz,-5.505845546722412,True
supplement,f05,f05,pinn_de_eps,472,results/supplement/f05/pinn_de_eps/seed472/history.npz,-5.505090236663818,True
supplement,f05,f05,pinn_de_eps,473,results/supplement/f05/pinn_de_eps/seed473/history.npz,-2.6176724433898926,True
supplement,f05,f05,pinn_de_eps,474,results/supplement/f05/pinn_de_eps/seed474/history.npz,-5.475520133972168,True
supplement,f05,f05,pinn_de_eps,475,results/supplement/f05/pinn_de_eps/seed475/history.npz,-5.503261089324951,True
supplement,f05,f05,pinn_de_eps,476,results/supplement/f05/pinn_de_eps/seed476/history.npz,-4.518338680267334,True
supplement,f05,f05,pinn_de_eps,477,results/supplement/f05/pinn_de_eps/seed477/history.npz,-5.507004261016846,True
supplement,f05,f05,pinn_de_eps,478,results/supplement/f05/pinn_de_eps/seed478/history.npz,-5.497111797332764,True
supplement,f05,f05,pinn_de_eps,479,results/supplement/f05/pinn_de_eps/seed479/history.npz,-5.506955623626709,True
supplement,f05,f05,pinn_de_fs,450,results/supplement/f05/pinn_de_fs/seed450/history.npz,-5.505221843719482,True
supplement,f05,f05,pinn_de_fs,451,results/supplement/f05/pinn_de_fs/seed451/history.npz,-5.376106262207031,True
supplement,f05,f05,pinn_de_fs,452,results/supplement/f05/pinn_de_fs/seed452/history.npz,-5.4287590980529785,True
supplement,f05,f05,pinn_de_fs,453,results/supplement/f05/pinn_de_fs/seed453/history.npz,-5.504783630371094,True
supplement,f05,f05,pinn_de_fs,454,results/supplement/f05/pinn_de_fs/seed454/history.npz,-5.480462551116943,True
supplement,f05,f05,pinn_de_fs,455,results/supplement/f05/pinn_de_fs/seed455/history.npz,-5.471929550170898,True
supplement,f05,f05,pinn_de_fs,456,results/supplement/f05/pinn_de_fs/seed456/history.npz,-5.506161212921143,True
supplement,f05,f05,pinn_de_fs,457,results/supplement/f05/pinn_de_fs/seed457/history.npz,-5.479255199432373,True
supplement,f05,f05,pinn_de_fs,458,results/supplement/f05/pinn_de_fs/seed458/history.npz,-4.675393104553223,True
supplement,f05,f05,pinn_de_fs,459,results/supplement/f05/pinn_de_fs/seed459/history.npz,-5.504288196563721,True
supplement,f05,f05,pinn_de_fs,460,results/supplement/f05/pinn_de_fs/seed460/history.npz,-5.455358505249023,True
supplement,f05,f05,pinn_de_fs,461,results/supplement/f05/pinn_de_fs/seed461/history.npz,-5.189722061157227,True
supplement,f05,f05,pinn_de_fs,462,results/supplement/f05/pinn_de_fs/seed462/history.npz,-5.507537364959717,True
supplement,f05,f05,pinn_de_fs,463,results/supplement/f05/pinn_de_fs/seed463/history.npz,-5.506027698516846,True
supplement,f05,f05,pinn_de_fs,464,results/supplement/f05/pinn_de_fs/seed464/history.npz,-5.502621173858643,True
supplement,f05,f05,pinn_de_fs,465,results/supplement/f05/pinn_de_fs/seed465/history.npz,-5.505342960357666,True
supplement,f05,f05,pinn_de_fs,466,results/supplement/f05/pinn_de_fs/seed466/history.npz,-5.5065412521362305,True
supplement,f05,f05,pinn_de_fs,467,results/supplement/f05/pinn_de_fs/seed467/history.npz,-5.461067199707031,True
supplement,f05,f05,pinn_de_fs,468,results/supplement/f05/pinn_de_fs/seed468/history.npz,-5.472110748291016,True
supplement,f05,f05,pinn_de_fs,469,results/supplement/f05/pinn_de_fs/seed469/history.npz,-5.504772663116455,True
supplement,f05,f05,pinn_de_fs,470,results/supplement/f05/pinn_de_fs/seed470/history.npz,-5.506324768066406,True
supplement,f05,f05,pinn_de_fs,471,results/supplement/f05/pinn_de_fs/seed471/history.npz,-5.507154941558838,True
supplement,f05,f05,pinn_de_fs,472,results/supplement/f05/pinn_de_fs/seed472/history.npz,-5.420458793640137,True
supplement,f05,f05,pinn_de_fs,473,results/supplement/f05/pinn_de_fs/seed473/history.npz,-5.3643341064453125,True
supplement,f05,f05,pinn_de_fs,474,results/supplement/f05/pinn_de_fs/seed474/history.npz,-5.5030436515808105,True
supplement,f05,f05,pinn_de_fs,475,results/supplement/f05/pinn_de_fs/seed475/history.npz,-5.420004844665527,True
supplement,f05,f05,pinn_de_fs,476,results/supplement/f05/pinn_de_fs/seed476/history.npz,-5.506241798400879,True
supplement,f05,f05,pinn_de_fs,477,results/supplement/f05/pinn_de_fs/seed477/history.npz,-5.456155300140381,True
supplement,f05,f05,pinn_de_fs,478,results/supplement/f05/pinn_de_fs/seed478/history.npz,-5.508018970489502,True
supplement,f05,f05,pinn_de_fs,479,results/supplement/f05/pinn_de_fs/seed479/history.npz,-5.507462501525879,True
supplement,f05,f05,pinn_pso,450,results/supplement/f05/pinn_pso/seed450/history.npz,-5.506364822387695,True
supplement,f05,f05,pinn_pso,451,results/supplement/f05/pinn_pso/seed451/history.npz,-5.500181198120117,True
supplement,f05,f05,pinn_pso,452,results/supplement/f05/pinn_pso/seed452/history.npz,-5.491107940673828,True
supplement,f05,f05,pinn_pso,453,results/supplement/f05/pinn_pso/seed453/history.npz,-5.505593776702881,True
supplement,f05,f05,pinn_pso,454,results/supplement/f05/pinn_pso/seed454/history.npz,-5.507450103759766,True
supplement,f05,f05,pinn_pso,455,results/supplement/f05/pinn_pso/seed455/history.npz,-5.490161895751953,True
supplement,f05,f05,pinn_pso,456,results/supplement/f05/pinn_pso/seed456/history.npz,-5.498645305633545,True
supplement,f05,f05,pinn_pso,457,results/supplement/f05/pinn_pso/seed457/history.npz,-5.505865097045898,True
supplement,f05,f05,pinn_pso,458,results/supplement/f05/pinn_pso/seed458/history.npz,-5.506876468658447,True
supplement,f05,f05,pinn_pso,459,results/supplement/f05/pinn_pso/seed459/history.npz,-5.285436630249023,True
supplement,f05,f05,pinn_pso,460,results/supplement/f05/pinn_pso/seed460/history.npz,-5.504851818084717,True
supplement,f05,f05,pinn_pso,461,results/supplement/f05/pinn_pso/seed461/history.npz,-5.468400001525879,True
supplement,f05,f05,pinn_pso,462,results/supplement/f05/pinn_pso/seed462/history.npz,-5.506549835205078,True
supplement,f05,f05,pinn_pso,463,results/supplement/f05/pinn_pso/seed463/history.npz,-5.503815174102783,True
supplement,f05,f05,pinn_pso,464,results/supplement/f05/pinn_pso/seed464/history.npz,-5.469375133514404,True
supplement,f05,f05,pinn_pso,465,results/supplement/f05/pinn_pso/seed465/history.npz,-5.507021903991699,True
supplement,f05,f05,pinn_pso,466,results/supplement/f05/pinn_pso/seed466/history.npz,-5.5072174072265625,True
supplement,f05,f05,pinn_pso,467,results/supplement/f05/pinn_pso/seed467/history.npz,-5.462825298309326,True
supplement,f05,f05,pinn_pso,468,results/supplement/f05/pinn_pso/seed468/history.npz,-5.505855560302734,True
supplement,f05,f05,pinn_pso,469,results/supplement/f05/pinn_pso/seed469/history.npz,-5.506198406219482,True
supplement,f05,f05,pinn_pso,470,results/supplement/f05/pinn_pso/seed470/history.npz,-5.502185344696045,True
supplement,f05,f05,pinn_pso,471,results/supplement/f05/pinn_pso/seed471/history.npz,-5.507328987121582,True
supplement,f05,f05,pinn_pso,472,results/supplement/f05/pinn_pso/seed472/history.npz,-5.501715660095215,True
supplement,f05,f05,pinn_pso,473,results/supplement/f05/pinn_pso/seed473/history.npz,-5.506952285766602,True
supplement,f05,f05,pinn_pso,474,results/supplement/f05/pinn_pso/seed474/history.npz,-5.469276428222656,True
supplement,f05,f05,pinn_pso,475,results/supplement/f05/pinn_pso/seed475/history.npz,-5.5078816413879395,True
supplement,f05,f05,pinn_pso,476,results/supplement/f05/pinn_pso/seed476/history.npz,-5.504396438598633,True
supplement,f05,f05,pinn_pso,477,results/supplement/f05/pinn_pso/seed477/history.npz,-5.4717583656311035,True
supplement,f05,f05,pinn_pso,478,results/supplement/f05/pinn_pso/seed478/history.npz,-5.507881164550781,True
supplement,f05,f05,pinn_pso,479,results/supplement/f05/pinn_pso/seed479/history.npz,-5.486988544464111,True
supplement,f05,f05,rbfn_cmaes,450,results/supplement/f05/rbfn_cmaes/seed450/history.npz,-1.3731110095977783,True
supplement,f05,f05,rbfn_cmaes,451,results/supplement/f05/rbfn_cmaes/seed451/history.npz,0.1604055017232895,True
supplement,f05,f05,rbfn_cmaes,452,results/supplement/f05/rbfn_cmaes/seed452/history.npz,-3.8115668296813965,True
supplement,f05,f05,rbfn_cmaes,453,results/supplement/f05/rbfn_cmaes/seed453/history.npz,-2.5,True
supplement,f05,f05,rbfn_cmaes,454,results/supplement/f05/rbfn_cmaes/seed454/history.npz,-2.5,True
supplement,f05,f05,rbfn_cmaes,455,results/supplement/f05/rbfn_cmaes/seed455/history.npz,-0.9289296865463257,True
supplement,f05,f05,rbfn_cmaes,456,results/supplement/f05/rbfn_cmaes/seed456/history.npz,-4.367700099945068,True
supplement,f05,f05,rbfn_cmaes,457,results/supplement/f05/rbfn_cmaes/seed457/history.npz,-5.011894226074219,True
supplement,f05,f05,rbfn_cmaes,458,results/supplement/f05/rbfn_cmaes/seed458/history.npz,-2.056161880493164,True
supplement,f05,f05,rbfn_cmaes,459,results/supplement/f05/rbfn_cmaes/seed459/history.npz,-5.495081901550293,True
supplement,f05,f05,rbfn_cmaes,460,results/supplement/f05/rbfn_cmaes/seed460/history.npz,-2.500840187072754,True
supplement,f05,f05,rbfn_cmaes,461,results/supplement/f05/rbfn_cmaes/seed461/history.npz,-5.474570274353027,True
supplement,f05,f05,rbfn_cmaes,462,results/supplement/f05/rbfn_cmaes/seed462/history.npz,-5.104121685028076,True
supplement,f05,f05,rbfn_cmaes,463,results/supplement/f05/rbfn_cmaes/seed463/history.npz,-3.8928260803222656,True
supplement,f05,f05,rbfn_cmaes,464,results/supplement/f05/rbfn_cmaes/seed464/history.npz,-4.668907642364502,True
supplement,f05,f05,rbfn_cmaes,465,results/supplement/f05/rbfn_cmaes/seed465/history.npz,-2.932420253753662,True
supplement,f05,f05,rbfn_cmaes,466,results/supplement/f05/rbfn_cmaes/seed466/history.npz,-0.5599115490913391,True
supplement,f05,f05,rbfn_cmaes,467,results/supplement/f05/rbfn_cmaes/seed467/history.npz,-4.796075820922852,True
supplement,f05,f05,rbfn_cmaes,468,results/supplement/f05/rbfn_cmaes/seed468/history.npz,-5.407510757446289,True
supplement,f05,f05,rbfn_cmaes,469,results/supplement/f05/rbfn_cmaes/seed469/history.npz,-5.439887523651123,True
supplement,f05,f05,rbfn_cmaes,470,results/supplement/f05/rbfn_cmaes/seed470/history.npz,-2.5,True
supplement,f05,f05,rbfn_cmaes,471,results/supplement/f05/rbfn_cmaes/seed471/history.npz,-2.3016750812530518,True
supplement,f05,f05,rbfn_cmaes,472,results/supplement/f05/rbfn_cmaes/seed472/history.npz,-2.374389410018921,True
supplement,f05,f05,rbfn_cmaes,473,results/supplement/f05/rbfn_cmaes/seed473/history.npz,-2.5,True
supplement,f05,f05,rbfn_cmaes,474,results/supplement/f05/rbfn_cmaes/seed474/history.npz,-3.8301148414611816,True
supplement,f05,f05,rbfn_cmaes,475,results/supplement/f05/rbfn_cmaes/seed475/history.npz,-2.5,True
supplement,f05,f05,rbfn_cmaes,476,results/supplement/f05/rbfn_cmaes/seed476/history.npz,-4.577261447906494,True
supplement,f05,f05,rbfn_cmaes,477,results/supplement/f05/rbfn_cmaes/seed477/history.npz,-3.2067174911499023,True
supplement,f05,f05,rbfn_cmaes,478,results/supplement/f05/rbfn_cmaes/seed478/history.npz,-2.876357078552246,True
supplement,f05,f05,rbfn_cmaes,479,results/supplement/f05/rbfn_cmaes/seed479/history.npz,-2.5050623416900635,True
supplement,f05,f05,rbfn_pso,450,results/supplement/f05/rbfn_pso/seed450/history.npz,-5.453139305114746,True
supplement,f05,f05,rbfn_pso,451,results/supplement/f05/rbfn_pso/seed451/history.npz,-4.9091796875,True
supplement,f05,f05,rbfn_pso,452,results/supplement/f05/rbfn_pso/seed452/history.npz,-5.408007621765137,True
supplement,f05,f05,rbfn_pso,453,results/supplement/f05/rbfn_pso/seed453/history.npz,-3.753300428390503,True
supplement,f05,f05,rbfn_pso,454,results/supplement/f05/rbfn_pso/seed454/history.npz,-4.131136894226074,True
supplement,f05,f05,rbfn_pso,455,results/supplement/f05/rbfn_pso/seed455/history.npz,-5.407442092895508,True
supplement,f05,f05,rbfn_pso,456,results/supplement/f05/rbfn_pso/seed456/history.npz,-1.1083452701568604,True
supplement,f05,f05,rbfn_pso,457,results/supplement/f05/rbfn_pso/seed457/history.npz,-2.7807230949401855,True
supplement,f05,f05,rbfn_pso,458,results/supplement/f05/rbfn_pso/seed458/history.npz,-2.5512259006500244,True
supplement,f05,f05,rbfn_pso,459,results/supplement/f05/rbfn_pso/seed459/history.npz,-5.484736919403076,True
supplement,f05,f05,rbfn_pso,460,results/supplement/f05/rbfn_pso/seed460/history.npz,-1.5325285196304321,True
supplement,f05,f05,rbfn_pso,461,results/supplement/f05/rbfn_pso/seed461/history.npz,-1.3645341396331787,True
supplement,f05,f05,rbfn_pso,462,results/supplement/f05/rbfn_pso/seed462/history.npz,-3.5069096088409424,True
supplement,f05,f05,rbfn_pso,463,results/supplement/f05/rbfn_pso/seed463/history.npz,-5.326732158660889,True
supplement,f05,f05,rbfn_pso,464,results/supplement/f05/rbfn_pso/seed464/history.npz,-2.4413604736328125,True
supplement,f05,f05,rbfn_pso,465,results/supplement/f05/rbfn_pso/seed465/history.npz,-5.4877495765686035,True
supplement,f05,f05,rbfn_pso,466,results/supplement/f05/rbfn_pso/seed466/history.npz,-4.945610046386719,True
supplement,f05,f05,rbfn_pso,467,results/supplement/f05/rbfn_pso/seed467/history.npz,-4.555080413818359,True
supplement,f05,f05,rbfn_pso,468,results/supplement/f05/rbfn_pso/seed468/history.npz,-1.0011008977890015,True
supplement,f05,f05,rbfn_pso,469,results/supplement/f05/rbfn_pso/seed469/history.npz,-5.498786926269531,True
supplement,f05,f05,rbfn_pso,470,results/supplement/f05/rbfn_pso/seed470/history.npz,-5.489282131195068,True
supplement,f05,f05,rbfn_pso,471,results/supplement/f05/rbfn_pso/seed471/history.npz,-5.506590366363525,True
supplement,f05,f05,rbfn_pso,472,results/supplement/f05/rbfn_pso/seed472/history.npz,-5.201433181762695,True
supplement,f05,f05,rbfn_pso,473,results/supplement/f05/rbfn_pso/seed473/history.npz,-5.454068660736084,True
supplement,f05,f05,rbfn_pso,474,results/supplement/f05/rbfn_pso/seed474/history.npz,-0.9623497128486633,True
supplement,f05,f05,rbfn_pso,475,results/supplement/f05/rbfn_pso/seed475/history.npz,-5.5064849853515625,True
supplement,f05,f05,rbfn_pso,476,results/supplement/f05/rbfn_pso/seed476/history.npz,-5.415592670440674,True
supplement,f05,f05,rbfn_pso,477,results/supplement/f05/rbfn_pso/seed477/history.npz,-2.277317762374878,True
supplement,f05,f05,rbfn_pso,478,results/supplement/f05/rbfn_pso/seed478/history.npz,-1.2468626499176025,True
supplement,f05,f05,rbfn_pso,479,results/supplement/f05/rbfn_pso/seed479/history.npz,-1.1805907487869263,True
supplement,f07,f06,gp_cmaes,450,results/supplement/f06/gp_cmaes/seed450/history.npz,0.7793205204466354,True
supplement,f07,f06,gp_cmaes,451,results/supplement/f06/gp_cmaes/seed451/history.npz,0.3987078930229213,True
supplement,f07,f06,gp_cmaes,452,results/supplement/f06/gp_cmaes/seed452/history.npz,1.2676036580118115,True
supplement,f07,f06,gp_cmaes,453,results/supplement/f06/gp_cmaes/seed453/history.npz,0.5511020844144596,True
supplement,f07,f06,gp_cmaes,454,results/supplement/f06/gp_cmaes/seed454/history.npz,0.40109942528589926,True
supplement,f07,f06,gp_cmaes,455,results/supplement/f06/gp_cmaes/seed455/history.npz,0.3982182099521552,True
supplement,f07,f06,gp_cmaes,456,results/supplement/f06/gp_cmaes/seed456/history.npz,0.4656941398691252,True
supplement,f07,f06,gp_cmaes,457,results/supplement/f06/gp_cmaes/seed457/history.npz,0.4146889848525941,True
supplement,f07,f06,gp_cmaes,458,results/supplement/f06/gp_cmaes/seed458/history.npz,1.0971066445330262,True
supplement,f07,f06,gp_cmaes,459,results/supplement/f06/gp_cmaes/seed459/history.npz,0.3978905560838655,True
supplement,f07,f06,gp_cmaes,460,results/supplement/f06/gp_cmaes/seed460/history.npz,1.8793087119668854,True
supplement,f07,f06,gp_cmaes,461,results/supplement/f06/gp_cmaes/seed461/history.npz,0.6278648862949936,True
supplement,f07,f06,gp_cmaes,462,results/supplement/f06/gp_cmaes/seed462/history.npz,0.6579581408324788,True
supplement,f07,f06,gp_cmaes,463,results/supplement/f06/gp_cmaes/seed463/history.npz,0.8693961449929919,True
supplement,f07,f06,gp_cmaes,464,results/supplement/f06/gp_cmaes/seed464/history.npz,0.3978925113108467,True
supplement,f07,f06,gp_cmaes,465,results/supplement/f06/gp_cmaes/seed465/history.npz,0.39788735781481144,True
supplement,f07,f06,gp_cmaes,466,results/supplement/f06/gp_cmaes/seed466/history.npz,0.4047182648008132,True
supplement,f07,f06,gp_cmaes,467,results/supplement/f06/gp_cmaes/seed467/history.npz,0.3989430387756592,True
supplement,f07,f06,gp_cmaes,468,results/supplement/f06/gp_cmaes/seed468/history.npz,1.0807334775961124,True
supplement,f07,f06,gp_cmaes,469,results/supplement/f06/gp_cmaes/seed469/history.npz,1.1944550231568023,True
supplement,f07,f06,gp_cmaes,470,results/supplement/f06/gp_cmaes/seed470/history.npz,0.4636441310344708,True
supplement,f07,f06,gp_cmaes,471,results/supplement/f06/gp_cmaes/seed471/history.npz,0.5060521286511328,True
supplement,f07,f06,gp_cmaes,472,results/supplement/f06/gp_cmaes/seed472/history.npz,0.3980763142300905,True
supplement,f07,f06,gp_cmaes,473,results/supplement/f06/gp_cmaes/seed473/history.npz,0.39796085529673597,True
supplement,f07,f06,gp_cmaes,474,results/supplement/f06/gp_cmaes/seed474/history.npz,0.4024634618885585,True
supplement,f07,f06,gp_cmaes,475,results/supplement/f06/gp_cmaes/seed475/history.npz,1.2813108112909557,True
supplement,f07,f06,gp_cmaes,476,results/supplement/f06/gp_cmaes/seed476/history.npz,0.4232380260039328,True
supplement,f07,f06,gp_cmaes,477,results/supplement/f06/gp_cmaes/seed477/history.npz,0.41565324962122574,True
supplement,f07,f06,gp_cmaes,478,results/supplement/f06/gp_cmaes/seed478/history.npz,0.4196396750997664,True
supplement,f07,f06,gp_cmaes,479,results/supplement/f06/gp_cmaes/seed479/history.npz,4.256794804731301,True
supplement,f07,f06,gp_pso,450,results/supplement/f06/gp_pso/seed450/history.npz,0.39872579517223095,True
supplement,f07,f06,gp_pso,451,results/supplement/f06/gp_pso/seed451/history.npz,0.594189539831488,True
supplement,f07,f06,gp_pso,452,results/supplement/f06/gp_pso/seed452/history.npz,0.42035300729668457,True
supplement,f07,f06,gp_pso,453,results/supplement/f06/gp_pso/seed453/history.npz,0.42693032183898083,True
supplement,f07,f06,gp_pso,454,results/supplement/f06/gp_pso/seed454/history.npz,3.9947018514650727,True
supplement,f07,f06,gp_pso,455,results/supplement/f06/gp_pso/seed455/history.npz,1.0395514264071881,True
supplement,f07,f06,gp_pso,456,results/supplement/f06/gp_pso/seed456/history.npz,0.47495440162012237,True
supplement,f07,f06,gp_pso,457,results/supplement/f06/gp_pso/seed457/history.npz,0.6702064210056022,True
supplement,f07,f06,gp_pso,458,results/supplement/f06/gp_pso/seed458/history.npz,0.3978873651201127,True
supplement,f07,f06,gp_pso,459,results/supplement/f06/gp_pso/seed459/history.npz,2.009920168487068,True
supplement,f07,f06,gp_pso,460,results/supplement/f06/gp_pso/seed460/history.npz,0.5414266080633219,True
supplement,f07,f06,gp_pso,461,results/supplement/f06/gp_pso/seed461/history.npz,0.40012500354170655,True
supplement,f07,f06,gp_pso,462,results/supplement/f06/gp_pso/seed462/history.npz,0.6115049321617381,True
supplement,f07,f06,gp_pso,463,results/supplement/f06/gp_pso/seed463/history.npz,0.439111232019469,True
supplement,f07,f06,gp_pso,464,results/supplement/f06/gp_pso/seed464/history.npz,0.4020182139476365,True
supplement,f07,f06,gp_pso,465,results/supplement/f06/gp_pso/seed465/history.npz,0.4205067846620576,True
supplement,f07,f06,gp_pso,466,results/supplement/f06/gp_pso/seed466/history.npz,0.39834579386021574,True
supplement,f07,f06,gp_pso,467,results/supplement/f06/gp_pso/seed467/history.npz,1.3072568461946243,True
supplement,f07,f06,gp_pso,468,results/supplement/f06/gp_pso/seed468/history.npz,0.8553483951814336,True
supplement,f07,f06,gp_pso,469,results/supplement/f06/gp_pso/seed469/history.npz,1.1724482015633484,True
supplement,f07,f06,gp_pso,470,results/supplement/f06/gp_pso/seed470/history.npz,0.47138742532516176,True
supplement,f07,f06,gp_pso,471,results/supplement/f06/gp_pso/seed471/history.npz,0.39824601393154424,True
supplement,f07,f06,gp_pso,472,results/supplement/f06/gp_pso/seed472/history.npz,0.52608773007921,True
supplement,f07,f06,gp_pso,473,results/supplement/f06/gp_pso/seed473/history.npz,0.39794554040731,True
supplement,f07,f06,gp_pso,474,results/supplement/f06/gp_pso/seed474/history.npz,0.5012071868747601,True
supplement,f07,f06,gp_pso,475,results/supplement/f06/gp_pso/seed475/history.npz,0.39790325502253765,True
supplement,f07,f06,gp_pso,476,results/supplement/f06/gp_pso/seed476/history.npz,1.5369252299471725,True
supplement,f07,f06,gp_pso,477,results/supplement/f06/gp_pso/seed477/history.npz,0.40941815201938425,True
supplement,f07,f06,gp_pso,478,results/supplement/f06/gp_pso/seed478/history.npz,0.8149567109778495,True
supplement,f07,f06,gp_pso,479,results/supplement/f06/gp_pso/seed479/history.npz,1.1753505631526817,True
supplement,f07,f06,pinn_cmaes,450,results/supplement/f06/pinn_cmaes/seed450/history.npz,0.39788759661176165,True
supplement,f07,f06,pinn_cmaes,451,results/supplement/f06/pinn_cmaes/seed451/history.npz,0.3978875828049926,True
supplement,f07,f06,pinn_cmaes,452,results/supplement/f06/pinn_cmaes/seed452/history.npz,0.3985241932999113,True
supplement,f07,f06,pinn_cmaes,453,results/supplement/f06/pinn_cmaes/seed453/history.npz,0.39791252365965235,True
supplement,f07,f06,pinn_cmaes,454,results/supplement/f06/pinn_cmaes/seed454/history.npz,0.3978873578517472,True
supplement,f07,f06,pinn_cmaes,455,results/supplement/f06/pinn_cmaes/seed455/history.npz,0.39791885386846637,True
supplement,f07,f06,pinn_cmaes,456,results/supplement/f06/pinn_cmaes/seed456/history.npz,0.39788749169115967,True
supplement,f07,f06,pinn_cmaes,457,results/supplement/f06/pinn_cmaes/seed457/history.npz,0.3984412408317528,True
supplement,f07,f06,pinn_cmaes,458,results/supplement/f06/pinn_cmaes/seed458/history.npz,0.3978941381792662,True
supplement,f07,f06,pinn_cmaes,459,results/supplement/f06/pinn_cmaes/seed459/history.npz,0.3978937805882268,True
supplement,f07,f06,pinn_cmaes,460,results/supplement/f06/pinn_cmaes/seed460/history.npz,0.3978873598446082,True
supplement,f07,f06,pinn_cmaes,461,results/supplement/f06/pinn_cmaes/seed461/history.npz,0.39788752788691184,True
supplement,f07,f06,pinn_cmaes,462,results/supplement/f06/pinn_cmaes/seed462/history.npz,0.3978893018556846,True
supplement,f07,f06,pinn_cmaes,463,results/supplement/f06/pinn_cmaes/seed463/history.npz,0.39788841160578237,True
supplement,f07,f06,pinn_cmaes,464,results/supplement/f06/pinn_cmaes/seed464/history.npz,0.39788755506085494,True
supplement,f07,f06,pinn_cmaes,465,results/supplement/f06/pinn_cmaes/seed465/history.npz,0.3978873579644304,True
supplement,f07,f06,pinn_cmaes,466,results/supplement/f06/pinn_cmaes/seed466/history.npz,0.39789366739325516,True
supplement,f07,f06,pinn_cmaes,467,results/supplement/f06/pinn_cmaes/seed467/history.npz,0.3978911379545309,True
supplement,f07,f06,pinn_cmaes,468,results/supplement/f06/pinn_cmaes/seed468/history.npz,0.3980875649924087,True
supplement,f07,f06,pinn_cmaes,469,results/supplement/f06/pinn_cmaes/seed469/history.npz,0.39788740619870566,True
supplement,f07,f06,pinn_cmaes,470,results/supplement/f06/pinn_cmaes/seed470/history.npz,0.3979043109227902,True
supplement,f07,f06,pinn_cmaes,471,results/supplement/f06/pinn_cmaes/seed471/history.npz,0.39788737162905896,True
supplement,f07,f06,pinn_cmaes,472,results/supplement/f06/pinn_cmaes/seed472/history.npz,0.39788799673887887,True
supplement,f07,f06,pinn_cmaes,473,results/supplement/f06/pinn_cmaes/seed473/history.npz,0.39788886415299096,True
supplement,f07,f06,pinn_cmaes,474,results/supplement/f06/pinn_cmaes/seed474/history.npz,0.39789561201367185,True
supplement,f07,f06,pinn_cmaes,475,results/supplement/f06/pinn_cmaes/seed475/history.npz,0.3979294168824996,True
supplement,f07,f06,pinn_cmaes,476,results/supplement/f06/pinn_cmaes/seed476/history.npz,0.39788787480563137,True
supplement,f07,f06,pinn_cmaes,477,results/supplement/f06/pinn_cmaes/seed477/history.npz,0.39788776339642595,True
supplement,f07,f06,pinn_cmaes,478,results/supplement/f06/pinn_cmaes/seed478/history.npz,0.39789924916109776,True
supplement,f07,f06,pinn_cmaes,479,results/supplement/f06/pinn_cmaes/seed479/history.npz,0.3979277656138045,True
supplement,f07,f06,pinn_pso,450,results/supplement/f06/pinn_pso/seed450/history.npz,0.39790177670596094,True
supplement,f07,f06,pinn_pso,451,results/supplement/f06/pinn_pso/seed451/history.npz,0.3979842885317755,True
supplement,f07,f06,pinn_pso,452,results/supplement/f06/pinn_pso/seed452/history.npz,0.39807241037851604,True
supplement,f07,f06,pinn_pso,453,results/supplement/f06/pinn_pso/seed453/history.npz,0.39797015460715635,True
supplement,f07,f06,pinn_pso,454,results/supplement/f06/pinn_pso/seed454/history.npz,0.397887462106322,True
supplement,f07,f06,pinn_pso,455,results/supplement/f06/pinn_pso/seed455/history.npz,0.39788797714151514,True
supplement,f07,f06,pinn_pso,456,results/supplement/f06/pinn_pso/seed456/history.npz,0.3978878328667541,True
supplement,f07,f06,pinn_pso,457,results/supplement/f06/pinn_pso/seed457/history.npz,0.3978896029472683,True
supplement,f07,f06,pinn_pso,458,results/supplement/f06/pinn_pso/seed458/history.npz,0.39788793975762715,True
supplement,f07,f06,pinn_pso,459,results/supplement/f06/pinn_pso/seed459/history.npz,0.3978875482890363,True
supplement,f07,f06,pinn_pso,460,results/supplement/f06/pinn_pso/seed460/history.npz,0.3979848600119098,True
supplement,f07,f06,pinn_pso,461,results/supplement/f06/pinn_pso/seed461/history.npz,0.39850167840404005,True
supplement,f07,f06,pinn_pso,462,results/supplement/f06/pinn_pso/seed462/history.npz,0.3979726311066365,True
supplement,f07,f06,pinn_pso,463,results/supplement/f06/pinn_pso/seed463/history.npz,0.3979328942224054,True
supplement,f07,f06,pinn_pso,464,results/supplement/f06/pinn_pso/seed464/history.npz,0.3979003493208051,True
supplement,f07,f06,pinn_pso,465,results/supplement/f06/pinn_pso/seed465/history.npz,0.39788881432140855,True
supplement,f07,f06,pinn_pso,466,results/supplement/f06/pinn_pso/seed466/history.npz,0.39789211405897795,True
supplement,f07,f06,pinn_pso,467,results/supplement/f06/pinn_pso/seed467/history.npz,0.39789515049319846,True
supplement,f07,f06,pinn_pso,468,results/supplement/f06/pinn_pso/seed468/history.npz,0.3979045564536694,True
supplement,f07,f06,pinn_pso,469,results/supplement/f06/pinn_pso/seed469/history.npz,0.39789768089003985,True
supplement,f07,f06,pinn_pso,470,results/supplement/f06/pinn_pso/seed470/history.npz,0.39789222961514703,True
supplement,f07,f06,pinn_pso,471,results/supplement/f06/pinn_pso/seed471/history.npz,0.3980278050145447,True
supplement,f07,f06,pinn_pso,472,results/supplement/f06/pinn_pso/seed472/history.npz,0.39788780949012725,True
supplement,f07,f06,pinn_pso,473,results/supplement/f06/pinn_pso/seed473/history.npz,0.3978873607938507,True
supplement,f07,f06,pinn_pso,474,results/supplement/f06/pinn_pso/seed474/history.npz,0.3979136904612304,True
supplement,f07,f06,pinn_pso,475,results/supplement/f06/pinn_pso/seed475/history.npz,0.3979470983157736,True
supplement,f07,f06,pinn_pso,476,results/supplement/f06/pinn_pso/seed476/history.npz,0.40334102108780634,True
supplement,f07,f06,pinn_pso,477,results/supplement/f06/pinn_pso/seed477/history.npz,0.3978949739042932,True
supplement,f07,f06,pinn_pso,478,results/supplement/f06/pinn_pso/seed478/history.npz,0.3979022425919503,True
supplement,f07,f06,pinn_pso,479,results/supplement/f06/pinn_pso/seed479/history.npz,0.3980710602074353,True
supplement,f07,f06,rbfn_cmaes,450,results/supplement/f06/rbfn_cmaes/seed450/history.npz,0.45142022160278117,True
supplement,f07,f06,rbfn_cmaes,451,results/supplement/f06/rbfn_cmaes/seed451/history.npz,0.40550637436077075,True
supplement,f07,f06,rbfn_cmaes,452,results/supplement/f06/rbfn_cmaes/seed452/history.npz,0.9302625959675641,True
supplement,f07,f06,rbfn_cmaes,453,results/supplement/f06/rbfn_cmaes/seed453/history.npz,1.4225970786843334,True
supplement,f07,f06,rbfn_cmaes,454,results/supplement/f06/rbfn_cmaes/seed454/history.npz,0.637128793986296,True
supplement,f07,f06,rbfn_cmaes,455,results/supplement/f06/rbfn_cmaes/seed455/history.npz,2.2785911612893397,True
supplement,f07,f06,rbfn_cmaes,456,results/supplement/f06/rbfn_cmaes/seed456/history.npz,0.4656941398691252,True
supplement,f07,f06,rbfn_cmaes,457,results/supplement/f06/rbfn_cmaes/seed457/history.npz,0.9661749798661781,True
supplement,f07,f06,rbfn_cmaes,458,results/supplement/f06/rbfn_cmaes/seed458/history.npz,0.9528293229018541,True
supplement,f07,f06,rbfn_cmaes,459,results/supplement/f06/rbfn_cmaes/seed459/history.npz,0.4019314658437292,True
supplement,f07,f06,rbfn_cmaes,460,results/supplement/f06/rbfn_cmaes/seed460/history.npz,4.264818287081072,True
supplement,f07,f06,rbfn_cmaes,461,results/supplement/f06/rbfn_cmaes/seed461/history.npz,0.7095760049363662,True
supplement,f07,f06,rbfn_cmaes,462,results/supplement/f06/rbfn_cmaes/seed462/history.npz,0.6579581408324788,True
supplement,f07,f06,rbfn_cmaes,463,results/supplement/f06/rbfn_cmaes/seed463/history.npz,0.8693961449929919,True
supplement,f07,f06,rbfn_cmaes,464,results/supplement/f06/rbfn_cmaes/seed464/history.npz,0.39790780403994574,True
supplement,f07,f06,rbfn_cmaes,465,results/supplement/f06/rbfn_cmaes/seed465/history.npz,0.40029579312600383,True
supplement,f07,f06,rbfn_cmaes,466,results/supplement/f06/rbfn_cmaes/seed466/history.npz,4.232584065067398,True
supplement,f07,f06,rbfn_cmaes,467,results/supplement/f06/rbfn_cmaes/seed467/history.npz,1.2340195809158878,True
supplement,f07,f06,rbfn_cmaes,468,results/supplement/f06/rbfn_cmaes/seed468/history.npz,1.177844518337162,True
supplement,f07,f06,rbfn_cmaes,469,results/supplement/f06/rbfn_cmaes/seed469/history.npz,3.624197957123318,True
supplement,f07,f06,rbfn_cmaes,470,results/supplement/f06/rbfn_cmaes/seed470/history.npz,0.3996227856438459,True
supplement,f07,f06,rbfn_cmaes,471,results/supplement/f06/rbfn_cmaes/seed471/history.npz,0.39789333064960886,True
supplement,f07,f06,rbfn_cmaes,472,results/supplement/f06/rbfn_cmaes/seed472/history.npz,0.7050915212912958,True
supplement,f07,f06,rbfn_cmaes,473,results/supplement/f06/rbfn_cmaes/seed473/history.npz,0.39792102582006983,True
supplement,f07,f06,rbfn_cmaes,474,results/supplement/f06/rbfn_cmaes/seed474/history.npz,0.5265241708467254,True
supplement,f07,f06,rbfn_cmaes,475,results/supplement/f06/rbfn_cmaes/seed475/history.npz,2.058742181418552,True
supplement,f07,f06,rbfn_cmaes,476,results/supplement/f06/rbfn_cmaes/seed476/history.npz,0.4259047257652444,True
supplement,f07,f06,rbfn_cmaes,477,results/supplement/f06/rbfn_cmaes/seed477/history.npz,0.6491539483609685,True
supplement,f07,f06,rbfn_cmaes,478,results/supplement/f06/rbfn_cmaes/seed478/history.npz,0.39875510887871535,True
supplement,f07,f06,rbfn_cmaes,479,results/supplement/f06/rbfn_cmaes/seed479/history.npz,4.256766482842011,True
supplement,f07,f06,rbfn_pso,450,results/supplement/f06/rbfn_pso/seed450/history.npz,1.6105007013763473,True
supplement,f07,f06,rbfn_pso,451,results/supplement/f06/rbfn_pso/seed451/history.npz,0.3978873623514083,True
supplement,f07,f06,rbfn_pso,452,results/supplement/f06/rbfn_pso/seed452/history.npz,0.40163548891825407,True
supplement,f07,f06,rbfn_pso,453,results/supplement/f06/rbfn_pso/seed453/history.npz,0.39788753145770883,True
supplement,f07,f06,rbfn_pso,454,results/supplement/f06/rbfn_pso/seed454/history.npz,0.39788738736219464,True
supplement,f07,f06,rbfn_pso,455,results/supplement/f06/rbfn_pso/seed455/history.npz,0.3982648936175597,True
supplement,f07,f06,rbfn_pso,456,results/supplement/f06/rbfn_pso/seed456/history.npz,0.40377196157989914,True
supplement,f07,f06,rbfn_pso,457,results/supplement/f06/rbfn_pso/seed457/history.npz,0.39798787189041107,True
supplement,f07,f06,rbfn_pso,458,results/supplement/f06/rbfn_pso/seed458/history.npz,0.39793854845240695,True
supplement,f07,f06,rbfn_pso,459,results/supplement/f06/rbfn_pso/seed459/history.npz,1.3676290802653277,True
supplement,f07,f06,rbfn_pso,460,results/supplement/f06/rbfn_pso/seed460/history.npz,0.39788921968163926,True
supplement,f07,f06,rbfn_pso,461,results/supplement/f06/rbfn_pso/seed461/history.npz,0.3985724668763897,True
supplement,f07,f06,rbfn_pso,462,results/supplement/f06/rbfn_pso/seed462/history.npz,0.3978875822417063,True
supplement,f07,f06,rbfn_pso,463,results/supplement/f06/rbfn_pso/seed463/history.npz,0.39791682336081813,True
supplement,f07,f06,rbfn_pso,464,results/supplement/f06/rbfn_pso/seed464/history.npz,0.39789191337535,True
supplement,f07,f06,rbfn_pso,465,results/supplement/f06/rbfn_pso/seed465/history.npz,0.39813435121561547,True
supplement,f07,f06,rbfn_pso,466,results/supplement/f06/rbfn_pso/seed466/history.npz,0.3991765550279638,True
supplement,f07,f06,rbfn_pso,467,results/supplement/f06/rbfn_pso/seed467/history.npz,0.7747646848158354,True
supplement,f07,f06,rbfn_pso,468,results/supplement/f06/rbfn_pso/seed468/history.npz,0.5683140193167358,True
supplement,f07,f06,rbfn_pso,469,results/supplement/f06/rbfn_pso/seed469/history.npz,0.39790289456313666,True
supplement,f07,f06,rbfn_pso,470,results/supplement/f06/rbfn_pso/seed470/history.npz,0.3979229088010605,True
supplement,f07,f06,rbfn_pso,471,results/supplement/f06/rbfn_pso/seed471/history.npz,0.39789554587316545,True
supplement,f07,f06,rbfn_pso,472,results/supplement/f06/rbfn_pso/seed472/history.npz,1.5683936741226194,True
supplement,f07,f06,rbfn_pso,473,results/supplement/f06/rbfn_pso/seed473/history.npz,0.3978873577337865,True
supplement,f07,f06,rbfn_pso,474,results/supplement/f06/rbfn_pso/seed474/history.npz,0.39854720525973164,True
supplement,f07,f06,rbfn_pso,475,results/supplement/f06/rbfn_pso/seed475/history.npz,0.3978873590164014,True
supplement,f07,f06,rbfn_pso,476,results/supplement/f06/rbfn_pso/seed476/history.npz,0.39872148626167636,True
supplement,f07,f06,rbfn_pso,477,results/supplement/f06/rbfn_pso/seed477/history.npz,0.39803638151103904,True
supplement,f07,f06,rbfn_pso,478,results/supplement/f06/rbfn_pso/seed478/history.npz,0.39817267111166466,True
supplement,f07,f06,rbfn_pso,479,results/supplement/f06/rbfn_pso/seed479/history.npz,0.8238531372413398,True
supplement,f08,f07,gp_cmaes,450,results/supplement/f07/gp_cmaes/seed450/history.npz,0.8067886829376221,True
supplement,f08,f07,gp_cmaes,451,results/supplement/f07/gp_cmaes/seed451/history.npz,0.9299036860466003,True
supplement,f08,f07,gp_cmaes,452,results/supplement/f07/gp_cmaes/seed452/history.npz,0.953935444355011,True
supplement,f08,f07,gp_cmaes,453,results/supplement/f07/gp_cmaes/seed453/history.npz,0.7497757077217102,True
supplement,f08,f07,gp_cmaes,454,results/supplement/f07/gp_cmaes/seed454/history.npz,0.9353012442588806,True
supplement,f08,f07,gp_cmaes,455,results/supplement/f07/gp_cmaes/seed455/history.npz,0.9962829351425171,True
supplement,f08,f07,gp_cmaes,456,results/supplement/f07/gp_cmaes/seed456/history.npz,0.8206543922424316,True
supplement,f08,f07,gp_cmaes,457,results/supplement/f07/gp_cmaes/seed457/history.npz,0.7491723299026489,True
supplement,f08,f07,gp_cmaes,458,results/supplement/f07/gp_cmaes/seed458/history.npz,0.7502999305725098,True
supplement,f08,f07,gp_cmaes,459,results/supplement/f07/gp_cmaes/seed459/history.npz,0.7784671187400818,True
supplement,f08,f07,gp_cmaes,460,results/supplement/f07/gp_cmaes/seed460/history.npz,0.9655041098594666,True
supplement,f08,f07,gp_cmaes,461,results/supplement/f07/gp_cmaes/seed461/history.npz,0.770012617111206,True
supplement,f08,f07,gp_cmaes,462,results/supplement/f07/gp_cmaes/seed462/history.npz,0.8022371530532837,True
supplement,f08,f07,gp_cmaes,463,results/supplement/f07/gp_cmaes/seed463/history.npz,0.7489593029022217,True
supplement,f08,f07,gp_cmaes,464,results/supplement/f07/gp_cmaes/seed464/history.npz,0.7784963846206665,True
supplement,f08,f07,gp_cmaes,465,results/supplement/f07/gp_cmaes/seed465/history.npz,0.7498884797096252,True
supplement,f08,f07,gp_cmaes,466,results/supplement/f07/gp_cmaes/seed466/history.npz,0.996282696723938,True
supplement,f08,f07,gp_cmaes,467,results/supplement/f07/gp_cmaes/seed467/history.npz,0.8350797891616821,True
supplement,f08,f07,gp_cmaes,468,results/supplement/f07/gp_cmaes/seed468/history.npz,0.7766940593719482,True
supplement,f08,f07,gp_cmaes,469,results/supplement/f07/gp_cmaes/seed469/history.npz,0.7785945534706116,True
supplement,f08,f07,gp_cmaes,470,results/supplement/f07/gp_cmaes/seed470/history.npz,0.7984055280685425,True
supplement,f08,f07,gp_cmaes,471,results/supplement/f07/gp_cmaes/seed471/history.npz,0.8398415446281433,True
supplement,f08,f07,gp_cmaes,472,results/supplement/f07/gp_cmaes/seed472/history.npz,0.8179756999015808,True
supplement,f08,f07,gp_cmaes,473,results/supplement/f07/gp_cmaes/seed473/history.npz,0.7810647487640381,True
supplement,f08,f07,gp_cmaes,474,results/supplement/f07/gp_cmaes/seed474/history.npz,0.7530664801597595,True
supplement,f08,f07,gp_cmaes,475,results/supplement/f07/gp_cmaes/seed475/history.npz,0.7634051442146301,True
supplement,f08,f07,gp_cmaes,476,results/supplement/f07/gp_cmaes/seed476/history.npz,0.9697036743164062,True
supplement,f08,f07,gp_cmaes,477,results/supplement/f07/gp_cmaes/seed477/history.npz,0.9986370801925659,True
supplement,f08,f07,gp_cmaes,478,results/supplement/f07/gp_cmaes/seed478/history.npz,1.1994119882583618,True
supplement,f08,f07,gp_cmaes,479,results/supplement/f07/gp_cmaes/seed479/history.npz,0.9962846636772156,True
supplement,f08,f07,gp_de_eps,450,results/supplement/f07/gp_de_eps/seed450/history.npz,nan,False
supplement,f08,f07,gp_de_eps,451,results/supplement/f07/gp_de_eps/seed451/history.npz,nan,False
supplement,f08,f07,gp_de_eps,452,results/supplement/f07/gp_de_eps/seed452/history.npz,nan,False
supplement,f08,f07,gp_de_eps,453,results/supplement/f07/gp_de_eps/seed453/history.npz,nan,False
supplement,f08,f07,gp_de_eps,454,results/supplement/f07/gp_de_eps/seed454/history.npz,nan,False
supplement,f08,f07,gp_de_eps,455,results/supplement/f07/gp_de_eps/seed455/history.npz,nan,False
supplement,f08,f07,gp_de_eps,456,results/supplement/f07/gp_de_eps/seed456/history.npz,nan,False
supplement,f08,f07,gp_de_eps,457,results/supplement/f07/gp_de_eps/seed457/history.npz,0.7800970077514648,True
supplement,f08,f07,gp_de_eps,458,results/supplement/f07/gp_de_eps/seed458/history.npz,0.9962648749351501,True
supplement,f08,f07,gp_de_eps,459,results/supplement/f07/gp_de_eps/seed459/history.npz,0.9979260563850403,True
supplement,f08,f07,gp_de_eps,460,results/supplement/f07/gp_de_eps/seed460/history.npz,0.9978637099266052,True
supplement,f08,f07,gp_de_eps,461,results/supplement/f07/gp_de_eps/seed461/history.npz,nan,False
supplement,f08,f07,gp_de_eps,462,results/supplement/f07/gp_de_eps/seed462/history.npz,nan,False
supplement,f08,f07,gp_de_eps,463,results/supplement/f07/gp_de_eps/seed463/history.npz,nan,False
supplement,f08,f07,gp_de_eps,464,results/supplement/f07/gp_de_eps/seed464/history.npz,0.9696532487869263,True
supplement,f08,f07,gp_de_eps,465,results/supplement/f07/gp_de_eps/seed465/history.npz,nan,False
supplement,f08,f07,gp_de_eps,466,results/supplement/f07/gp_de_eps/seed466/history.npz,nan,False
supplement,f08,f07,gp_de_eps,467,results/supplement/f07/gp_de_eps/seed467/history.npz,nan,False
supplement,f08,f07,gp_de_eps,468,results/supplement/f07/gp_de_eps/seed468/history.npz,0.9978729486465454,True
supplement,f08,f07,gp_de_eps,469,results/supplement/f07/gp_de_eps/seed469/history.npz,0.9978675246238708,True
supplement,f08,f07,gp_de_eps,470,results/supplement/f07/gp_de_eps/seed470/history.npz,nan,False
supplement,f08,f07,gp_de_eps,471,results/supplement/f07/gp_de_eps/seed471/history.npz,0.9980806112289429,True
supplement,f08,f07,gp_de_eps,472,results/supplement/f07/gp_de_eps/seed472/history.npz,nan,False
supplement,f08,f07,gp_de_eps,473,results/supplement/f07/gp_de_eps/seed473/history.npz,nan,False
supplement,f08,f07,gp_de_eps,474,results/supplement/f07/gp_de_eps/seed474/history.npz,nan,False
supplement,f08,f07,gp_de_eps,475,results/supplement/f07/gp_de_eps/seed475/history.npz,nan,False
supplement,f08,f07,gp_de_eps,476,results/supplement/f07/gp_de_eps/seed476/history.npz,nan,False
supplement,f08,f07,gp_de_eps,477,results/supplement/f07/gp_de_eps/seed477/history.npz,nan,False
supplement,f08,f07,gp_de_eps,478,results/supplement/f07/gp_de_eps/seed478/history.npz,0.9978572726249695,True
supplement,f08,f07,gp_de_eps,479,results/supplement/f07/gp_de_eps/seed479/history.npz,0.7904259562492371,True
supplement,f08,f07,gp_de_fs,450,results/supplement/f07/gp_de_fs/seed450/history.npz,0.7509394884109497,True
supplement,f08,f07,gp_de_fs,451,results/supplement/f07/gp_de_fs/seed451/history.npz,0.8310519456863403,True
supplement,f08,f07,gp_de_fs,452,results/supplement/f07/gp_de_fs/seed452/history.npz,nan,False
supplement,f08,f07,gp_de_fs,453,results/supplement/f07/gp_de_fs/seed453/history.npz,0.8385627865791321,True
supplement,f08,f07,gp_de_fs,454,results/supplement/f07/gp_de_fs/seed454/history.npz,nan,False
supplement,f08,f07,gp_de_fs,455,results/supplement/f07/gp_de_fs/seed455/history.npz,nan,False
supplement,f08,f07,gp_de_fs,456,results/supplement/f07/gp_de_fs/seed456/history.npz,0.9962232708930969,True
supplement,f08,f07,gp_de_fs,457,results/supplement/f07/gp_de_fs/seed457/history.npz,0.7784656286239624,True
supplement,f08,f07,gp_de_fs,458,results/supplement/f07/gp_de_fs/seed458/history.npz,nan,False
supplement,f08,f07,gp_de_fs,459,results/supplement/f07/gp_de_fs/seed459/history.npz,0.9962476491928101,True
supplement,f08,f07,gp_de_fs,460,results/supplement/f07/gp_de_fs/seed460/history.npz,0.9962332248687744,True
supplement,f08,f07,gp_de_fs,461,results/supplement/f07/gp_de_fs/seed461/history.npz,0.8408918976783752,True
supplement,f08,f07,gp_de_fs,462,results/supplement/f07/gp_de_fs/seed462/history.npz,nan,False
supplement,f08,f07,gp_de_fs,463,results/supplement/f07/gp_de_fs/seed463/history.npz,0.8420428037643433,True
supplement,f08,f07,gp_de_fs,464,results/supplement/f07/gp_de_fs/seed464/history.npz,0.9962207078933716,True
supplement,f08,f07,gp_de_fs,465,results/supplement/f07/gp_de_fs/seed465/history.npz,1.1595268249511719,True
supplement,f08,f07,gp_de_fs,466,results/supplement/f07/gp_de_fs/seed466/history.npz,nan,False
supplement,f08,f07,gp_de_fs,467,results/supplement/f07/gp_de_fs/seed467/history.npz,nan,False
supplement,f08,f07,gp_de_fs,468,results/supplement/f07/gp_de_fs/seed468/history.npz,nan,False
supplement,f08,f07,gp_de_fs,469,results/supplement/f07/gp_de_fs/seed469/history.npz,nan,False
supplement,f08,f07,gp_de_fs,470,results/supplement/f07/gp_de_fs/seed470/history.npz,1.1372753381729126,True
supplement,f08,f07,gp_de_fs,471,results/supplement/f07/gp_de_fs/seed471/history.npz,0.9962384104728699,True
supplement,f08,f07,gp_de_fs,472,results/supplement/f07/gp_de_fs/seed472/history.npz,0.7789208292961121,True
supplement,f08,f07,gp_de_fs,473,results/supplement/f07/gp_de_fs/seed473/history.npz,nan,False
supplement,f08,f07,gp_de_fs,474,results/supplement/f07/gp_de_fs/seed474/history.npz,0.8377254605293274,True
supplement,f08,f07,gp_de_fs,475,results/supplement/f07/gp_de_fs/seed475/history.npz,nan,False
supplement,f08,f07,gp_de_fs,476,results/supplement/f07/gp_de_fs/seed476/history.npz,nan,False
supplement,f08,f07,gp_de_fs,477,results/supplement/f07/gp_de_fs/seed477/history.npz,nan,False
supplement,f08,f07,gp_de_fs,478,results/supplement/f07/gp_de_fs/seed478/history.npz,nan,False
supplement,f08,f07,gp_de_fs,479,results/supplement/f07/gp_de_fs/seed479/history.npz,nan,False
supplement,f08,f07,gp_pso,450,results/supplement/f07/gp_pso/seed450/history.npz,nan,False
supplement,f08,f07,gp_pso,451,results/supplement/f07/gp_pso/seed451/history.npz,nan,False
supplement,f08,f07,gp_pso,452,results/supplement/f07/gp_pso/seed452/history.npz,nan,False
supplement,f08,f07,gp_pso,453,results/supplement/f07/gp_pso/seed453/history.npz,0.7794257402420044,True
supplement,f08,f07,gp_pso,454,results/supplement/f07/gp_pso/seed454/history.npz,0.7507451772689819,True
supplement,f08,f07,gp_pso,455,results/supplement/f07/gp_pso/seed455/history.npz,nan,False
supplement,f08,f07,gp_pso,456,results/supplement/f07/gp_pso/seed456/history.npz,0.7785823941230774,True
supplement,f08,f07,gp_pso,457,results/supplement/f07/gp_pso/seed457/history.npz,0.7784218788146973,True
supplement,f08,f07,gp_pso,458,results/supplement/f07/gp_pso/seed458/history.npz,nan,False
supplement,f08,f07,gp_pso,459,results/supplement/f07/gp_pso/seed459/history.npz,0.7784379124641418,True
supplement,f08,f07,gp_pso,460,results/supplement/f07/gp_pso/seed460/history.npz,0.778937816619873,True
supplement,f08,f07,gp_pso,461,results/supplement/f07/gp_pso/seed461/history.npz,nan,False
supplement,f08,f07,gp_pso,462,results/supplement/f07/gp_pso/seed462/history.npz,0.7785158157348633,True
supplement,f08,f07,gp_pso,463,results/supplement/f07/gp_pso/seed463/history.npz,nan,False
supplement,f08,f07,gp_pso,464,results/supplement/f07/gp_pso/seed464/history.npz,0.7784357666969299,True
supplement,f08,f07,gp_pso,465,results/supplement/f07/gp_pso/seed465/history.npz,nan,False
supplement,f08,f07,gp_pso,466,results/supplement/f07/gp_pso/seed466/history.npz,0.8167763948440552,True
supplement,f08,f07,gp_pso,467,results/supplement/f07/gp_pso/seed467/history.npz,0.8385178446769714,True
supplement,f08,f07,gp_pso,468,results/supplement/f07/gp_pso/seed468/history.npz,0.778435230255127,True
supplement,f08,f07,gp_pso,469,results/supplement/f07/gp_pso/seed469/history.npz,0.7509707808494568,True
supplement,f08,f07,gp_pso,470,results/supplement/f07/gp_pso/seed470/history.npz,0.749796986579895,True
supplement,f08,f07,gp_pso,471,results/supplement/f07/gp_pso/seed471/history.npz,nan,False
supplement,f08,f07,gp_pso,472,results/supplement/f07/gp_pso/seed472/history.npz,nan,False
supplement,f08,f07,gp_pso,473,results/supplement/f07/gp_pso/seed473/history.npz,0.7520784139633179,True
supplement,f08,f07,gp_pso,474,results/supplement/f07/gp_pso/seed474/history.npz,nan,False
supplement,f08,f07,gp_pso,475,results/supplement/f07/gp_pso/seed475/history.npz,nan,False
supplement,f08,f07,gp_pso,476,results/supplement/f07/gp_pso/seed476/history.npz,0.7784467935562134,True
supplement,f08,f07,gp_pso,477,results/supplement/f07/gp_pso/seed477/history.npz,0.7497915029525757,True
supplement,f08,f07,gp_pso,478,results/supplement/f07/gp_pso/seed478/history.npz,0.7785752415657043,True
supplement,f08,f07,gp_pso,479,results/supplement/f07/gp_pso/seed479/history.npz,nan,False
supplement,f08,f07,pigp_de_eps,450,results/supplement/f07/pigp_de_eps/seed450/history.npz,0.9671233892440796,True
supplement,f08,f07,pigp_de_eps,451,results/supplement/f07/pigp_de_eps/seed451/history.npz,0.997878909111023,True
supplement,f08,f07,pigp_de_eps,452,results/supplement/f07/pigp_de_eps/seed452/history.npz,0.9978026151657104,True
supplement,f08,f07,pigp_de_eps,453,results/supplement/f07/pigp_de_eps/seed453/history.npz,nan,False
supplement,f08,f07,pigp_de_eps,454,results/supplement/f07/pigp_de_eps/seed454/history.npz,nan,False
supplement,f08,f07,pigp_de_eps,455,results/supplement/f07/pigp_de_eps/seed455/history.npz,0.8311105370521545,True
supplement,f08,f07,pigp_de_eps,456,results/supplement/f07/pigp_de_eps/seed456/history.npz,nan,False
supplement,f08,f07,pigp_de_eps,457,results/supplement/f07/pigp_de_eps/seed457/history.npz,0.9732639789581299,True
supplement,f08,f07,pigp_de_eps,458,results/supplement/f07/pigp_de_eps/seed458/history.npz,0.9815294146537781,True
supplement,f08,f07,pigp_de_eps,459,results/supplement/f07/pigp_de_eps/seed459/history.npz,0.9978221654891968,True
supplement,f08,f07,pigp_de_eps,460,results/supplement/f07/pigp_de_eps/seed460/history.npz,0.7491360306739807,True
supplement,f08,f07,pigp_de_eps,461,results/supplement/f07/pigp_de_eps/seed461/history.npz,0.9978276491165161,True
supplement,f08,f07,pigp_de_eps,462,results/supplement/f07/pigp_de_eps/seed462/history.npz,nan,False
supplement,f08,f07,pigp_de_eps,463,results/supplement/f07/pigp_de_eps/seed463/history.npz,0.9978436827659607,True
supplement,f08,f07,pigp_de_eps,464,results/supplement/f07/pigp_de_eps/seed464/history.npz,0.9696621894836426,True
supplement,f08,f07,pigp_de_eps,465,results/supplement/f07/pigp_de_eps/seed465/history.npz,0.9958357810974121,True
supplement,f08,f07,pigp_de_eps,466,results/supplement/f07/pigp_de_eps/seed466/history.npz,0.9859002828598022,True
supplement,f08,f07,pigp_de_eps,467,results/supplement/f07/pigp_de_eps/seed467/history.npz,0.9978632926940918,True
supplement,f08,f07,pigp_de_eps,468,results/supplement/f07/pigp_de_eps/seed468/history.npz,0.9744128584861755,True
supplement,f08,f07,pigp_de_eps,469,results/supplement/f07/pigp_de_eps/seed469/history.npz,0.9978621006011963,True
supplement,f08,f07,pigp_de_eps,470,results/supplement/f07/pigp_de_eps/seed470/history.npz,nan,False
supplement,f08,f07,pigp_de_eps,471,results/supplement/f07/pigp_de_eps/seed471/history.npz,nan,False
supplement,f08,f07,pigp_de_eps,472,results/supplement/f07/pigp_de_eps/seed472/history.npz,0.9704222083091736,True
supplement,f08,f07,pigp_de_eps,473,results/supplement/f07/pigp_de_eps/seed473/history.npz,nan,False
supplement,f08,f07,pigp_de_eps,474,results/supplement/f07/pigp_de_eps/seed474/history.npz,nan,False
supplement,f08,f07,pigp_de_eps,475,results/supplement/f07/pigp_de_eps/seed475/history.npz,nan,False
supplement,f08,f07,pigp_de_eps,476,results/supplement/f07/pigp_de_eps/seed476/history.npz,0.7491368055343628,True
supplement,f08,f07,pigp_de_eps,477,results/supplement/f07/pigp_de_eps/seed477/history.npz,0.9978198409080505,True
supplement,f08,f07,pigp_de_eps,478,results/supplement/f07/pigp_de_eps/seed478/history.npz,0.9762656092643738,True
supplement,f08,f07,pigp_de_eps,479,results/supplement/f07/pigp_de_eps/seed479/history.npz,nan,False
supplement,f08,f07,pigp_de_fs,450,results/supplement/f07/pigp_de_fs/seed450/history.npz,0.9962197542190552,True
supplement,f08,f07,pigp_de_fs,451,results/supplement/f07/pigp_de_fs/seed451/history.npz,nan,False
supplement,f08,f07,pigp_de_fs,452,results/supplement/f07/pigp_de_fs/seed452/history.npz,nan,False
supplement,f08,f07,pigp_de_fs,453,results/supplement/f07/pigp_de_fs/seed453/history.npz,0.7816703915596008,True
supplement,f08,f07,pigp_de_fs,454,results/supplement/f07/pigp_de_fs/seed454/history.npz,nan,False
supplement,f08,f07,pigp_de_fs,455,results/supplement/f07/pigp_de_fs/seed455/history.npz,0.996251106262207,True
supplement,f08,f07,pigp_de_fs,456,results/supplement/f07/pigp_de_fs/seed456/history.npz,0.9962196946144104,True
supplement,f08,f07,pigp_de_fs,457,results/supplement/f07/pigp_de_fs/seed457/history.npz,nan,False
supplement,f08,f07,pigp_de_fs,458,results/supplement/f07/pigp_de_fs/seed458/history.npz,0.7890424728393555,True
supplement,f08,f07,pigp_de_fs,459,results/supplement/f07/pigp_de_fs/seed459/history.npz,0.9962201714515686,True
supplement,f08,f07,pigp_de_fs,460,results/supplement/f07/pigp_de_fs/seed460/history.npz,1.0343633890151978,True
supplement,f08,f07,pigp_de_fs,461,results/supplement/f07/pigp_de_fs/seed461/history.npz,0.8171937465667725,True
supplement,f08,f07,pigp_de_fs,462,results/supplement/f07/pigp_de_fs/seed462/history.npz,0.9962196946144104,True
supplement,f08,f07,pigp_de_fs,463,results/supplement/f07/pigp_de_fs/seed463/history.npz,nan,False
supplement,f08,f07,pigp_de_fs,464,results/supplement/f07/pigp_de_fs/seed464/history.npz,0.9962197542190552,True
supplement,f08,f07,pigp_de_fs,465,results/supplement/f07/pigp_de_fs/seed465/history.npz,0.9962196946144104,True
supplement,f08,f07,pigp_de_fs,466,results/supplement/f07/pigp_de_fs/seed466/history.npz,nan,False
supplement,f08,f07,pigp_de_fs,467,results/supplement/f07/pigp_de_fs/seed467/history.npz,0.9962196946144104,True
supplement,f08,f07,pigp_de_fs,468,results/supplement/f07/pigp_de_fs/seed468/history.npz,0.7813670635223389,True
supplement,f08,f07,pigp_de_fs,469,results/supplement/f07/pigp_de_fs/seed469/history.npz,nan,False
supplement,f08,f07,pigp_de_fs,470,results/supplement/f07/pigp_de_fs/seed470/history.npz,1.473319411277771,True
supplement,f08,f07,pigp_de_fs,471,results/supplement/f07/pigp_de_fs/seed471/history.npz,0.9962198138237,True
supplement,f08,f07,pigp_de_fs,472,results/supplement/f07/pigp_de_fs/seed472/history.npz,0.8373234868049622,True
supplement,f08,f07,pigp_de_fs,473,results/supplement/f07/pigp_de_fs/seed473/history.npz,nan,False
supplement,f08,f07,pigp_de_fs,474,results/supplement/f07/pigp_de_fs/seed474/history.npz,0.9962199330329895,True
supplement,f08,f07,pigp_de_fs,475,results/supplement/f07/pigp_de_fs/seed475/history.npz,nan,False
supplement,f08,f07,pigp_de_fs,476,results/supplement/f07/pigp_de_fs/seed476/history.npz,0.9962197542190552,True
supplement,f08,f07,pigp_de_fs,477,results/supplement/f07/pigp_de_fs/seed477/history.npz,nan,False
supplement,f08,f07,pigp_de_fs,478,results/supplement/f07/pigp_de_fs/seed478/history.npz,nan,False
supplement,f08,f07,pigp_de_fs,479,results/supplement/f07/pigp_de_fs/seed479/history.npz,nan,False
supplement,f08,f07,pinn_cmaes,450,results/supplement/f07/pinn_cmaes/seed450/history.npz,0.7994468212127686,True
supplement,f08,f07,pinn_cmaes,451,results/supplement/f07/pinn_cmaes/seed451/history.npz,0.7491976618766785,True
supplement,f08,f07,pinn_cmaes,452,results/supplement/f07/pinn_cmaes/seed452/history.npz,0.9962595105171204,True
supplement,f08,f07,pinn_cmaes,453,results/supplement/f07/pinn_cmaes/seed453/history.npz,0.8841120004653931,True
supplement,f08,f07,pinn_cmaes,454,results/supplement/f07/pinn_cmaes/seed454/history.npz,nan,False
supplement,f08,f07,pinn_cmaes,455,results/supplement/f07/pinn_cmaes/seed455/history.npz,0.9162953495979309,True
supplement,f08,f07,pinn_cmaes,456,results/supplement/f07/pinn_cmaes/seed456/history.npz,nan,False
supplement,f08,f07,pinn_cmaes,457,results/supplement/f07/pinn_cmaes/seed457/history.npz,1.0006285905838013,True
supplement,f08,f07,pinn_cmaes,458,results/supplement/f07/pinn_cmaes/seed458/history.npz,0.7824163436889648,True
supplement,f08,f07,pinn_cmaes,459,results/supplement/f07/pinn_cmaes/seed459/history.npz,0.9962850213050842,True
supplement,f08,f07,pinn_cmaes,460,results/supplement/f07/pinn_cmaes/seed460/history.npz,0.9701286554336548,True
supplement,f08,f07,pinn_cmaes,461,results/supplement/f07/pinn_cmaes/seed461/history.npz,0.7792286276817322,True
supplement,f08,f07,pinn_cmaes,462,results/supplement/f07/pinn_cmaes/seed462/history.npz,nan,False
supplement,f08,f07,pinn_cmaes,463,results/supplement/f07/pinn_cmaes/seed463/history.npz,nan,False
supplement,f08,f07,pinn_cmaes,464,results/supplement/f07/pinn_cmaes/seed464/history.npz,0.7785109877586365,True
supplement,f08,f07,pinn_cmaes,465,results/supplement/f07/pinn_cmaes/seed465/history.npz,0.7805666327476501,True
supplement,f08,f07,pinn_cmaes,466,results/supplement/f07/pinn_cmaes/seed466/history.npz,nan,False
supplement,f08,f07,pinn_cmaes,467,results/supplement/f07/pinn_cmaes/seed467/history.npz,nan,False
supplement,f08,f07,pinn_cmaes,468,results/supplement/f07/pinn_cmaes/seed468/history.npz,nan,False
supplement,f08,f07,pinn_cmaes,469,results/supplement/f07/pinn_cmaes/seed469/history.npz,nan,False
supplement,f08,f07,pinn_cmaes,470,results/supplement/f07/pinn_cmaes/seed470/history.npz,0.9973053336143494,True
supplement,f08,f07,pinn_cmaes,471,results/supplement/f07/pinn_cmaes/seed471/history.npz,nan,False
supplement,f08,f07,pinn_cmaes,472,results/supplement/f07/pinn_cmaes/seed472/history.npz,nan,False
supplement,f08,f07,pinn_cmaes,473,results/supplement/f07/pinn_cmaes/seed473/history.npz,0.7744738459587097,True
supplement,f08,f07,pinn_cmaes,474,results/supplement/f07/pinn_cmaes/seed474/history.npz,nan,False
supplement,f08,f07,pinn_cmaes,475,results/supplement/f07/pinn_cmaes/seed475/history.npz,0.7802919745445251,True
supplement,f08,f07,pinn_cmaes,476,results/supplement/f07/pinn_cmaes/seed476/history.npz,nan,False
supplement,f08,f07,pinn_cmaes,477,results/supplement/f07/pinn_cmaes/seed477/history.npz,nan,False
supplement,f08,f07,pinn_cmaes,478,results/supplement/f07/pinn_cmaes/seed478/history.npz,0.759976863861084,True
supplement,f08,f07,pinn_cmaes,479,results/supplement/f07/pinn_cmaes/seed479/history.npz,0.9757590293884277,True
supplement,f08,f07,pinn_de_eps,450,results/supplement/f07/pinn_de_eps/seed450/history.npz,0.8299787640571594,True
supplement,f08,f07,pinn_de_eps,451,results/supplement/f07/pinn_de_eps/seed451/history.npz,nan,False
supplement,f08,f07,pinn_de_eps,452,results/supplement/f07/pinn_de_eps/seed452/history.npz,nan,False
supplement,f08,f07,pinn_de_eps,453,results/supplement/f07/pinn_de_eps/seed453/history.npz,0.9574198722839355,True
supplement,f08,f07,pinn_de_eps,454,results/supplement/f07/pinn_de_eps/seed454/history.npz,0.9811468720436096,True
supplement,f08,f07,pinn_de_eps,455,results/supplement/f07/pinn_de_eps/seed455/history.npz,nan,False
supplement,f08,f07,pinn_de_eps,456,results/supplement/f07/pinn_de_eps/seed456/history.npz,nan,False
supplement,f08,f07,pinn_de_eps,457,results/supplement/f07/pinn_de_eps/seed457/history.npz,nan,False
supplement,f08,f07,pinn_de_eps,458,results/supplement/f07/pinn_de_eps/seed458/history.npz,nan,False
supplement,f08,f07,pinn_de_eps,459,results/supplement/f07/pinn_de_eps/seed459/history.npz,nan,False
supplement,f08,f07,pinn_de_eps,460,results/supplement/f07/pinn_de_eps/seed460/history.npz,nan,False
supplement,f08,f07,pinn_de_eps,461,results/supplement/f07/pinn_de_eps/seed461/history.npz,nan,False
supplement,f08,f07,pinn_de_eps,462,results/supplement/f07/pinn_de_eps/seed462/history.npz,nan,False
supplement,f08,f07,pinn_de_eps,463,results/supplement/f07/pinn_de_eps/seed463/history.npz,0.9932264089584351,True
supplement,f08,f07,pinn_de_eps,464,results/supplement/f07/pinn_de_eps/seed464/history.npz,nan,False
supplement,f08,f07,pinn_de_eps,465,results/supplement/f07/pinn_de_eps/seed465/history.npz,nan,False
supplement,f08,f07,pinn_de_eps,466,results/supplement/f07/pinn_de_eps/seed466/history.npz,nan,False
supplement,f08,f07,pinn_de_eps,467,results/supplement/f07/pinn_de_eps/seed467/history.npz,0.996526837348938,True
supplement,f08,f07,pinn_de_eps,468,results/supplement/f07/pinn_de_eps/seed468/history.npz,nan,False
supplement,f08,f07,pinn_de_eps,469,results/supplement/f07/pinn_de_eps/seed469/history.npz,0.9665092825889587,True
supplement,f08,f07,pinn_de_eps,470,results/supplement/f07/pinn_de_eps/seed470/history.npz,nan,False
supplement,f08,f07,pinn_de_eps,471,results/supplement/f07/pinn_de_eps/seed471/history.npz,nan,False
supplement,f08,f07,pinn_de_eps,472,results/supplement/f07/pinn_de_eps/seed472/history.npz,nan,False
supplement,f08,f07,pinn_de_eps,473,results/supplement/f07/pinn_de_eps/seed473/history.npz,nan,False
supplement,f08,f07,pinn_de_eps,474,results/supplement/f07/pinn_de_eps/seed474/history.npz,nan,False
supplement,f08,f07,pinn_de_eps,475,results/supplement/f07/pinn_de_eps/seed475/history.npz,nan,False
supplement,f08,f07,pinn_de_eps,476,results/supplement/f07/pinn_de_eps/seed476/history.npz,0.9179739356040955,True
supplement,f08,f07,pinn_de_eps,477,results/supplement/f07/pinn_de_eps/seed477/history.npz,0.9984133839607239,True
supplement,f08,f07,pinn_de_eps,478,results/supplement/f07/pinn_de_eps/seed478/history.npz,nan,False
supplement,f08,f07,pinn_de_eps,479,results/supplement/f07/pinn_de_eps/seed479/history.npz,1.002094030380249,True
supplement,f08,f07,pinn_de_fs,450,results/supplement/f07/pinn_de_fs/seed450/history.npz,1.0014680624008179,True
supplement,f08,f07,pinn_de_fs,451,results/supplement/f07/pinn_de_fs/seed451/history.npz,0.9962223768234253,True
supplement,f08,f07,pinn_de_fs,452,results/supplement/f07/pinn_de_fs/seed452/history.npz,0.9965702891349792,True
supplement,f08,f07,pinn_de_fs,453,results/supplement/f07/pinn_de_fs/seed453/history.npz,0.9963834881782532,True
supplement,f08,f07,pinn_de_fs,454,results/supplement/f07/pinn_de_fs/seed454/history.npz,nan,False
supplement,f08,f07,pinn_de_fs,455,results/supplement/f07/pinn_de_fs/seed455/history.npz,0.9966210722923279,True
supplement,f08,f07,pinn_de_fs,456,results/supplement/f07/pinn_de_fs/seed456/history.npz,0.9962640404701233,True
supplement,f08,f07,pinn_de_fs,457,results/supplement/f07/pinn_de_fs/seed457/history.npz,0.9968571066856384,True
supplement,f08,f07,pinn_de_fs,458,results/supplement/f07/pinn_de_fs/seed458/history.npz,nan,False
supplement,f08,f07,pinn_de_fs,459,results/supplement/f07/pinn_de_fs/seed459/history.npz,0.9964067339897156,True
supplement,f08,f07,pinn_de_fs,460,results/supplement/f07/pinn_de_fs/seed460/history.npz,0.9964012503623962,True
supplement,f08,f07,pinn_de_fs,461,results/supplement/f07/pinn_de_fs/seed461/history.npz,nan,False
supplement,f08,f07,pinn_de_fs,462,results/supplement/f07/pinn_de_fs/seed462/history.npz,0.9996663331985474,True
supplement,f08,f07,pinn_de_fs,463,results/supplement/f07/pinn_de_fs/seed463/history.npz,0.9963635206222534,True
supplement,f08,f07,pinn_de_fs,464,results/supplement/f07/pinn_de_fs/seed464/history.npz,nan,False
supplement,f08,f07,pinn_de_fs,465,results/supplement/f07/pinn_de_fs/seed465/history.npz,0.9966497421264648,True
supplement,f08,f07,pinn_de_fs,466,results/supplement/f07/pinn_de_fs/seed466/history.npz,0.9970836639404297,True
supplement,f08,f07,pinn_de_fs,467,results/supplement/f07/pinn_de_fs/seed467/history.npz,nan,False
supplement,f08,f07,pinn_de_fs,468,results/supplement/f07/pinn_de_fs/seed468/history.npz,nan,False
supplement,f08,f07,pinn_de_fs,469,results/supplement/f07/pinn_de_fs/seed469/history.npz,0.9974237084388733,True
supplement,f08,f07,pinn_de_fs,470,results/supplement/f07/pinn_de_fs/seed470/history.npz,0.996252715587616,True
supplement,f08,f07,pinn_de_fs,471,results/supplement/f07/pinn_de_fs/seed471/history.npz,0.9970927834510803,True
supplement,f08,f07,pinn_de_fs,472,results/supplement/f07/pinn_de_fs/seed472/history.npz,0.9977702498435974,True
supplement,f08,f07,pinn_de_fs,473,results/supplement/f07/pinn_de_fs/seed473/history.npz,nan,False
supplement,f08,f07,pinn_de_fs,474,results/supplement/f07/pinn_de_fs/seed474/history.npz,nan,False
supplement,f08,f07,pinn_de_fs,475,results/supplement/f07/pinn_de_fs/seed475/history.npz,nan,False
supplement,f08,f07,pinn_de_fs,476,results/supplement/f07/pinn_de_fs/seed476/history.npz,nan,False
supplement,f08,f07,pinn_de_fs,477,results/supplement/f07/pinn_de_fs/seed477/history.npz,0.9966405630111694,True
supplement,f08,f07,pinn_de_fs,478,results/supplement/f07/pinn_de_fs/seed478/history.npz,nan,False
supplement,f08,f07,pinn_de_fs,479,results/supplement/f07/pinn_de_fs/seed479/history.npz,0.9967380166053772,True
supplement,f08,f07,pinn_pso,450,results/supplement/f07/pinn_pso/seed450/history.npz,0.7725865840911865,True
supplement,f08,f07,pinn_pso,451,results/supplement/f07/pinn_pso/seed451/history.npz,nan,False
supplement,f08,f07,pinn_pso,452,results/supplement/f07/pinn_pso/seed452/history.npz,0.7724688053131104,True
supplement,f08,f07,pinn_pso,453,results/supplement/f07/pinn_pso/seed453/history.npz,0.7818559408187866,True
supplement,f08,f07,pinn_pso,454,results/supplement/f07/pinn_pso/seed454/history.npz,0.7804667353630066,True
supplement,f08,f07,pinn_pso,455,results/supplement/f07/pinn_pso/seed455/history.npz,nan,False
supplement,f08,f07,pinn_pso,456,results/supplement/f07/pinn_pso/seed456/history.npz,0.7789265513420105,True
supplement,f08,f07,pinn_pso,457,results/supplement/f07/pinn_pso/seed457/history.npz,nan,False
supplement,f08,f07,pinn_pso,458,results/supplement/f07/pinn_pso/seed458/history.npz,0.7733739614486694,True
supplement,f08,f07,pinn_pso,459,results/supplement/f07/pinn_pso/seed459/history.npz,nan,False
supplement,f08,f07,pinn_pso,460,results/supplement/f07/pinn_pso/seed460/history.npz,0.997362494468689,True
supplement,f08,f07,pinn_pso,461,results/supplement/f07/pinn_pso/seed461/history.npz,0.9974064230918884,True
supplement,f08,f07,pinn_pso,462,results/supplement/f07/pinn_pso/seed462/history.npz,nan,False
supplement,f08,f07,pinn_pso,463,results/supplement/f07/pinn_pso/seed463/history.npz,nan,False
supplement,f08,f07,pinn_pso,464,results/supplement/f07/pinn_pso/seed464/history.npz,nan,False
supplement,f08,f07,pinn_pso,465,results/supplement/f07/pinn_pso/seed465/history.npz,0.9272489547729492,True
supplement,f08,f07,pinn_pso,466,results/supplement/f07/pinn_pso/seed466/history.npz,0.7737402319908142,True
supplement,f08,f07,pinn_pso,467,results/supplement/f07/pinn_pso/seed467/history.npz,0.7716462016105652,True
supplement,f08,f07,pinn_pso,468,results/supplement/f07/pinn_pso/seed468/history.npz,nan,False
supplement,f08,f07,pinn_pso,469,results/supplement/f07/pinn_pso/seed469/history.npz,0.7792739868164062,True
supplement,f08,f07,pinn_pso,470,results/supplement/f07/pinn_pso/seed470/history.npz,nan,False
supplement,f08,f07,pinn_pso,471,results/supplement/f07/pinn_pso/seed471/history.npz,0.9963912963867188,True
supplement,f08,f07,pinn_pso,472,results/supplement/f07/pinn_pso/seed472/history.npz,nan,False
supplement,f08,f07,pinn_pso,473,results/supplement/f07/pinn_pso/seed473/history.npz,nan,False
supplement,f08,f07,pinn_pso,474,results/supplement/f07/pinn_pso/seed474/history.npz,nan,False
supplement,f08,f07,pinn_pso,475,results/supplement/f07/pinn_pso/seed475/history.npz,0.834345817565918,True
supplement,f08,f07,pinn_pso,476,results/supplement/f07/pinn_pso/seed476/history.npz,0.7605619430541992,True
supplement,f08,f07,pinn_pso,477,results/supplement/f07/pinn_pso/seed477/history.npz,nan,False
supplement,f08,f07,pinn_pso,478,results/supplement/f07/pinn_pso/seed478/history.npz,0.7721294164657593,True
supplement,f08,f07,pinn_pso,479,results/supplement/f07/pinn_pso/seed479/history.npz,nan,False
supplement,f08,f07,rbfn_cmaes,450,results/supplement/f07/rbfn_cmaes/seed450/history.npz,nan,False
supplement,f08,f07,rbfn_cmaes,451,results/supplement/f07/rbfn_cmaes/seed451/history.npz,nan,False
supplement,f08,f07,rbfn_cmaes,452,results/supplement/f07/rbfn_cmaes/seed452/history.npz,nan,False
supplement,f08,f07,rbfn_cmaes,453,results/supplement/f07/rbfn_cmaes/seed453/history.npz,nan,False
supplement,f08,f07,rbfn_cmaes,454,results/supplement/f07/rbfn_cmaes/seed454/history.npz,nan,False
supplement,f08,f07,rbfn_cmaes,455,results/supplement/f07/rbfn_cmaes/seed455/history.npz,0.9978785514831543,True
supplement,f08,f07,rbfn_cmaes,456,results/supplement/f07/rbfn_cmaes/seed456/history.npz,nan,False
supplement,f08,f07,rbfn_cmaes,457,results/supplement/f07/rbfn_cmaes/seed457/history.npz,nan,False
supplement,f08,f07,rbfn_cmaes,458,results/supplement/f07/rbfn_cmaes/seed458/history.npz,nan,False
supplement,f08,f07,rbfn_cmaes,459,results/supplement/f07/rbfn_cmaes/seed459/history.npz,nan,False
supplement,f08,f07,rbfn_cmaes,460,results/supplement/f07/rbfn_cmaes/seed460/history.npz,0.9734117388725281,True
supplement,f08,f07,rbfn_cmaes,461,results/supplement/f07/rbfn_cmaes/seed461/history.npz,nan,False
supplement,f08,f07,rbfn_cmaes,462,results/supplement/f07/rbfn_cmaes/seed462/history.npz,nan,False
supplement,f08,f07,rbfn_cmaes,463,results/supplement/f07/rbfn_cmaes/seed463/history.npz,nan,False
supplement,f08,f07,rbfn_cmaes,464,results/supplement/f07/rbfn_cmaes/seed464/history.npz,nan,False
supplement,f08,f07,rbfn_cmaes,465,results/supplement/f07/rbfn_cmaes/seed465/history.npz,nan,False
supplement,f08,f07,rbfn_cmaes,466,results/supplement/f07/rbfn_cmaes/seed466/history.npz,0.9965227842330933,True
supplement,f08,f07,rbfn_cmaes,467,results/supplement/f07/rbfn_cmaes/seed467/history.npz,0.9941176772117615,True
supplement,f08,f07,rbfn_cmaes,468,results/supplement/f07/rbfn_cmaes/seed468/history.npz,nan,False
supplement,f08,f07,rbfn_cmaes,469,results/supplement/f07/rbfn_cmaes/seed469/history.npz,nan,False
supplement,f08,f07,rbfn_cmaes,470,results/supplement/f07/rbfn_cmaes/seed470/history.npz,nan,False
supplement,f08,f07,rbfn_cmaes,471,results/supplement/f07/rbfn_cmaes/seed471/history.npz,0.9984902143478394,True
supplement,f08,f07,rbfn_cmaes,472,results/supplement/f07/rbfn_cmaes/seed472/history.npz,nan,False
supplement,f08,f07,rbfn_cmaes,473,results/supplement/f07/rbfn_cmaes/seed473/history.npz,0.840002179145813,True
supplement,f08,f07,rbfn_cmaes,474,results/supplement/f07/rbfn_cmaes/seed474/history.npz,nan,False
supplement,f08,f07,rbfn_cmaes,475,results/supplement/f07/rbfn_cmaes/seed475/history.npz,0.7945063710212708,True
supplement,f08,f07,rbfn_cmaes,476,results/supplement/f07/rbfn_cmaes/seed476/history.npz,nan,False
supplement,f08,f07,rbfn_cmaes,477,results/supplement/f07/rbfn_cmaes/seed477/history.npz,nan,False
supplement,f08,f07,rbfn_cmaes,478,results/supplement/f07/rbfn_cmaes/seed478/history.npz,nan,False
supplement,f08,f07,rbfn_cmaes,479,results/supplement/f07/rbfn_cmaes/seed479/history.npz,nan,False
supplement,f08,f07,rbfn_pso,450,results/supplement/f07/rbfn_pso/seed450/history.npz,0.9246283173561096,True
supplement,f08,f07,rbfn_pso,451,results/supplement/f07/rbfn_pso/seed451/history.npz,0.7796682715415955,True
supplement,f08,f07,rbfn_pso,452,results/supplement/f07/rbfn_pso/seed452/history.npz,nan,False
supplement,f08,f07,rbfn_pso,453,results/supplement/f07/rbfn_pso/seed453/history.npz,0.8095835447311401,True
supplement,f08,f07,rbfn_pso,454,results/supplement/f07/rbfn_pso/seed454/history.npz,nan,False
supplement,f08,f07,rbfn_pso,455,results/supplement/f07/rbfn_pso/seed455/history.npz,nan,False
supplement,f08,f07,rbfn_pso,456,results/supplement/f07/rbfn_pso/seed456/history.npz,0.7751580476760864,True
supplement,f08,f07,rbfn_pso,457,results/supplement/f07/rbfn_pso/seed457/history.npz,nan,False
supplement,f08,f07,rbfn_pso,458,results/supplement/f07/rbfn_pso/seed458/history.npz,nan,False
supplement,f08,f07,rbfn_pso,459,results/supplement/f07/rbfn_pso/seed459/history.npz,0.778505802154541,True
supplement,f08,f07,rbfn_pso,460,results/supplement/f07/rbfn_pso/seed460/history.npz,0.8325034976005554,True
supplement,f08,f07,rbfn_pso,461,results/supplement/f07/rbfn_pso/seed461/history.npz,nan,False
supplement,f08,f07,rbfn_pso,462,results/supplement/f07/rbfn_pso/seed462/history.npz,nan,False
supplement,f08,f07,rbfn_pso,463,results/supplement/f07/rbfn_pso/seed463/history.npz,0.7744036316871643,True
supplement,f08,f07,rbfn_pso,464,results/supplement/f07/rbfn_pso/seed464/history.npz,nan,False
supplement,f08,f07,rbfn_pso,465,results/supplement/f07/rbfn_pso/seed465/history.npz,nan,False
supplement,f08,f07,rbfn_pso,466,results/supplement/f07/rbfn_pso/seed466/history.npz,nan,False
supplement,f08,f07,rbfn_pso,467,results/supplement/f07/rbfn_pso/seed467/history.npz,nan,False
supplement,f08,f07,rbfn_pso,468,results/supplement/f07/rbfn_pso/seed468/history.npz,0.7899188995361328,True
supplement,f08,f07,rbfn_pso,469,results/supplement/f07/rbfn_pso/seed469/history.npz,nan,False
supplement,f08,f07,rbfn_pso,470,results/supplement/f07/rbfn_pso/seed470/history.npz,0.7742810845375061,True
supplement,f08,f07,rbfn_pso,471,results/supplement/f07/rbfn_pso/seed471/history.npz,nan,False
supplement,f08,f07,rbfn_pso,472,results/supplement/f07/rbfn_pso/seed472/history.npz,0.7757556438446045,True
supplement,f08,f07,rbfn_pso,473,results/supplement/f07/rbfn_pso/seed473/history.npz,0.7863055467605591,True
supplement,f08,f07,rbfn_pso,474,results/supplement/f07/rbfn_pso/seed474/history.npz,0.7730437517166138,True
supplement,f08,f07,rbfn_pso,475,results/supplement/f07/rbfn_pso/seed475/history.npz,nan,False
supplement,f08,f07,rbfn_pso,476,results/supplement/f07/rbfn_pso/seed476/history.npz,0.7736433744430542,True
supplement,f08,f07,rbfn_pso,477,results/supplement/f07/rbfn_pso/seed477/history.npz,nan,False
supplement,f08,f07,rbfn_pso,478,results/supplement/f07/rbfn_pso/seed478/history.npz,0.750403881072998,True
supplement,f08,f07,rbfn_pso,479,results/supplement/f07/rbfn_pso/seed479/history.npz,nan,False
supplement,f09,f08,gp_cmaes,450,results/supplement/f08/gp_cmaes/seed450/history.npz,26.632028478771034,True
supplement,f09,f08,gp_cmaes,451,results/supplement/f08/gp_cmaes/seed451/history.npz,13.385981787361079,True
supplement,f09,f08,gp_cmaes,452,results/supplement/f08/gp_cmaes/seed452/history.npz,274.44046826378764,True
supplement,f09,f08,gp_cmaes,453,results/supplement/f08/gp_cmaes/seed453/history.npz,465.98532546271423,True
supplement,f09,f08,gp_cmaes,454,results/supplement/f08/gp_cmaes/seed454/history.npz,9.23252492801981,True
supplement,f09,f08,gp_cmaes,455,results/supplement/f08/gp_cmaes/seed455/history.npz,1027.0292318178517,True
supplement,f09,f08,gp_cmaes,456,results/supplement/f08/gp_cmaes/seed456/history.npz,26.585568035827592,True
supplement,f09,f08,gp_cmaes,457,results/supplement/f08/gp_cmaes/seed457/history.npz,18.68576739061253,True
supplement,f09,f08,gp_cmaes,458,results/supplement/f08/gp_cmaes/seed458/history.npz,39.283408132201316,True
supplement,f09,f08,gp_cmaes,459,results/supplement/f08/gp_cmaes/seed459/history.npz,14.790415064492056,True
supplement,f09,f08,gp_cmaes,460,results/supplement/f08/gp_cmaes/seed460/history.npz,61.18963437677753,True
supplement,f09,f08,gp_cmaes,461,results/supplement/f08/gp_cmaes/seed461/history.npz,38.12383234237801,True
supplement,f09,f08,gp_cmaes,462,results/supplement/f08/gp_cmaes/seed462/history.npz,9.195825037429103,True
supplement,f09,f08,gp_cmaes,463,results/supplement/f08/gp_cmaes/seed463/history.npz,7.370302112059741,True
supplement,f09,f08,gp_cmaes,464,results/supplement/f08/gp_cmaes/seed464/history.npz,24.32542936467806,True
supplement,f09,f08,gp_cmaes,465,results/supplement/f08/gp_cmaes/seed465/history.npz,29.306178820832372,True
supplement,f09,f08,gp_cmaes,466,results/supplement/f08/gp_cmaes/seed466/history.npz,60.61532481249758,True
supplement,f09,f08,gp_cmaes,467,results/supplement/f08/gp_cmaes/seed467/history.npz,9.763733789715657,True
supplement,f09,f08,gp_cmaes,468,results/supplement/f08/gp_cmaes/seed468/history.npz,3.2158899794967217,True
supplement,f09,f08,gp_cmaes,469,results/supplement/f08/gp_cmaes/seed469/history.npz,60.314225585707234,True
supplement,f09,f08,gp_cmaes,470,results/supplement/f08/gp_cmaes/seed470/history.npz,15.901083780312137,True
supplement,f09,f08,gp_cmaes,471,results/supplement/f08/gp_cmaes/seed471/history.npz,18.101620057379645,True
supplement,f09,f08,gp_cmaes,472,results/supplement/f08/gp_cmaes/seed472/history.npz,159.39683689591575,True
supplement,f09,f08,gp_cmaes,473,results/supplement/f08/gp_cmaes/seed473/history.npz,207.110767206688,True
supplement,f09,f08,gp_cmaes,474,results/supplement/f08/gp_cmaes/seed474/history.npz,8.29098964374277,True
supplement,f09,f08,gp_cmaes,475,results/supplement/f08/gp_cmaes/seed475/history.npz,24.312139866003914,True
supplement,f09,f08,gp_cmaes,476,results/supplement/f08/gp_cmaes/seed476/history.npz,72.26428302142905,True
supplement,f09,f08,gp_cmaes,477,results/supplement/f08/gp_cmaes/seed477/history.npz,91.48665936061502,True
supplement,f09,f08,gp_cmaes,478,results/supplement/f08/gp_cmaes/seed478/history.npz,359.30122259004304,True
supplement,f09,f08,gp_cmaes,479,results/supplement/f08/gp_cmaes/seed479/history.npz,3.3639454949898835,True
supplement,f09,f08,gp_pso,450,results/supplement/f08/gp_pso/seed450/history.npz,109.82987797218999,True
supplement,f09,f08,gp_pso,451,results/supplement/f08/gp_pso/seed451/history.npz,26.201170336849245,True
supplement,f09,f08,gp_pso,452,results/supplement/f08/gp_pso/seed452/history.npz,3.2870020891625225,True
supplement,f09,f08,gp_pso,453,results/supplement/f08/gp_pso/seed453/history.npz,34.19108452261725,True
supplement,f09,f08,gp_pso,454,results/supplement/f08/gp_pso/seed454/history.npz,9.137682976449101,True
supplement,f09,f08,gp_pso,455,results/supplement/f08/gp_pso/seed455/history.npz,21.025865433970495,True
supplement,f09,f08,gp_pso,456,results/supplement/f08/gp_pso/seed456/history.npz,490.4779143137643,True
supplement,f09,f08,gp_pso,457,results/supplement/f08/gp_pso/seed457/history.npz,47.085144382156074,True
supplement,f09,f08,gp_pso,458,results/supplement/f08/gp_pso/seed458/history.npz,56.184523329755024,True
supplement,f09,f08,gp_pso,459,results/supplement/f08/gp_pso/seed459/history.npz,19.677369912444494,True
supplement,f09,f08,gp_pso,460,results/supplement/f08/gp_pso/seed460/history.npz,91.90086513482706,True
supplement,f09,f08,gp_pso,461,results/supplement/f08/gp_pso/seed461/history.npz,214.31682179150675,True
supplement,f09,f08,gp_pso,462,results/supplement/f08/gp_pso/seed462/history.npz,37.44800640884872,True
supplement,f09,f08,gp_pso,463,results/supplement/f08/gp_pso/seed463/history.npz,27.66745244373857,True
supplement,f09,f08,gp_pso,464,results/supplement/f08/gp_pso/seed464/history.npz,35.55758592406314,True
supplement,f09,f08,gp_pso,465,results/supplement/f08/gp_pso/seed465/history.npz,8.848237700463528,True
supplement,f09,f08,gp_pso,466,results/supplement/f08/gp_pso/seed466/history.npz,7.084793674052283,True
supplement,f09,f08,gp_pso,467,results/supplement/f08/gp_pso/seed467/history.npz,44.729768337748304,True
supplement,f09,f08,gp_pso,468,results/supplement/f08/gp_pso/seed468/history.npz,40.32997178782039,True
supplement,f09,f08,gp_pso,469,results/supplement/f08/gp_pso/seed469/history.npz,702.5091856582793,True
supplement,f09,f08,gp_pso,470,results/supplement/f08/gp_pso/seed470/history.npz,6.800515390184381,True
supplement,f09,f08,gp_pso,471,results/supplement/f08/gp_pso/seed471/history.npz,19.247182217894146,True
supplement,f09,f08,gp_pso,472,results/supplement/f08/gp_pso/seed472/history.npz,94.4441724596535,True
supplement,f09,f08,gp_pso,473,results/supplement/f08/gp_pso/seed473/history.npz,9.442949199929322,True
supplement,f09,f08,gp_pso,474,results/supplement/f08/gp_pso/seed474/history.npz,26.13458204185273,True
supplement,f09,f08,gp_pso,475,results/supplement/f08/gp_pso/seed475/history.npz,34.664767154548194,True
supplement,f09,f08,gp_pso,476,results/supplement/f08/gp_pso/seed476/history.npz,13.329080923939584,True
supplement,f09,f08,gp_pso,477,results/supplement/f08/gp_pso/seed477/history.npz,37.8578169153578,True
supplement,f09,f08,gp_pso,478,results/supplement/f08/gp_pso/seed478/history.npz,43.930002834186354,True
supplement,f09,f08,gp_pso,479,results/supplement/f08/gp_pso/seed479/history.npz,414.6738809163217,True
supplement,f09,f08,pinn_cmaes,450,results/supplement/f08/pinn_cmaes/seed450/history.npz,78.79399779776458,True
supplement,f09,f08,pinn_cmaes,451,results/supplement/f08/pinn_cmaes/seed451/history.npz,13.385981787361079,True
supplement,f09,f08,pinn_cmaes,452,results/supplement/f08/pinn_cmaes/seed452/history.npz,8.201417499862163,True
supplement,f09,f08,pinn_cmaes,453,results/supplement/f08/pinn_cmaes/seed453/history.npz,36.06626476992332,True
supplement,f09,f08,pinn_cmaes,454,results/supplement/f08/pinn_cmaes/seed454/history.npz,3.4454659078250716,True
supplement,f09,f08,pinn_cmaes,455,results/supplement/f08/pinn_cmaes/seed455/history.npz,3.5846857693608287,True
supplement,f09,f08,pinn_cmaes,456,results/supplement/f08/pinn_cmaes/seed456/history.npz,13.889185853687668,True
supplement,f09,f08,pinn_cmaes,457,results/supplement/f08/pinn_cmaes/seed457/history.npz,18.68576739061253,True
supplement,f09,f08,pinn_cmaes,458,results/supplement/f08/pinn_cmaes/seed458/history.npz,3.0837567188198283,True
supplement,f09,f08,pinn_cmaes,459,results/supplement/f08/pinn_cmaes/seed459/history.npz,55.40850965984713,True
supplement,f09,f08,pinn_cmaes,460,results/supplement/f08/pinn_cmaes/seed460/history.npz,32.44667390221788,True
supplement,f09,f08,pinn_cmaes,461,results/supplement/f08/pinn_cmaes/seed461/history.npz,5.779410876470313,True
supplement,f09,f08,pinn_cmaes,462,results/supplement/f08/pinn_cmaes/seed462/history.npz,160.17999626251472,True
supplement,f09,f08,pinn_cmaes,463,results/supplement/f08/pinn_cmaes/seed463/history.npz,31.71340638155563,True
supplement,f09,f08,pinn_cmaes,464,results/supplement/f08/pinn_cmaes/seed464/history.npz,15.935514626341957,True
supplement,f09,f08,pinn_cmaes,465,results/supplement/f08/pinn_cmaes/seed465/history.npz,17.80565735633557,True
supplement,f09,f08,pinn_cmaes,466,results/supplement/f08/pinn_cmaes/seed466/history.npz,60.61532481249758,True
supplement,f09,f08,pinn_cmaes,467,results/supplement/f08/pinn_cmaes/seed467/history.npz,7.664765308568971,True
supplement,f09,f08,pinn_cmaes,468,results/supplement/f08/pinn_cmaes/seed468/history.npz,3.403274873576459,True
supplement,f09,f08,pinn_cmaes,469,results/supplement/f08/pinn_cmaes/seed469/history.npz,40.18552074485261,True
supplement,f09,f08,pinn_cmaes,470,results/supplement/f08/pinn_cmaes/seed470/history.npz,17.041483196722602,True
supplement,f09,f08,pinn_cmaes,471,results/supplement/f08/pinn_cmaes/seed471/history.npz,3.9024196630344994,True
supplement,f09,f08,pinn_cmaes,472,results/supplement/f08/pinn_cmaes/seed472/history.npz,5.060186514667947,True
supplement,f09,f08,pinn_cmaes,473,results/supplement/f08/pinn_cmaes/seed473/history.npz,40.009461695303486,True
supplement,f09,f08,pinn_cmaes,474,results/supplement/f08/pinn_cmaes/seed474/history.npz,8.29098964374277,True
supplement,f09,f08,pinn_cmaes,475,results/supplement/f08/pinn_cmaes/seed475/history.npz,24.312139866003914,True
supplement,f09,f08,pinn_cmaes,476,results/supplement/f08/pinn_cmaes/seed476/history.npz,5.8710610332111965,True
supplement,f09,f08,pinn_cmaes,477,results/supplement/f08/pinn_cmaes/seed477/history.npz,8.002337466914932,True
supplement,f09,f08,pinn_cmaes,478,results/supplement/f08/pinn_cmaes/seed478/history.npz,5.748276576666694,True
supplement,f09,f08,pinn_cmaes,479,results/supplement/f08/pinn_cmaes/seed479/history.npz,3.3639454949898835,True
supplement,f09,f08,pinn_pso,450,results/supplement/f08/pinn_pso/seed450/history.npz,15.638715517181764,True
supplement,f09,f08,pinn_pso,451,results/supplement/f08/pinn_pso/seed451/history.npz,3.0106128072208023,True
supplement,f09,f08,pinn_pso,452,results/supplement/f08/pinn_pso/seed452/history.npz,91.11636476249114,True
supplement,f09,f08,pinn_pso,453,results/supplement/f08/pinn_pso/seed453/history.npz,3.0751472516431906,True
supplement,f09,f08,pinn_pso,454,results/supplement/f08/pinn_pso/seed454/history.npz,3.5472366723446416,True
supplement,f09,f08,pinn_pso,455,results/supplement/f08/pinn_pso/seed455/history.npz,9.462192596016388,True
supplement,f09,f08,pinn_pso,456,results/supplement/f08/pinn_pso/seed456/history.npz,68.67025315804506,True
supplement,f09,f08,pinn_pso,457,results/supplement/f08/pinn_pso/seed457/history.npz,35.579562475470375,True
supplement,f09,f08,pinn_pso,458,results/supplement/f08/pinn_pso/seed458/history.npz,9.058247617947936,True
supplement,f09,f08,pinn_pso,459,results/supplement/f08/pinn_pso/seed459/history.npz,4.306653426758366,True
supplement,f09,f08,pinn_pso,460,results/supplement/f08/pinn_pso/seed460/history.npz,91.90086513482706,True
supplement,f09,f08,pinn_pso,461,results/supplement/f08/pinn_pso/seed461/history.npz,122.34868962811082,True
supplement,f09,f08,pinn_pso,462,results/supplement/f08/pinn_pso/seed462/history.npz,4.806526355408527,True
supplement,f09,f08,pinn_pso,463,results/supplement/f08/pinn_pso/seed463/history.npz,27.66745244373857,True
supplement,f09,f08,pinn_pso,464,results/supplement/f08/pinn_pso/seed464/history.npz,21.370523093815844,True
supplement,f09,f08,pinn_pso,465,results/supplement/f08/pinn_pso/seed465/history.npz,16.28138247144507,True
supplement,f09,f08,pinn_pso,466,results/supplement/f08/pinn_pso/seed466/history.npz,44.54530283524458,True
supplement,f09,f08,pinn_pso,467,results/supplement/f08/pinn_pso/seed467/history.npz,3.75463257240508,True
supplement,f09,f08,pinn_pso,468,results/supplement/f08/pinn_pso/seed468/history.npz,6.3504558482622215,True
supplement,f09,f08,pinn_pso,469,results/supplement/f08/pinn_pso/seed469/history.npz,27.55466398191788,True
supplement,f09,f08,pinn_pso,470,results/supplement/f08/pinn_pso/seed470/history.npz,13.679710805856848,True
supplement,f09,f08,pinn_pso,471,results/supplement/f08/pinn_pso/seed471/history.npz,16.247376887957948,True
supplement,f09,f08,pinn_pso,472,results/supplement/f08/pinn_pso/seed472/history.npz,20.409165774839988,True
supplement,f09,f08,pinn_pso,473,results/supplement/f08/pinn_pso/seed473/history.npz,3.1114352688988496,True
supplement,f09,f08,pinn_pso,474,results/supplement/f08/pinn_pso/seed474/history.npz,3.1011911156146303,True
supplement,f09,f08,pinn_pso,475,results/supplement/f08/pinn_pso/seed475/history.npz,3.4960930733368265,True
supplement,f09,f08,pinn_pso,476,results/supplement/f08/pinn_pso/seed476/history.npz,6.44364652631417,True
supplement,f09,f08,pinn_pso,477,results/supplement/f08/pinn_pso/seed477/history.npz,21.17684063451214,True
supplement,f09,f08,pinn_pso,478,results/supplement/f08/pinn_pso/seed478/history.npz,6.883387922050322,True
supplement,f09,f08,pinn_pso,479,results/supplement/f08/pinn_pso/seed479/history.npz,16.239228662827756,True
supplement,f09,f08,rbfn_cmaes,450,results/supplement/f08/rbfn_cmaes/seed450/history.npz,78.79399779776458,True
supplement,f09,f08,rbfn_cmaes,451,results/supplement/f08/rbfn_cmaes/seed451/history.npz,13.385981787361079,True
supplement,f09,f08,rbfn_cmaes,452,results/supplement/f08/rbfn_cmaes/seed452/history.npz,5.765953695664723,True
supplement,f09,f08,rbfn_cmaes,453,results/supplement/f08/rbfn_cmaes/seed453/history.npz,186.8054065950648,True
supplement,f09,f08,rbfn_cmaes,454,results/supplement/f08/rbfn_cmaes/seed454/history.npz,9.23252492801981,True
supplement,f09,f08,rbfn_cmaes,455,results/supplement/f08/rbfn_cmaes/seed455/history.npz,1027.0292318178517,True
supplement,f09,f08,rbfn_cmaes,456,results/supplement/f08/rbfn_cmaes/seed456/history.npz,456.6026588575125,True
supplement,f09,f08,rbfn_cmaes,457,results/supplement/f08/rbfn_cmaes/seed457/history.npz,18.68576739061253,True
supplement,f09,f08,rbfn_cmaes,458,results/supplement/f08/rbfn_cmaes/seed458/history.npz,16.454446412513857,True
supplement,f09,f08,rbfn_cmaes,459,results/supplement/f08/rbfn_cmaes/seed459/history.npz,643.1001705723392,True
supplement,f09,f08,rbfn_cmaes,460,results/supplement/f08/rbfn_cmaes/seed460/history.npz,61.18963437677753,True
supplement,f09,f08,rbfn_cmaes,461,results/supplement/f08/rbfn_cmaes/seed461/history.npz,62.72222579499055,True
supplement,f09,f08,rbfn_cmaes,462,results/supplement/f08/rbfn_cmaes/seed462/history.npz,181.4632687275783,True
supplement,f09,f08,rbfn_cmaes,463,results/supplement/f08/rbfn_cmaes/seed463/history.npz,30.045765103374052,True
supplement,f09,f08,rbfn_cmaes,464,results/supplement/f08/rbfn_cmaes/seed464/history.npz,24.32542936467806,True
supplement,f09,f08,rbfn_cmaes,465,results/supplement/f08/rbfn_cmaes/seed465/history.npz,487.014165629054,True
supplement,f09,f08,rbfn_cmaes,466,results/supplement/f08/rbfn_cmaes/seed466/history.npz,3.567105549858011,True
supplement,f09,f08,rbfn_cmaes,467,results/supplement/f08/rbfn_cmaes/seed467/history.npz,9.763733789715657,True
supplement,f09,f08,rbfn_cmaes,468,results/supplement/f08/rbfn_cmaes/seed468/history.npz,36.544147070023236,True
supplement,f09,f08,rbfn_cmaes,469,results/supplement/f08/rbfn_cmaes/seed469/history.npz,60.314225585707234,True
supplement,f09,f08,rbfn_cmaes,470,results/supplement/f08/rbfn_cmaes/seed470/history.npz,330.46564971261625,True
supplement,f09,f08,rbfn_cmaes,471,results/supplement/f08/rbfn_cmaes/seed471/history.npz,35.40888127090945,True
supplement,f09,f08,rbfn_cmaes,472,results/supplement/f08/rbfn_cmaes/seed472/history.npz,159.39683689591575,True
supplement,f09,f08,rbfn_cmaes,473,results/supplement/f08/rbfn_cmaes/seed473/history.npz,24.909360685639353,True
supplement,f09,f08,rbfn_cmaes,474,results/supplement/f08/rbfn_cmaes/seed474/history.npz,8.29098964374277,True
supplement,f09,f08,rbfn_cmaes,475,results/supplement/f08/rbfn_cmaes/seed475/history.npz,24.312139866003914,True
supplement,f09,f08,rbfn_cmaes,476,results/supplement/f08/rbfn_cmaes/seed476/history.npz,72.26428302142905,True
supplement,f09,f08,rbfn_cmaes,477,results/supplement/f08/rbfn_cmaes/seed477/history.npz,91.48665936061502,True
supplement,f09,f08,rbfn_cmaes,478,results/supplement/f08/rbfn_cmaes/seed478/history.npz,394.7050359224613,True
supplement,f09,f08,rbfn_cmaes,479,results/supplement/f08/rbfn_cmaes/seed479/history.npz,3.3639454949898835,True
supplement,f09,f08,rbfn_pso,450,results/supplement/f08/rbfn_pso/seed450/history.npz,109.82987797218999,True
supplement,f09,f08,rbfn_pso,451,results/supplement/f08/rbfn_pso/seed451/history.npz,26.201170336849245,True
supplement,f09,f08,rbfn_pso,452,results/supplement/f08/rbfn_pso/seed452/history.npz,91.11636476249114,True
supplement,f09,f08,rbfn_pso,453,results/supplement/f08/rbfn_pso/seed453/history.npz,34.19108452261725,True
supplement,f09,f08,rbfn_pso,454,results/supplement/f08/rbfn_pso/seed454/history.npz,3.1910050712723113,True
supplement,f09,f08,rbfn_pso,455,results/supplement/f08/rbfn_pso/seed455/history.npz,15.159321799969849,True
supplement,f09,f08,rbfn_pso,456,results/supplement/f08/rbfn_pso/seed456/history.npz,100.93619869941847,True
supplement,f09,f08,rbfn_pso,457,results/supplement/f08/rbfn_pso/seed457/history.npz,183.34441035471346,True
supplement,f09,f08,rbfn_pso,458,results/supplement/f08/rbfn_pso/seed458/history.npz,5.138039202778274,True
supplement,f09,f08,rbfn_pso,459,results/supplement/f08/rbfn_pso/seed459/history.npz,60.60672480616232,True
supplement,f09,f08,rbfn_pso,460,results/supplement/f08/rbfn_pso/seed460/history.npz,35.15102601272084,True
supplement,f09,f08,rbfn_pso,461,results/supplement/f08/rbfn_pso/seed461/history.npz,351.75462408840633,True
supplement,f09,f08,rbfn_pso,462,results/supplement/f08/rbfn_pso/seed462/history.npz,42.74210353458116,True
supplement,f09,f08,rbfn_pso,463,results/supplement/f08/rbfn_pso/seed463/history.npz,27.66745244373857,True
supplement,f09,f08,rbfn_pso,464,results/supplement/f08/rbfn_pso/seed464/history.npz,35.55758592406314,True
supplement,f09,f08,rbfn_pso,465,results/supplement/f08/rbfn_pso/seed465/history.npz,222.26130599430147,True
supplement,f09,f08,rbfn_pso,466,results/supplement/f08/rbfn_pso/seed466/history.npz,15.359444830930082,True
supplement,f09,f08,rbfn_pso,467,results/supplement/f08/rbfn_pso/seed467/history.npz,154.46352710944356,True
supplement,f09,f08,rbfn_pso,468,results/supplement/f08/rbfn_pso/seed468/history.npz,40.32997178782039,True
supplement,f09,f08,rbfn_pso,469,results/supplement/f08/rbfn_pso/seed469/history.npz,593.7643667035272,True
supplement,f09,f08,rbfn_pso,470,results/supplement/f08/rbfn_pso/seed470/history.npz,13.679710805856848,True
supplement,f09,f08,rbfn_pso,471,results/supplement/f08/rbfn_pso/seed471/history.npz,19.247182217894146,True
supplement,f09,f08,rbfn_pso,472,results/supplement/f08/rbfn_pso/seed472/history.npz,94.4441724596535,True
supplement,f09,f08,rbfn_pso,473,results/supplement/f08/rbfn_pso/seed473/history.npz,5.716977126658087,True
supplement,f09,f08,rbfn_pso,474,results/supplement/f08/rbfn_pso/seed474/history.npz,26.345345499418944,True
supplement,f09,f08,rbfn_pso,475,results/supplement/f08/rbfn_pso/seed475/history.npz,34.664767154548194,True
supplement,f09,f08,rbfn_pso,476,results/supplement/f08/rbfn_pso/seed476/history.npz,200.04044480010407,True
supplement,f09,f08,rbfn_pso,477,results/supplement/f08/rbfn_pso/seed477/history.npz,45.50130471236531,True
supplement,f09,f08,rbfn_pso,478,results/supplement/f08/rbfn_pso/seed478/history.npz,43.930002834186354,True
supplement,f09,f08,rbfn_pso,479,results/supplement/f08/rbfn_pso/seed479/history.npz,194.73095345661372,True
supplement,f10,f09,gp_cmaes,450,results/supplement/f09/gp_cmaes/seed450/history.npz,0.0916465346989259,True
supplement,f10,f09,gp_cmaes,451,results/supplement/f09/gp_cmaes/seed451/history.npz,1.5819057219969042,True
supplement,f10,f09,gp_cmaes,452,results/supplement/f09/gp_cmaes/seed452/history.npz,0.05402213107908687,True
supplement,f10,f09,gp_cmaes,453,results/supplement/f09/gp_cmaes/seed453/history.npz,0.33751744273209316,True
supplement,f10,f09,gp_cmaes,454,results/supplement/f09/gp_cmaes/seed454/history.npz,0.3950086186522439,True
supplement,f10,f09,gp_cmaes,455,results/supplement/f09/gp_cmaes/seed455/history.npz,0.16205929173364056,True
supplement,f10,f09,gp_cmaes,456,results/supplement/f09/gp_cmaes/seed456/history.npz,0.15548129736957994,True
supplement,f10,f09,gp_cmaes,457,results/supplement/f09/gp_cmaes/seed457/history.npz,0.1641856991352657,True
supplement,f10,f09,gp_cmaes,458,results/supplement/f09/gp_cmaes/seed458/history.npz,0.14751500949245466,True
supplement,f10,f09,gp_cmaes,459,results/supplement/f09/gp_cmaes/seed459/history.npz,0.10575678526648039,True
supplement,f10,f09,gp_cmaes,460,results/supplement/f09/gp_cmaes/seed460/history.npz,0.05473731722794051,True
supplement,f10,f09,gp_cmaes,461,results/supplement/f09/gp_cmaes/seed461/history.npz,0.15752253360250623,True
supplement,f10,f09,gp_cmaes,462,results/supplement/f09/gp_cmaes/seed462/history.npz,0.06911234329026178,True
supplement,f10,f09,gp_cmaes,463,results/supplement/f09/gp_cmaes/seed463/history.npz,0.13776792929976722,True
supplement,f10,f09,gp_cmaes,464,results/supplement/f09/gp_cmaes/seed464/history.npz,0.1821016173040156,True
supplement,f10,f09,gp_cmaes,465,results/supplement/f09/gp_cmaes/seed465/history.npz,0.0321718317543026,True
supplement,f10,f09,gp_cmaes,466,results/supplement/f09/gp_cmaes/seed466/history.npz,0.18493290409229618,True
supplement,f10,f09,gp_cmaes,467,results/supplement/f09/gp_cmaes/seed467/history.npz,1.3856069162888058,True
supplement,f10,f09,gp_cmaes,468,results/supplement/f09/gp_cmaes/seed468/history.npz,0.1325232711607533,True
supplement,f10,f09,gp_cmaes,469,results/supplement/f09/gp_cmaes/seed469/history.npz,0.10308540119083641,True
supplement,f10,f09,gp_cmaes,470,results/supplement/f09/gp_cmaes/seed470/history.npz,0.07361442663591712,True
supplement,f10,f09,gp_cmaes,471,results/supplement/f09/gp_cmaes/seed471/history.npz,2.875024757184316,True
supplement,f10,f09,gp_cmaes,472,results/supplement/f09/gp_cmaes/seed472/history.npz,0.005872361692048609,True
supplement,f10,f09,gp_cmaes,473,results/supplement/f09/gp_cmaes/seed473/history.npz,1.1432979710026179,True
supplement,f10,f09,gp_cmaes,474,results/supplement/f09/gp_cmaes/seed474/history.npz,0.15923267115552314,True
supplement,f10,f09,gp_cmaes,475,results/supplement/f09/gp_cmaes/seed475/history.npz,0.505233247859086,True
supplement,f10,f09,gp_cmaes,476,results/supplement/f09/gp_cmaes/seed476/history.npz,1.6584639816035502,True
supplement,f10,f09,gp_cmaes,477,results/supplement/f09/gp_cmaes/seed477/history.npz,0.11354070429574484,True
supplement,f10,f09,gp_cmaes,478,results/supplement/f09/gp_cmaes/seed478/history.npz,0.12099818075831795,True
supplement,f10,f09,gp_cmaes,479,results/supplement/f09/gp_cmaes/seed479/history.npz,0.37522328282678274,True
supplement,f10,f09,gp_pso,450,results/supplement/f09/gp_pso/seed450/history.npz,0.4419907990500965,True
supplement,f10,f09,gp_pso,451,results/supplement/f09/gp_pso/seed451/history.npz,0.21599071354238933,True
supplement,f10,f09,gp_pso,452,results/supplement/f09/gp_pso/seed452/history.npz,0.4482548856224187,True
supplement,f10,f09,gp_pso,453,results/supplement/f09/gp_pso/seed453/history.npz,1.0121886824327884,True
supplement,f10,f09,gp_pso,454,results/supplement/f09/gp_pso/seed454/history.npz,4.094133291224565,True
supplement,f10,f09,gp_pso,455,results/supplement/f09/gp_pso/seed455/history.npz,2.7157169286165366,True
supplement,f10,f09,gp_pso,456,results/supplement/f09/gp_pso/seed456/history.npz,0.6165455747414484,True
supplement,f10,f09,gp_pso,457,results/supplement/f09/gp_pso/seed457/history.npz,0.03840535398389033,True
supplement,f10,f09,gp_pso,458,results/supplement/f09/gp_pso/seed458/history.npz,0.0743275799753682,True
supplement,f10,f09,gp_pso,459,results/supplement/f09/gp_pso/seed459/history.npz,0.621598632813384,True
supplement,f10,f09,gp_pso,460,results/supplement/f09/gp_pso/seed460/history.npz,0.5630521288582262,True
supplement,f10,f09,gp_pso,461,results/supplement/f09/gp_pso/seed461/history.npz,0.25523179677280095,True
supplement,f10,f09,gp_pso,462,results/supplement/f09/gp_pso/seed462/history.npz,0.9274736465420421,True
supplement,f10,f09,gp_pso,463,results/supplement/f09/gp_pso/seed463/history.npz,0.040806719198628466,True
supplement,f10,f09,gp_pso,464,results/supplement/f09/gp_pso/seed464/history.npz,0.23609374665583255,True
supplement,f10,f09,gp_pso,465,results/supplement/f09/gp_pso/seed465/history.npz,0.47873288570134376,True
supplement,f10,f09,gp_pso,466,results/supplement/f09/gp_pso/seed466/history.npz,2.195290939010863,True
supplement,f10,f09,gp_pso,467,results/supplement/f09/gp_pso/seed467/history.npz,0.08418383245164432,True
supplement,f10,f09,gp_pso,468,results/supplement/f09/gp_pso/seed468/history.npz,4.01973343873538,True
supplement,f10,f09,gp_pso,469,results/supplement/f09/gp_pso/seed469/history.npz,0.0004100185596032084,True
supplement,f10,f09,gp_pso,470,results/supplement/f09/gp_pso/seed470/history.npz,5.520169895853219,True
supplement,f10,f09,gp_pso,471,results/supplement/f09/gp_pso/seed471/history.npz,0.4615134128557475,True
supplement,f10,f09,gp_pso,472,results/supplement/f09/gp_pso/seed472/history.npz,1.583094684302886,True
supplement,f10,f09,gp_pso,473,results/supplement/f09/gp_pso/seed473/history.npz,14.99810743591687,True
supplement,f10,f09,gp_pso,474,results/supplement/f09/gp_pso/seed474/history.npz,0.2357366690677805,True
supplement,f10,f09,gp_pso,475,results/supplement/f09/gp_pso/seed475/history.npz,0.026086355434939763,True
supplement,f10,f09,gp_pso,476,results/supplement/f09/gp_pso/seed476/history.npz,0.15379462849825273,True
supplement,f10,f09,gp_pso,477,results/supplement/f09/gp_pso/seed477/history.npz,0.11454388573511082,True
supplement,f10,f09,gp_pso,478,results/supplement/f09/gp_pso/seed478/history.npz,0.047188579610743395,True
supplement,f10,f09,gp_pso,479,results/supplement/f09/gp_pso/seed479/history.npz,0.14561004582556847,True
supplement,f10,f09,pinn_cmaes,450,results/supplement/f09/pinn_cmaes/seed450/history.npz,0.00022136285622543125,True
supplement,f10,f09,pinn_cmaes,451,results/supplement/f09/pinn_cmaes/seed451/history.npz,9.062379286453147e-06,True
supplement,f10,f09,pinn_cmaes,452,results/supplement/f09/pinn_cmaes/seed452/history.npz,0.051825828816868036,True
supplement,f10,f09,pinn_cmaes,453,results/supplement/f09/pinn_cmaes/seed453/history.npz,2.2407519199465875e-05,True
supplement,f10,f09,pinn_cmaes,454,results/supplement/f09/pinn_cmaes/seed454/history.npz,0.050644754703822424,True
supplement,f10,f09,pinn_cmaes,455,results/supplement/f09/pinn_cmaes/seed455/history.npz,0.05059751513524962,True
supplement,f10,f09,pinn_cmaes,456,results/supplement/f09/pinn_cmaes/seed456/history.npz,0.05059612492841649,True
supplement,f10,f09,pinn_cmaes,457,results/supplement/f09/pinn_cmaes/seed457/history.npz,0.050905925851488905,True
supplement,f10,f09,pinn_cmaes,458,results/supplement/f09/pinn_cmaes/seed458/history.npz,0.05147962599314088,True
supplement,f10,f09,pinn_cmaes,459,results/supplement/f09/pinn_cmaes/seed459/history.npz,0.05059661382142954,True
supplement,f10,f09,pinn_cmaes,460,results/supplement/f09/pinn_cmaes/seed460/history.npz,3.385687909192902e-06,True
supplement,f10,f09,pinn_cmaes,461,results/supplement/f09/pinn_cmaes/seed461/history.npz,0.05072345780095456,True
supplement,f10,f09,pinn_cmaes,462,results/supplement/f09/pinn_cmaes/seed462/history.npz,0.05061347193686816,True
supplement,f10,f09,pinn_cmaes,463,results/supplement/f09/pinn_cmaes/seed463/history.npz,0.05069503305728676,True
supplement,f10,f09,pinn_cmaes,464,results/supplement/f09/pinn_cmaes/seed464/history.npz,0.05074517163974725,True
supplement,f10,f09,pinn_cmaes,465,results/supplement/f09/pinn_cmaes/seed465/history.npz,8.617252212980747e-08,True
supplement,f10,f09,pinn_cmaes,466,results/supplement/f09/pinn_cmaes/seed466/history.npz,0.0001460057529950545,True
supplement,f10,f09,pinn_cmaes,467,results/supplement/f09/pinn_cmaes/seed467/history.npz,0.051365723015603895,True
supplement,f10,f09,pinn_cmaes,468,results/supplement/f09/pinn_cmaes/seed468/history.npz,0.05061431821943142,True
supplement,f10,f09,pinn_cmaes,469,results/supplement/f09/pinn_cmaes/seed469/history.npz,0.05059611403438058,True
supplement,f10,f09,pinn_cmaes,470,results/supplement/f09/pinn_cmaes/seed470/history.npz,0.05059878711681949,True
supplement,f10,f09,pinn_cmaes,471,results/supplement/f09/pinn_cmaes/seed471/history.npz,0.050633397148275375,True
supplement,f10,f09,pinn_cmaes,472,results/supplement/f09/pinn_cmaes/seed472/history.npz,5.358929950678001e-05,True
supplement,f10,f09,pinn_cmaes,473,results/supplement/f09/pinn_cmaes/seed473/history.npz,0.05060126908961525,True
supplement,f10,f09,pinn_cmaes,474,results/supplement/f09/pinn_cmaes/seed474/history.npz,0.05059744040672242,True
supplement,f10,f09,pinn_cmaes,475,results/supplement/f09/pinn_cmaes/seed475/history.npz,0.05060585921051093,True
supplement,f10,f09,pinn_cmaes,476,results/supplement/f09/pinn_cmaes/seed476/history.npz,4.5563778645191485e-06,True
supplement,f10,f09,pinn_cmaes,477,results/supplement/f09/pinn_cmaes/seed477/history.npz,0.05075428550933528,True
supplement,f10,f09,pinn_cmaes,478,results/supplement/f09/pinn_cmaes/seed478/history.npz,0.009883068713049063,True
supplement,f10,f09,pinn_cmaes,479,results/supplement/f09/pinn_cmaes/seed479/history.npz,0.05066120329825685,True
supplement,f10,f09,pinn_pso,450,results/supplement/f09/pinn_pso/seed450/history.npz,2.7366546186749103e-05,True
supplement,f10,f09,pinn_pso,451,results/supplement/f09/pinn_pso/seed451/history.npz,0.00017982896350400118,True
supplement,f10,f09,pinn_pso,452,results/supplement/f09/pinn_pso/seed452/history.npz,1.3801966114194673e-06,True
supplement,f10,f09,pinn_pso,453,results/supplement/f09/pinn_pso/seed453/history.npz,5.7985261757534364e-05,True
supplement,f10,f09,pinn_pso,454,results/supplement/f09/pinn_pso/seed454/history.npz,2.9151791405068973e-06,True
supplement,f10,f09,pinn_pso,455,results/supplement/f09/pinn_pso/seed455/history.npz,3.7441546774713644e-06,True
supplement,f10,f09,pinn_pso,456,results/supplement/f09/pinn_pso/seed456/history.npz,0.00040464212763288905,True
supplement,f10,f09,pinn_pso,457,results/supplement/f09/pinn_pso/seed457/history.npz,1.06830362532619e-05,True
supplement,f10,f09,pinn_pso,458,results/supplement/f09/pinn_pso/seed458/history.npz,0.00013977016977683116,True
supplement,f10,f09,pinn_pso,459,results/supplement/f09/pinn_pso/seed459/history.npz,5.200761723131201e-05,True
supplement,f10,f09,pinn_pso,460,results/supplement/f09/pinn_pso/seed460/history.npz,5.723625501669789e-05,True
supplement,f10,f09,pinn_pso,461,results/supplement/f09/pinn_pso/seed461/history.npz,0.0002434179813826193,True
supplement,f10,f09,pinn_pso,462,results/supplement/f09/pinn_pso/seed462/history.npz,2.77791375400774e-05,True
supplement,f10,f09,pinn_pso,463,results/supplement/f09/pinn_pso/seed463/history.npz,2.7838588097990814e-05,True
supplement,f10,f09,pinn_pso,464,results/supplement/f09/pinn_pso/seed464/history.npz,0.0001048178699391848,True
supplement,f10,f09,pinn_pso,465,results/supplement/f09/pinn_pso/seed465/history.npz,5.484044930292323e-06,True
supplement,f10,f09,pinn_pso,466,results/supplement/f09/pinn_pso/seed466/history.npz,4.991132401225774e-05,True
supplement,f10,f09,pinn_pso,467,results/supplement/f09/pinn_pso/seed467/history.npz,7.678549525544779e-06,True
supplement,f10,f09,pinn_pso,468,results/supplement/f09/pinn_pso/seed468/history.npz,2.913577919168491e-06,True
supplement,f10,f09,pinn_pso,469,results/supplement/f09/pinn_pso/seed469/history.npz,4.56544691424577e-06,True
supplement,f10,f09,pinn_pso,470,results/supplement/f09/pinn_pso/seed470/history.npz,0.00016166349484723625,True
supplement,f10,f09,pinn_pso,471,results/supplement/f09/pinn_pso/seed471/history.npz,6.582579459457283e-05,True
supplement,f10,f09,pinn_pso,472,results/supplement/f09/pinn_pso/seed472/history.npz,1.010585579234225e-05,True
supplement,f10,f09,pinn_pso,473,results/supplement/f09/pinn_pso/seed473/history.npz,0.0002601416268279804,True
supplement,f10,f09,pinn_pso,474,results/supplement/f09/pinn_pso/seed474/history.npz,0.0005832851047515884,True
supplement,f10,f09,pinn_pso,475,results/supplement/f09/pinn_pso/seed475/history.npz,3.402203282603398e-05,True
supplement,f10,f09,pinn_pso,476,results/supplement/f09/pinn_pso/seed476/history.npz,2.0130058295539213e-06,True
supplement,f10,f09,pinn_pso,477,results/supplement/f09/pinn_pso/seed477/history.npz,6.059454674232804e-06,True
supplement,f10,f09,pinn_pso,478,results/supplement/f09/pinn_pso/seed478/history.npz,8.107629429193516e-05,True
supplement,f10,f09,pinn_pso,479,results/supplement/f09/pinn_pso/seed479/history.npz,0.00031697388748624103,True
supplement,f10,f09,rbfn_cmaes,450,results/supplement/f09/rbfn_cmaes/seed450/history.npz,0.0916465346989259,True
supplement,f10,f09,rbfn_cmaes,451,results/supplement/f09/rbfn_cmaes/seed451/history.npz,6.2012040192496345,True
supplement,f10,f09,rbfn_cmaes,452,results/supplement/f09/rbfn_cmaes/seed452/history.npz,0.05402213107908687,True
supplement,f10,f09,rbfn_cmaes,453,results/supplement/f09/rbfn_cmaes/seed453/history.npz,0.33751744273209316,True
supplement,f10,f09,rbfn_cmaes,454,results/supplement/f09/rbfn_cmaes/seed454/history.npz,0.11863663179671359,True
supplement,f10,f09,rbfn_cmaes,455,results/supplement/f09/rbfn_cmaes/seed455/history.npz,0.29240019918655313,True
supplement,f10,f09,rbfn_cmaes,456,results/supplement/f09/rbfn_cmaes/seed456/history.npz,1.828620706773706,True
supplement,f10,f09,rbfn_cmaes,457,results/supplement/f09/rbfn_cmaes/seed457/history.npz,0.1367909100967124,True
supplement,f10,f09,rbfn_cmaes,458,results/supplement/f09/rbfn_cmaes/seed458/history.npz,0.12766742420252028,True
supplement,f10,f09,rbfn_cmaes,459,results/supplement/f09/rbfn_cmaes/seed459/history.npz,0.10575678526648039,True
supplement,f10,f09,rbfn_cmaes,460,results/supplement/f09/rbfn_cmaes/seed460/history.npz,0.05473731722794051,True
supplement,f10,f09,rbfn_cmaes,461,results/supplement/f09/rbfn_cmaes/seed461/history.npz,0.1534497716226744,True
supplement,f10,f09,rbfn_cmaes,462,results/supplement/f09/rbfn_cmaes/seed462/history.npz,0.9534055121350795,True
supplement,f10,f09,rbfn_cmaes,463,results/supplement/f09/rbfn_cmaes/seed463/history.npz,0.13776792929976722,True
supplement,f10,f09,rbfn_cmaes,464,results/supplement/f09/rbfn_cmaes/seed464/history.npz,0.25049626570694417,True
supplement,f10,f09,rbfn_cmaes,465,results/supplement/f09/rbfn_cmaes/seed465/history.npz,3.2419406977322303,True
supplement,f10,f09,rbfn_cmaes,466,results/supplement/f09/rbfn_cmaes/seed466/history.npz,0.18493290409229618,True
supplement,f10,f09,rbfn_cmaes,467,results/supplement/f09/rbfn_cmaes/seed467/history.npz,2.9343515113932783,True
supplement,f10,f09,rbfn_cmaes,468,results/supplement/f09/rbfn_cmaes/seed468/history.npz,0.1325232711607533,True
supplement,f10,f09,rbfn_cmaes,469,results/supplement/f09/rbfn_cmaes/seed469/history.npz,0.3217184538469422,True
supplement,f10,f09,rbfn_cmaes,470,results/supplement/f09/rbfn_cmaes/seed470/history.npz,1.217994920310023,True
supplement,f10,f09,rbfn_cmaes,471,results/supplement/f09/rbfn_cmaes/seed471/history.npz,0.1578461254075386,True
supplement,f10,f09,rbfn_cmaes,472,results/supplement/f09/rbfn_cmaes/seed472/history.npz,0.005872361692048609,True
supplement,f10,f09,rbfn_cmaes,473,results/supplement/f09/rbfn_cmaes/seed473/history.npz,1.1432979710026179,True
supplement,f10,f09,rbfn_cmaes,474,results/supplement/f09/rbfn_cmaes/seed474/history.npz,0.15923267115552314,True
supplement,f10,f09,rbfn_cmaes,475,results/supplement/f09/rbfn_cmaes/seed475/history.npz,0.2689047766938663,True
supplement,f10,f09,rbfn_cmaes,476,results/supplement/f09/rbfn_cmaes/seed476/history.npz,3.857144909159476,True
supplement,f10,f09,rbfn_cmaes,477,results/supplement/f09/rbfn_cmaes/seed477/history.npz,0.11354070429574484,True
supplement,f10,f09,rbfn_cmaes,478,results/supplement/f09/rbfn_cmaes/seed478/history.npz,0.35628484803912747,True
supplement,f10,f09,rbfn_cmaes,479,results/supplement/f09/rbfn_cmaes/seed479/history.npz,0.37522328282678274,True
supplement,f10,f09,rbfn_pso,450,results/supplement/f09/rbfn_pso/seed450/history.npz,0.4419907990500965,True
supplement,f10,f09,rbfn_pso,451,results/supplement/f09/rbfn_pso/seed451/history.npz,0.21599071354238933,True
supplement,f10,f09,rbfn_pso,452,results/supplement/f09/rbfn_pso/seed452/history.npz,0.4482548856224187,True
supplement,f10,f09,rbfn_pso,453,results/supplement/f09/rbfn_pso/seed453/history.npz,0.957066456639899,True
supplement,f10,f09,rbfn_pso,454,results/supplement/f09/rbfn_pso/seed454/history.npz,4.094133291224565,True
supplement,f10,f09,rbfn_pso,455,results/supplement/f09/rbfn_pso/seed455/history.npz,0.44961600668403895,True
supplement,f10,f09,rbfn_pso,456,results/supplement/f09/rbfn_pso/seed456/history.npz,0.8106570438017119,True
supplement,f10,f09,rbfn_pso,457,results/supplement/f09/rbfn_pso/seed457/history.npz,0.03840535398389033,True
supplement,f10,f09,rbfn_pso,458,results/supplement/f09/rbfn_pso/seed458/history.npz,0.0743275799753682,True
supplement,f10,f09,rbfn_pso,459,results/supplement/f09/rbfn_pso/seed459/history.npz,1.6411234941838173,True
supplement,f10,f09,rbfn_pso,460,results/supplement/f09/rbfn_pso/seed460/history.npz,0.5630521288582262,True
supplement,f10,f09,rbfn_pso,461,results/supplement/f09/rbfn_pso/seed461/history.npz,1.1644139327156173,True
supplement,f10,f09,rbfn_pso,462,results/supplement/f09/rbfn_pso/seed462/history.npz,0.7766921992218491,True
supplement,f10,f09,rbfn_pso,463,results/supplement/f09/rbfn_pso/seed463/history.npz,0.040806719198628466,True
supplement,f10,f09,rbfn_pso,464,results/supplement/f09/rbfn_pso/seed464/history.npz,10.724835962746273,True
supplement,f10,f09,rbfn_pso,465,results/supplement/f09/rbfn_pso/seed465/history.npz,0.47873288570134376,True
supplement,f10,f09,rbfn_pso,466,results/supplement/f09/rbfn_pso/seed466/history.npz,2.195290939010863,True
supplement,f10,f09,rbfn_pso,467,results/supplement/f09/rbfn_pso/seed467/history.npz,1.4674533494723043,True
supplement,f10,f09,rbfn_pso,468,results/supplement/f09/rbfn_pso/seed468/history.npz,4.01973343873538,True
supplement,f10,f09,rbfn_pso,469,results/supplement/f09/rbfn_pso/seed469/history.npz,2.9886843382291817,True
supplement,f10,f09,rbfn_pso,470,results/supplement/f09/rbfn_pso/seed470/history.npz,7.7229377836109965,True
supplement,f10,f09,rbfn_pso,471,results/supplement/f09/rbfn_pso/seed471/history.npz,0.4615134128557475,True
supplement,f10,f09,rbfn_pso,472,results/supplement/f09/rbfn_pso/seed472/history.npz,1.583094684302886,True
supplement,f10,f09,rbfn_pso,473,results/supplement/f09/rbfn_pso/seed473/history.npz,14.99810743591687,True
supplement,f10,f09,rbfn_pso,474,results/supplement/f09/rbfn_pso/seed474/history.npz,0.2357366690677805,True
supplement,f10,f09,rbfn_pso,475,results/supplement/f09/rbfn_pso/seed475/history.npz,0.026086355434939763,True
supplement,f10,f09,rbfn_pso,476,results/supplement/f09/rbfn_pso/seed476/history.npz,0.15379462849825273,True
supplement,f10,f09,rbfn_pso,477,results/supplement/f09/rbfn_pso/seed477/history.npz,0.015959863168173917,True
supplement,f10,f09,rbfn_pso,478,results/supplement/f09/rbfn_pso/seed478/history.npz,0.047188579610743395,True
supplement,f10,f09,rbfn_pso,479,results/supplement/f09/rbfn_pso/seed479/history.npz,0.14561004582556847,True
supplement,f11,f10,gp_cmaes,450,results/supplement/f10/gp_cmaes/seed450/history.npz,0.6173305754722134,True
supplement,f11,f10,gp_cmaes,451,results/supplement/f10/gp_cmaes/seed451/history.npz,3.7733012446949314,True
supplement,f11,f10,gp_cmaes,452,results/supplement/f10/gp_cmaes/seed452/history.npz,1.0397582766071136,True
supplement,f11,f10,gp_cmaes,453,results/supplement/f10/gp_cmaes/seed453/history.npz,7.716181531817771,True
supplement,f11,f10,gp_cmaes,454,results/supplement/f10/gp_cmaes/seed454/history.npz,10.640990703186347,True
supplement,f11,f10,gp_cmaes,455,results/supplement/f10/gp_cmaes/seed455/history.npz,6.536594240705089,True
supplement,f11,f10,gp_cmaes,456,results/supplement/f10/gp_cmaes/seed456/history.npz,8.778780917386108,True
supplement,f11,f10,gp_cmaes,457,results/supplement/f10/gp_cmaes/seed457/history.npz,13.94012861803133,True
supplement,f11,f10,gp_cmaes,458,results/supplement/f10/gp_cmaes/seed458/history.npz,12.076945762481737,True
supplement,f11,f10,gp_cmaes,459,results/supplement/f10/gp_cmaes/seed459/history.npz,5.446744363002896,True
supplement,f11,f10,gp_cmaes,460,results/supplement/f10/gp_cmaes/seed460/history.npz,7.269962885285667,True
supplement,f11,f10,gp_cmaes,461,results/supplement/f10/gp_cmaes/seed461/history.npz,11.210500001865016,True
supplement,f11,f10,gp_cmaes,462,results/supplement/f10/gp_cmaes/seed462/history.npz,11.426272000700967,True
supplement,f11,f10,gp_cmaes,463,results/supplement/f10/gp_cmaes/seed463/history.npz,4.32181718313473,True
supplement,f11,f10,gp_cmaes,464,results/supplement/f10/gp_cmaes/seed464/history.npz,7.552565920569922,True
supplement,f11,f10,gp_cmaes,465,results/supplement/f10/gp_cmaes/seed465/history.npz,6.38092219177069,True
supplement,f11,f10,gp_cmaes,466,results/supplement/f10/gp_cmaes/seed466/history.npz,0.4328360839619738,True
supplement,f11,f10,gp_cmaes,467,results/supplement/f10/gp_cmaes/seed467/history.npz,4.3529825714640715,True
supplement,f11,f10,gp_cmaes,468,results/supplement/f10/gp_cmaes/seed468/history.npz,8.401649392062241,True
supplement,f11,f10,gp_cmaes,469,results/supplement/f10/gp_cmaes/seed469/history.npz,7.290888776392329,True
supplement,f11,f10,gp_cmaes,470,results/supplement/f10/gp_cmaes/seed470/history.npz,5.813307836936211,True
supplement,f11,f10,gp_cmaes,471,results/supplement/f10/gp_cmaes/seed471/history.npz,8.376245277581093,True
supplement,f11,f10,gp_cmaes,472,results/supplement/f10/gp_cmaes/seed472/history.npz,6.209016191368196,True
supplement,f11,f10,gp_cmaes,473,results/supplement/f10/gp_cmaes/seed473/history.npz,4.886747937753665,True
supplement,f11,f10,gp_cmaes,474,results/supplement/f10/gp_cmaes/seed474/history.npz,2.2711530645892393,True
supplement,f11,f10,gp_cmaes,475,results/supplement/f10/gp_cmaes/seed475/history.npz,6.2122724672277485,True
supplement,f11,f10,gp_cmaes,476,results/supplement/f10/gp_cmaes/seed476/history.npz,5.951934739571783,True
supplement,f11,f10,gp_cmaes,477,results/supplement/f10/gp_cmaes/seed477/history.npz,4.599899017434016,True
supplement,f11,f10,gp_cmaes,478,results/supplement/f10/gp_cmaes/seed478/history.npz,7.7513634471878134,True
supplement,f11,f10,gp_cmaes,479,results/supplement/f10/gp_cmaes/seed479/history.npz,8.072134594636438,True
supplement,f11,f10,gp_pso,450,results/supplement/f10/gp_pso/seed450/history.npz,4.53281787120935,True
supplement,f11,f10,gp_pso,451,results/supplement/f10/gp_pso/seed451/history.npz,3.550895793061937,True
supplement,f11,f10,gp_pso,452,results/supplement/f10/gp_pso/seed452/history.npz,7.76267429799468,True
supplement,f11,f10,gp_pso,453,results/supplement/f10/gp_pso/seed453/history.npz,7.491679278712413,True
supplement,f11,f10,gp_pso,454,results/supplement/f10/gp_pso/seed454/history.npz,1.9385468586642784,True
supplement,f11,f10,gp_pso,455,results/supplement/f10/gp_pso/seed455/history.npz,2.99654550103616,True
supplement,f11,f10,gp_pso,456,results/supplement/f10/gp_pso/seed456/history.npz,6.6474136619564845,True
supplement,f11,f10,gp_pso,457,results/supplement/f10/gp_pso/seed457/history.npz,9.670486348661015,True
supplement,f11,f10,gp_pso,458,results/supplement/f10/gp_pso/seed458/history.npz,4.834760056313655,True
supplement,f11,f10,gp_pso,459,results/supplement/f10/gp_pso/seed459/history.npz,7.1710766792016205,True
supplement,f11,f10,gp_pso,460,results/supplement/f10/gp_pso/seed460/history.npz,5.156165500110767,True
supplement,f11,f10,gp_pso,461,results/supplement/f10/gp_pso/seed461/history.npz,7.702265430717937,True
supplement,f11,f10,gp_pso,462,results/supplement/f10/gp_pso/seed462/history.npz,3.423481253868499,True
supplement,f11,f10,gp_pso,463,results/supplement/f10/gp_pso/seed463/history.npz,14.155638287579873,True
supplement,f11,f10,gp_pso,464,results/supplement/f10/gp_pso/seed464/history.npz,10.683667008097943,True
supplement,f11,f10,gp_pso,465,results/supplement/f10/gp_pso/seed465/history.npz,10.645156188054319,True
supplement,f11,f10,gp_pso,466,results/supplement/f10/gp_pso/seed466/history.npz,9.126048514653888,True
supplement,f11,f10,gp_pso,467,results/supplement/f10/gp_pso/seed467/history.npz,8.042673169227061,True
supplement,f11,f10,gp_pso,468,results/supplement/f10/gp_pso/seed468/history.npz,8.35474683974199,True
supplement,f11,f10,gp_pso,469,results/supplement/f10/gp_pso/seed469/history.npz,11.83810028474578,True
supplement,f11,f10,gp_pso,470,results/supplement/f10/gp_pso/seed470/history.npz,3.6047364509388697,True
supplement,f11,f10,gp_pso,471,results/supplement/f10/gp_pso/seed471/history.npz,3.300116847159057,True
supplement,f11,f10,gp_pso,472,results/supplement/f10/gp_pso/seed472/history.npz,0.46144185376206837,True
supplement,f11,f10,gp_pso,473,results/supplement/f10/gp_pso/seed473/history.npz,3.8567792528752176,True
supplement,f11,f10,gp_pso,474,results/supplement/f10/gp_pso/seed474/history.npz,5.605885357900661,True
supplement,f11,f10,gp_pso,475,results/supplement/f10/gp_pso/seed475/history.npz,10.256774770714738,True
supplement,f11,f10,gp_pso,476,results/supplement/f10/gp_pso/seed476/history.npz,6.610599848417387,True
supplement,f11,f10,gp_pso,477,results/supplement/f10/gp_pso/seed477/history.npz,3.0231363079715234,True
supplement,f11,f10,gp_pso,478,results/supplement/f10/gp_pso/seed478/history.npz,2.8462446478345176,True
supplement,f11,f10,gp_pso,479,results/supplement/f10/gp_pso/seed479/history.npz,4.516225465025357,True
supplement,f11,f10,pinn_cmaes,450,results/supplement/f10/pinn_cmaes/seed450/history.npz,0.6757011952801482,True
supplement,f11,f10,pinn_cmaes,451,results/supplement/f10/pinn_cmaes/seed451/history.npz,2.610940039385984,True
supplement,f11,f10,pinn_cmaes,452,results/supplement/f10/pinn_cmaes/seed452/history.npz,2.8384336592370656,True
supplement,f11,f10,pinn_cmaes,453,results/supplement/f10/pinn_cmaes/seed453/history.npz,0.3551762031734609,True
supplement,f11,f10,pinn_cmaes,454,results/supplement/f10/pinn_cmaes/seed454/history.npz,2.933594557000746,True
supplement,f11,f10,pinn_cmaes,455,results/supplement/f10/pinn_cmaes/seed455/history.npz,2.9571666618969172,True
supplement,f11,f10,pinn_cmaes,456,results/supplement/f10/pinn_cmaes/seed456/history.npz,0.3750864111434713,True
supplement,f11,f10,pinn_cmaes,457,results/supplement/f10/pinn_cmaes/seed457/history.npz,0.2064771163687742,True
supplement,f11,f10,pinn_cmaes,458,results/supplement/f10/pinn_cmaes/seed458/history.npz,7.277414571086776,True
supplement,f11,f10,pinn_cmaes,459,results/supplement/f10/pinn_cmaes/seed459/history.npz,1.0971232909313042,True
supplement,f11,f10,pinn_cmaes,460,results/supplement/f10/pinn_cmaes/seed460/history.npz,2.562540229109335,True
supplement,f11,f10,pinn_cmaes,461,results/supplement/f10/pinn_cmaes/seed461/history.npz,6.639681113040805,True
supplement,f11,f10,pinn_cmaes,462,results/supplement/f10/pinn_cmaes/seed462/history.npz,0.8612178010891296,True
supplement,f11,f10,pinn_cmaes,463,results/supplement/f10/pinn_cmaes/seed463/history.npz,2.762588947391461,True
supplement,f11,f10,pinn_cmaes,464,results/supplement/f10/pinn_cmaes/seed464/history.npz,0.5873592230592704,True
supplement,f11,f10,pinn_cmaes,465,results/supplement/f10/pinn_cmaes/seed465/history.npz,2.7559922834448227,True
supplement,f11,f10,pinn_cmaes,466,results/supplement/f10/pinn_cmaes/seed466/history.npz,0.4328360839619738,True
supplement,f11,f10,pinn_cmaes,467,results/supplement/f10/pinn_cmaes/seed467/history.npz,0.41625264971910925,True
supplement,f11,f10,pinn_cmaes,468,results/supplement/f10/pinn_cmaes/seed468/history.npz,8.401649392062241,True
supplement,f11,f10,pinn_cmaes,469,results/supplement/f10/pinn_cmaes/seed469/history.npz,1.8115239878351415,True
supplement,f11,f10,pinn_cmaes,470,results/supplement/f10/pinn_cmaes/seed470/history.npz,0.6221919756162859,True
supplement,f11,f10,pinn_cmaes,471,results/supplement/f10/pinn_cmaes/seed471/history.npz,0.4746942200060009,True
supplement,f11,f10,pinn_cmaes,472,results/supplement/f10/pinn_cmaes/seed472/history.npz,0.6661673364904712,True
supplement,f11,f10,pinn_cmaes,473,results/supplement/f10/pinn_cmaes/seed473/history.npz,0.21904830481508286,True
supplement,f11,f10,pinn_cmaes,474,results/supplement/f10/pinn_cmaes/seed474/history.npz,2.843901497324865,True
supplement,f11,f10,pinn_cmaes,475,results/supplement/f10/pinn_cmaes/seed475/history.npz,1.3667961098879151,True
supplement,f11,f10,pinn_cmaes,476,results/supplement/f10/pinn_cmaes/seed476/history.npz,1.1990098882365143,True
supplement,f11,f10,pinn_cmaes,477,results/supplement/f10/pinn_cmaes/seed477/history.npz,1.4434232796347577,True
supplement,f11,f10,pinn_cmaes,478,results/supplement/f10/pinn_cmaes/seed478/history.npz,2.5963915771403703,True
supplement,f11,f10,pinn_cmaes,479,results/supplement/f10/pinn_cmaes/seed479/history.npz,0.16648837078818035,True
supplement,f11,f10,pinn_pso,450,results/supplement/f10/pinn_pso/seed450/history.npz,0.06926765748340857,True
supplement,f11,f10,pinn_pso,451,results/supplement/f10/pinn_pso/seed451/history.npz,0.15247585553470744,True
supplement,f11,f10,pinn_pso,452,results/supplement/f10/pinn_pso/seed452/history.npz,1.962864167168036,True
supplement,f11,f10,pinn_pso,453,results/supplement/f10/pinn_pso/seed453/history.npz,0.29589886618804373,True
supplement,f11,f10,pinn_pso,454,results/supplement/f10/pinn_pso/seed454/history.npz,0.057129937143788556,True
supplement,f11,f10,pinn_pso,455,results/supplement/f10/pinn_pso/seed455/history.npz,0.34867743558093567,True
supplement,f11,f10,pinn_pso,456,results/supplement/f10/pinn_pso/seed456/history.npz,0.15355311697607776,True
supplement,f11,f10,pinn_pso,457,results/supplement/f10/pinn_pso/seed457/history.npz,2.019354186211747,True
supplement,f11,f10,pinn_pso,458,results/supplement/f10/pinn_pso/seed458/history.npz,2.2807977865387348,True
supplement,f11,f10,pinn_pso,459,results/supplement/f10/pinn_pso/seed459/history.npz,2.0119766075024654,True
supplement,f11,f10,pinn_pso,460,results/supplement/f10/pinn_pso/seed460/history.npz,0.2036356325055455,True
supplement,f11,f10,pinn_pso,461,results/supplement/f10/pinn_pso/seed461/history.npz,2.2528354998864377,True
supplement,f11,f10,pinn_pso,462,results/supplement/f10/pinn_pso/seed462/history.npz,1.4812166743962263,True
supplement,f11,f10,pinn_pso,463,results/supplement/f10/pinn_pso/seed463/history.npz,0.10705771276155973,True
supplement,f11,f10,pinn_pso,464,results/supplement/f10/pinn_pso/seed464/history.npz,1.2456674438422017,True
supplement,f11,f10,pinn_pso,465,results/supplement/f10/pinn_pso/seed465/history.npz,1.0064512898373619,True
supplement,f11,f10,pinn_pso,466,results/supplement/f10/pinn_pso/seed466/history.npz,0.12014539366665078,True
supplement,f11,f10,pinn_pso,467,results/supplement/f10/pinn_pso/seed467/history.npz,0.5670282442955465,True
supplement,f11,f10,pinn_pso,468,results/supplement/f10/pinn_pso/seed468/history.npz,0.32227610480763547,True
supplement,f11,f10,pinn_pso,469,results/supplement/f10/pinn_pso/seed469/history.npz,1.2915132200230492,True
supplement,f11,f10,pinn_pso,470,results/supplement/f10/pinn_pso/seed470/history.npz,2.455037886637396,True
supplement,f11,f10,pinn_pso,471,results/supplement/f10/pinn_pso/seed471/history.npz,2.6395077537004856,True
supplement,f11,f10,pinn_pso,472,results/supplement/f10/pinn_pso/seed472/history.npz,2.3233915440620625,True
supplement,f11,f10,pinn_pso,473,results/supplement/f10/pinn_pso/seed473/history.npz,0.06869993461841917,True
supplement,f11,f10,pinn_pso,474,results/supplement/f10/pinn_pso/seed474/history.npz,1.1343010692502067,True
supplement,f11,f10,pinn_pso,475,results/supplement/f10/pinn_pso/seed475/history.npz,1.9346596839507453,True
supplement,f11,f10,pinn_pso,476,results/supplement/f10/pinn_pso/seed476/history.npz,1.3192746076250335,True
supplement,f11,f10,pinn_pso,477,results/supplement/f10/pinn_pso/seed477/history.npz,1.1733673273842595,True
supplement,f11,f10,pinn_pso,478,results/supplement/f10/pinn_pso/seed478/history.npz,0.18554383962984078,True
supplement,f11,f10,pinn_pso,479,results/supplement/f10/pinn_pso/seed479/history.npz,0.36900391669870247,True
supplement,f11,f10,rbfn_cmaes,450,results/supplement/f10/rbfn_cmaes/seed450/history.npz,7.269962885285667,True
supplement,f11,f10,rbfn_cmaes,451,results/supplement/f10/rbfn_cmaes/seed451/history.npz,11.10179328387068,True
supplement,f11,f10,rbfn_cmaes,452,results/supplement/f10/rbfn_cmaes/seed452/history.npz,2.8384336592370656,True
supplement,f11,f10,rbfn_cmaes,453,results/supplement/f10/rbfn_cmaes/seed453/history.npz,7.716181531817771,True
supplement,f11,f10,rbfn_cmaes,454,results/supplement/f10/rbfn_cmaes/seed454/history.npz,10.640990703186347,True
supplement,f11,f10,rbfn_cmaes,455,results/supplement/f10/rbfn_cmaes/seed455/history.npz,7.757914012367781,True
supplement,f11,f10,rbfn_cmaes,456,results/supplement/f10/rbfn_cmaes/seed456/history.npz,11.873298053558944,True
supplement,f11,f10,rbfn_cmaes,457,results/supplement/f10/rbfn_cmaes/seed457/history.npz,8.529106964147987,True
supplement,f11,f10,rbfn_cmaes,458,results/supplement/f10/rbfn_cmaes/seed458/history.npz,12.076945762481737,True
supplement,f11,f10,rbfn_cmaes,459,results/supplement/f10/rbfn_cmaes/seed459/history.npz,5.446744363002896,True
supplement,f11,f10,rbfn_cmaes,460,results/supplement/f10/rbfn_cmaes/seed460/history.npz,7.269962885285667,True
supplement,f11,f10,rbfn_cmaes,461,results/supplement/f10/rbfn_cmaes/seed461/history.npz,11.210500001865016,True
supplement,f11,f10,rbfn_cmaes,462,results/supplement/f10/rbfn_cmaes/seed462/history.npz,11.426272000700967,True
supplement,f11,f10,rbfn_cmaes,463,results/supplement/f10/rbfn_cmaes/seed463/history.npz,4.32181718313473,True
supplement,f11,f10,rbfn_cmaes,464,results/supplement/f10/rbfn_cmaes/seed464/history.npz,2.647413448839942,True
supplement,f11,f10,rbfn_cmaes,465,results/supplement/f10/rbfn_cmaes/seed465/history.npz,5.022146354720881,True
supplement,f11,f10,rbfn_cmaes,466,results/supplement/f10/rbfn_cmaes/seed466/history.npz,0.4328360839619738,True
supplement,f11,f10,rbfn_cmaes,467,results/supplement/f10/rbfn_cmaes/seed467/history.npz,7.490125194755251,True
supplement,f11,f10,rbfn_cmaes,468,results/supplement/f10/rbfn_cmaes/seed468/history.npz,8.401649392062241,True
supplement,f11,f10,rbfn_cmaes,469,results/supplement/f10/rbfn_cmaes/seed469/history.npz,12.176777306326244,True
supplement,f11,f10,rbfn_cmaes,470,results/supplement/f10/rbfn_cmaes/seed470/history.npz,12.135712194273419,True
supplement,f11,f10,rbfn_cmaes,471,results/supplement/f10/rbfn_cmaes/seed471/history.npz,8.376245277581093,True
supplement,f11,f10,rbfn_cmaes,472,results/supplement/f10/rbfn_cmaes/seed472/history.npz,10.513095867660663,True
supplement,f11,f10,rbfn_cmaes,473,results/supplement/f10/rbfn_cmaes/seed473/history.npz,14.774920167040591,True
supplement,f11,f10,rbfn_cmaes,474,results/supplement/f10/rbfn_cmaes/seed474/history.npz,7.669443949692198,True
supplement,f11,f10,rbfn_cmaes,475,results/supplement/f10/rbfn_cmaes/seed475/history.npz,6.2122724672277485,True
supplement,f11,f10,rbfn_cmaes,476,results/supplement/f10/rbfn_cmaes/seed476/history.npz,9.73004386018208,True
supplement,f11,f10,rbfn_cmaes,477,results/supplement/f10/rbfn_cmaes/seed477/history.npz,4.599899017434016,True
supplement,f11,f10,rbfn_cmaes,478,results/supplement/f10/rbfn_cmaes/seed478/history.npz,7.7513634471878134,True
supplement,f11,f10,rbfn_cmaes,479,results/supplement/f10/rbfn_cmaes/seed479/history.npz,8.072134594636438,True
supplement,f11,f10,rbfn_pso,450,results/supplement/f10/rbfn_pso/seed450/history.npz,7.999130861562421,True
supplement,f11,f10,rbfn_pso,451,results/supplement/f10/rbfn_pso/seed451/history.npz,3.550895793061937,True
supplement,f11,f10,rbfn_pso,452,results/supplement/f10/rbfn_pso/seed452/history.npz,10.360767771883351,True
supplement,f11,f10,rbfn_pso,453,results/supplement/f10/rbfn_pso/seed453/history.npz,7.269962885285667,True
supplement,f11,f10,rbfn_pso,454,results/supplement/f10/rbfn_pso/seed454/history.npz,3.7102149217327924,True
supplement,f11,f10,rbfn_pso,455,results/supplement/f10/rbfn_pso/seed455/history.npz,2.685626371647406,True
supplement,f11,f10,rbfn_pso,456,results/supplement/f10/rbfn_pso/seed456/history.npz,3.990935527993259,True
supplement,f11,f10,rbfn_pso,457,results/supplement/f10/rbfn_pso/seed457/history.npz,9.670486348661015,True
supplement,f11,f10,rbfn_pso,458,results/supplement/f10/rbfn_pso/seed458/history.npz,4.834760056313655,True
supplement,f11,f10,rbfn_pso,459,results/supplement/f10/rbfn_pso/seed459/history.npz,6.101574962548305,True
supplement,f11,f10,rbfn_pso,460,results/supplement/f10/rbfn_pso/seed460/history.npz,8.521576892175407,True
supplement,f11,f10,rbfn_pso,461,results/supplement/f10/rbfn_pso/seed461/history.npz,7.702265430717937,True
supplement,f11,f10,rbfn_pso,462,results/supplement/f10/rbfn_pso/seed462/history.npz,10.185848936058406,True
supplement,f11,f10,rbfn_pso,463,results/supplement/f10/rbfn_pso/seed463/history.npz,14.155638287579873,True
supplement,f11,f10,rbfn_pso,464,results/supplement/f10/rbfn_pso/seed464/history.npz,0.8651134652720782,True
supplement,f11,f10,rbfn_pso,465,results/supplement/f10/rbfn_pso/seed465/history.npz,10.645156188054319,True
supplement,f11,f10,rbfn_pso,466,results/supplement/f10/rbfn_pso/seed466/history.npz,10.763342564048278,True
supplement,f11,f10,rbfn_pso,467,results/supplement/f10/rbfn_pso/seed467/history.npz,8.042673169227061,True
supplement,f11,f10,rbfn_pso,468,results/supplement/f10/rbfn_pso/seed468/history.npz,6.546264102639331,True
supplement,f11,f10,rbfn_pso,469,results/supplement/f10/rbfn_pso/seed469/history.npz,11.83810028474578,True
supplement,f11,f10,rbfn_pso,470,results/supplement/f10/rbfn_pso/seed470/history.npz,10.239205818568546,True
supplement,f11,f10,rbfn_pso,471,results/supplement/f10/rbfn_pso/seed471/history.npz,3.300116847159057,True
supplement,f11,f10,rbfn_pso,472,results/supplement/f10/rbfn_pso/seed472/history.npz,4.023593886161134,True
supplement,f11,f10,rbfn_pso,473,results/supplement/f10/rbfn_pso/seed473/history.npz,13.029389330009636,True
supplement,f11,f10,rbfn_pso,474,results/supplement/f10/rbfn_pso/seed474/history.npz,5.605885357900661,True
supplement,f11,f10,rbfn_pso,475,results/supplement/f10/rbfn_pso/seed475/history.npz,5.200575795285555,True
supplement,f11,f10,rbfn_pso,476,results/supplement/f10/rbfn_pso/seed476/history.npz,11.418325669596257,True
supplement,f11,f10,rbfn_pso,477,results/supplement/f10/rbfn_pso/seed477/history.npz,3.0231363079715234,True
supplement,f11,f10,rbfn_pso,478,results/supplement/f10/rbfn_pso/seed478/history.npz,3.145819919085128,True
supplement,f11,f10,rbfn_pso,479,results/supplement/f10/rbfn_pso/seed479/history.npz,4.516225465025357,True
supplement,f06,f12,gp_cmaes,450,results/supplement/f12/gp_cmaes/seed450/history.npz,0.11909315005715537,True
supplement,f06,f12,gp_cmaes,451,results/supplement/f12/gp_cmaes/seed451/history.npz,0.018849022675230774,True
supplement,f06,f12,gp_cmaes,452,results/supplement/f12/gp_cmaes/seed452/history.npz,0.0018173731111187034,True
supplement,f06,f12,gp_cmaes,453,results/supplement/f12/gp_cmaes/seed453/history.npz,0.045434404358194604,True
supplement,f06,f12,gp_cmaes,454,results/supplement/f12/gp_cmaes/seed454/history.npz,1.0253811566311634e-05,True
supplement,f06,f12,gp_cmaes,455,results/supplement/f12/gp_cmaes/seed455/history.npz,0.9999602750298282,True
supplement,f06,f12,gp_cmaes,456,results/supplement/f12/gp_cmaes/seed456/history.npz,0.01657862961804368,True
supplement,f06,f12,gp_cmaes,457,results/supplement/f12/gp_cmaes/seed457/history.npz,0.018902908023936068,True
supplement,f06,f12,gp_cmaes,458,results/supplement/f12/gp_cmaes/seed458/history.npz,5.458816322344498e-05,True
supplement,f06,f12,gp_cmaes,459,results/supplement/f12/gp_cmaes/seed459/history.npz,2.265944127606196e-06,True
supplement,f06,f12,gp_cmaes,460,results/supplement/f12/gp_cmaes/seed460/history.npz,0.07305365099280717,True
supplement,f06,f12,gp_cmaes,461,results/supplement/f12/gp_cmaes/seed461/history.npz,2.0926090966631749e-07,True
supplement,f06,f12,gp_cmaes,462,results/supplement/f12/gp_cmaes/seed462/history.npz,1.7980890230049413e-06,True
supplement,f06,f12,gp_cmaes,463,results/supplement/f12/gp_cmaes/seed463/history.npz,0.018040901881027412,True
supplement,f06,f12,gp_cmaes,464,results/supplement/f12/gp_cmaes/seed464/history.npz,0.0011803599406619376,True
supplement,f06,f12,gp_cmaes,465,results/supplement/f12/gp_cmaes/seed465/history.npz,9.793964681832763e-07,True
supplement,f06,f12,gp_cmaes,466,results/supplement/f12/gp_cmaes/seed466/history.npz,0.015640488469480882,True
supplement,f06,f12,gp_cmaes,467,results/supplement/f12/gp_cmaes/seed467/history.npz,3.530147172012039e-07,True
supplement,f06,f12,gp_cmaes,468,results/supplement/f12/gp_cmaes/seed468/history.npz,1.5615151429943748e-06,True
supplement,f06,f12,gp_cmaes,469,results/supplement/f12/gp_cmaes/seed469/history.npz,5.547432085217172e-06,True
supplement,f06,f12,gp_cmaes,470,results/supplement/f12/gp_cmaes/seed470/history.npz,0.002298992490525252,True
supplement,f06,f12,gp_cmaes,471,results/supplement/f12/gp_cmaes/seed471/history.npz,1.3023010085836245e-05,True
supplement,f06,f12,gp_cmaes,472,results/supplement/f12/gp_cmaes/seed472/history.npz,5.680574843323173e-08,True
supplement,f06,f12,gp_cmaes,473,results/supplement/f12/gp_cmaes/seed473/history.npz,0.004059944220009779,True
supplement,f06,f12,gp_cmaes,474,results/supplement/f12/gp_cmaes/seed474/history.npz,0.9138807024862627,True
supplement,f06,f12,gp_cmaes,475,results/supplement/f12/gp_cmaes/seed475/history.npz,0.004561629140991924,True
supplement,f06,f12,gp_cmaes,476,results/supplement/f12/gp_cmaes/seed476/history.npz,4.311775304159612e-05,True
supplement,f06,f12,gp_cmaes,477,results/supplement/f12/gp_cmaes/seed477/history.npz,7.553564349737371e-06,True
supplement,f06,f12,gp_cmaes,478,results/supplement/f12/gp_cmaes/seed478/history.npz,0.001611736045708234,True
supplement,f06,f12,gp_cmaes,479,results/supplement/f12/gp_cmaes/seed479/history.npz,2.9219438923864637e-05,True
supplement,f06,f12,gp_pso,450,results/supplement/f12/gp_pso/seed450/history.npz,1.443325369985747e-07,True
supplement,f06,f12,gp_pso,451,results/supplement/f12/gp_pso/seed451/history.npz,0.01754750877708072,True
supplement,f06,f12,gp_pso,452,results/supplement/f12/gp_pso/seed452/history.npz,2.851773250218362e-07,True
supplement,f06,f12,gp_pso,453,results/supplement/f12/gp_pso/seed453/history.npz,0.00888651591715474,True
supplement,f06,f12,gp_pso,454,results/supplement/f12/gp_pso/seed454/history.npz,0.098165981536407,True
supplement,f06,f12,gp_pso,455,results/supplement/f12/gp_pso/seed455/history.npz,3.2559377846644773e-06,True
supplement,f06,f12,gp_pso,456,results/supplement/f12/gp_pso/seed456/history.npz,1.4383141907102195e-05,True
supplement,f06,f12,gp_pso,457,results/supplement/f12/gp_pso/seed457/history.npz,0.006789704410936071,True
supplement,f06,f12,gp_pso,458,results/supplement/f12/gp_pso/seed458/history.npz,5.026343201715779e-09,True
supplement,f06,f12,gp_pso,459,results/supplement/f12/gp_pso/seed459/history.npz,0.0235302064493264,True
supplement,f06,f12,gp_pso,460,results/supplement/f12/gp_pso/seed460/history.npz,0.0017124799600930674,True
supplement,f06,f12,gp_pso,461,results/supplement/f12/gp_pso/seed461/history.npz,6.421327589713843e-06,True
supplement,f06,f12,gp_pso,462,results/supplement/f12/gp_pso/seed462/history.npz,0.00031271557406041935,True
supplement,f06,f12,gp_pso,463,results/supplement/f12/gp_pso/seed463/history.npz,0.0011660788915936356,True
supplement,f06,f12,gp_pso,464,results/supplement/f12/gp_pso/seed464/history.npz,0.0004478344726565266,True
supplement,f06,f12,gp_pso,465,results/supplement/f12/gp_pso/seed465/history.npz,7.489160699890804e-06,True
supplement,f06,f12,gp_pso,466,results/supplement/f12/gp_pso/seed466/history.npz,0.00906652895900339,True
supplement,f06,f12,gp_pso,467,results/supplement/f12/gp_pso/seed467/history.npz,0.00013528863310770936,True
supplement,f06,f12,gp_pso,468,results/supplement/f12/gp_pso/seed468/history.npz,7.944658176449577e-09,True
supplement,f06,f12,gp_pso,469,results/supplement/f12/gp_pso/seed469/history.npz,0.000994925905235084,True
supplement,f06,f12,gp_pso,470,results/supplement/f12/gp_pso/seed470/history.npz,0.05283574005274964,True
supplement,f06,f12,gp_pso,471,results/supplement/f12/gp_pso/seed471/history.npz,0.005918664031972121,True
supplement,f06,f12,gp_pso,472,results/supplement/f12/gp_pso/seed472/history.npz,7.228670950055243e-05,True
supplement,f06,f12,gp_pso,473,results/supplement/f12/gp_pso/seed473/history.npz,0.07636220342637397,True
supplement,f06,f12,gp_pso,474,results/supplement/f12/gp_pso/seed474/history.npz,0.03953242209499891,True
supplement,f06,f12,gp_pso,475,results/supplement/f12/gp_pso/seed475/history.npz,9.245935129378601e-07,True
supplement,f06,f12,gp_pso,476,results/supplement/f12/gp_pso/seed476/history.npz,0.0020528893699368975,True
supplement,f06,f12,gp_pso,477,results/supplement/f12/gp_pso/seed477/history.npz,2.7373911574729123e-06,True
supplement,f06,f12,gp_pso,478,results/supplement/f12/gp_pso/seed478/history.npz,0.024780763809275255,True
supplement,f06,f12,gp_pso,479,results/supplement/f12/gp_pso/seed479/history.npz,0.0643452645796685,True
supplement,f06,f12,pinn_cmaes,450,results/supplement/f12/pinn_cmaes/seed450/history.npz,0.0980033998329394,True
supplement,f06,f12,pinn_cmaes,451,results/supplement/f12/pinn_cmaes/seed451/history.npz,0.024413860542068226,True
supplement,f06,f12,pinn_cmaes,452,results/supplement/f12/pinn_cmaes/seed452/history.npz,0.01908180227732929,True
supplement,f06,f12,pinn_cmaes,453,results/supplement/f12/pinn_cmaes/seed453/history.npz,0.018000094612710547,True
supplement,f06,f12,pinn_cmaes,454,results/supplement/f12/pinn_cmaes/seed454/history.npz,0.027724919012656002,True
supplement,f06,f12,pinn_cmaes,455,results/supplement/f12/pinn_cmaes/seed455/history.npz,0.45096420289898703,True
supplement,f06,f12,pinn_cmaes,456,results/supplement/f12/pinn_cmaes/seed456/history.npz,0.01657862961804368,True
supplement,f06,f12,pinn_cmaes,457,results/supplement/f12/pinn_cmaes/seed457/history.npz,0.02018802138188076,True
supplement,f06,f12,pinn_cmaes,458,results/supplement/f12/pinn_cmaes/seed458/history.npz,0.024590279107694464,True
supplement,f06,f12,pinn_cmaes,459,results/supplement/f12/pinn_cmaes/seed459/history.npz,0.07327985206092809,True
supplement,f06,f12,pinn_cmaes,460,results/supplement/f12/pinn_cmaes/seed460/history.npz,1.000167421370622,True
supplement,f06,f12,pinn_cmaes,461,results/supplement/f12/pinn_cmaes/seed461/history.npz,0.011668604993440952,True
supplement,f06,f12,pinn_cmaes,462,results/supplement/f12/pinn_cmaes/seed462/history.npz,0.056194343845105174,True
supplement,f06,f12,pinn_cmaes,463,results/supplement/f12/pinn_cmaes/seed463/history.npz,0.018040901881027412,True
supplement,f06,f12,pinn_cmaes,464,results/supplement/f12/pinn_cmaes/seed464/history.npz,0.008441056797059143,True
supplement,f06,f12,pinn_cmaes,465,results/supplement/f12/pinn_cmaes/seed465/history.npz,0.018000000001431208,True
supplement,f06,f12,pinn_cmaes,466,results/supplement/f12/pinn_cmaes/seed466/history.npz,0.08865432450298141,True
supplement,f06,f12,pinn_cmaes,467,results/supplement/f12/pinn_cmaes/seed467/history.npz,0.012895294931075996,True
supplement,f06,f12,pinn_cmaes,468,results/supplement/f12/pinn_cmaes/seed468/history.npz,0.016266614367381985,True
supplement,f06,f12,pinn_cmaes,469,results/supplement/f12/pinn_cmaes/seed469/history.npz,0.02913700302759398,True
supplement,f06,f12,pinn_cmaes,470,results/supplement/f12/pinn_cmaes/seed470/history.npz,0.023729819705390773,True
supplement,f06,f12,pinn_cmaes,471,results/supplement/f12/pinn_cmaes/seed471/history.npz,0.0010005415391330596,True
supplement,f06,f12,pinn_cmaes,472,results/supplement/f12/pinn_cmaes/seed472/history.npz,0.008022874395832264,True
supplement,f06,f12,pinn_cmaes,473,results/supplement/f12/pinn_cmaes/seed473/history.npz,0.003982165631528582,True
supplement,f06,f12,pinn_cmaes,474,results/supplement/f12/pinn_cmaes/seed474/history.npz,0.9138807024862627,True
supplement,f06,f12,pinn_cmaes,475,results/supplement/f12/pinn_cmaes/seed475/history.npz,0.027040307418592393,True
supplement,f06,f12,pinn_cmaes,476,results/supplement/f12/pinn_cmaes/seed476/history.npz,0.020912978465208464,True
supplement,f06,f12,pinn_cmaes,477,results/supplement/f12/pinn_cmaes/seed477/history.npz,0.003345949657064448,True
supplement,f06,f12,pinn_cmaes,478,results/supplement/f12/pinn_cmaes/seed478/history.npz,0.0187938752809487,True
supplement,f06,f12,pinn_cmaes,479,results/supplement/f12/pinn_cmaes/seed479/history.npz,0.10465148694104379,True
supplement,f06,f12,pinn_pso,450,results/supplement/f12/pinn_pso/seed450/history.npz,0.0038471732340899455,True
supplement,f06,f12,pinn_pso,451,results/supplement/f12/pinn_pso/seed451/history.npz,0.036505712966214084,True
supplement,f06,f12,pinn_pso,452,results/supplement/f12/pinn_pso/seed452/history.npz,0.003274970583799378,True
supplement,f06,f12,pinn_pso,453,results/supplement/f12/pinn_pso/seed453/history.npz,0.01903898391319994,True
supplement,f06,f12,pinn_pso,454,results/supplement/f12/pinn_pso/seed454/history.npz,0.09800001279349713,True
supplement,f06,f12,pinn_pso,455,results/supplement/f12/pinn_pso/seed455/history.npz,0.010007839669442948,True
supplement,f06,f12,pinn_pso,456,results/supplement/f12/pinn_pso/seed456/history.npz,0.03644048060247658,True
supplement,f06,f12,pinn_pso,457,results/supplement/f12/pinn_pso/seed457/history.npz,0.012388955299098335,True
supplement,f06,f12,pinn_pso,458,results/supplement/f12/pinn_pso/seed458/history.npz,0.0006222153708779329,True
supplement,f06,f12,pinn_pso,459,results/supplement/f12/pinn_pso/seed459/history.npz,0.08180573795856204,True
supplement,f06,f12,pinn_pso,460,results/supplement/f12/pinn_pso/seed460/history.npz,0.0180110726287104,True
supplement,f06,f12,pinn_pso,461,results/supplement/f12/pinn_pso/seed461/history.npz,0.0028270062274860287,True
supplement,f06,f12,pinn_pso,462,results/supplement/f12/pinn_pso/seed462/history.npz,0.008088565118259963,True
supplement,f06,f12,pinn_pso,463,results/supplement/f12/pinn_pso/seed463/history.npz,0.214945705355635,True
supplement,f06,f12,pinn_pso,464,results/supplement/f12/pinn_pso/seed464/history.npz,0.011035382822754302,True
supplement,f06,f12,pinn_pso,465,results/supplement/f12/pinn_pso/seed465/history.npz,0.0010726251193008715,True
supplement,f06,f12,pinn_pso,466,results/supplement/f12/pinn_pso/seed466/history.npz,0.09800139566349354,True
supplement,f06,f12,pinn_pso,467,results/supplement/f12/pinn_pso/seed467/history.npz,0.06581483170589628,True
supplement,f06,f12,pinn_pso,468,results/supplement/f12/pinn_pso/seed468/history.npz,0.00591695554068773,True
supplement,f06,f12,pinn_pso,469,results/supplement/f12/pinn_pso/seed469/history.npz,0.044199445605658694,True
supplement,f06,f12,pinn_pso,470,results/supplement/f12/pinn_pso/seed470/history.npz,0.032081810933839,True
supplement,f06,f12,pinn_pso,471,results/supplement/f12/pinn_pso/seed471/history.npz,0.1173848153297952,True
supplement,f06,f12,pinn_pso,472,results/supplement/f12/pinn_pso/seed472/history.npz,0.0027206330906515736,True
supplement,f06,f12,pinn_pso,473,results/supplement/f12/pinn_pso/seed473/history.npz,0.31706313086433746,True
supplement,f06,f12,pinn_pso,474,results/supplement/f12/pinn_pso/seed474/history.npz,0.07944918848256524,True
supplement,f06,f12,pinn_pso,475,results/supplement/f12/pinn_pso/seed475/history.npz,0.0034910702864778737,True
supplement,f06,f12,pinn_pso,476,results/supplement/f12/pinn_pso/seed476/history.npz,0.0008031135534831235,True
supplement,f06,f12,pinn_pso,477,results/supplement/f12/pinn_pso/seed477/history.npz,0.06201637053785206,True
supplement,f06,f12,pinn_pso,478,results/supplement/f12/pinn_pso/seed478/history.npz,0.02596083096536976,True
supplement,f06,f12,pinn_pso,479,results/supplement/f12/pinn_pso/seed479/history.npz,0.018587263687833453,True
supplement,f06,f12,rbfn_cmaes,450,results/supplement/f12/rbfn_cmaes/seed450/history.npz,0.11909315005715537,True
supplement,f06,f12,rbfn_cmaes,451,results/supplement/f12/rbfn_cmaes/seed451/history.npz,0.024413860542068226,True
supplement,f06,f12,rbfn_cmaes,452,results/supplement/f12/rbfn_cmaes/seed452/history.npz,0.48981278454410737,True
supplement,f06,f12,rbfn_cmaes,453,results/supplement/f12/rbfn_cmaes/seed453/history.npz,0.33148781019712104,True
supplement,f06,f12,rbfn_cmaes,454,results/supplement/f12/rbfn_cmaes/seed454/history.npz,0.4553392682088211,True
supplement,f06,f12,rbfn_cmaes,455,results/supplement/f12/rbfn_cmaes/seed455/history.npz,0.9999602750298282,True
supplement,f06,f12,rbfn_cmaes,456,results/supplement/f12/rbfn_cmaes/seed456/history.npz,0.01657862961804368,True
supplement,f06,f12,rbfn_cmaes,457,results/supplement/f12/rbfn_cmaes/seed457/history.npz,0.02018802138188076,True
supplement,f06,f12,rbfn_cmaes,458,results/supplement/f12/rbfn_cmaes/seed458/history.npz,1.4781541143979243e-05,True
supplement,f06,f12,rbfn_cmaes,459,results/supplement/f12/rbfn_cmaes/seed459/history.npz,0.07327985206092809,True
supplement,f06,f12,rbfn_cmaes,460,results/supplement/f12/rbfn_cmaes/seed460/history.npz,0.9999999421900931,True
supplement,f06,f12,rbfn_cmaes,461,results/supplement/f12/rbfn_cmaes/seed461/history.npz,0.011668604993440952,True
supplement,f06,f12,rbfn_cmaes,462,results/supplement/f12/rbfn_cmaes/seed462/history.npz,0.2589442734924327,True
supplement,f06,f12,rbfn_cmaes,463,results/supplement/f12/rbfn_cmaes/seed463/history.npz,0.018040901881027412,True
supplement,f06,f12,rbfn_cmaes,464,results/supplement/f12/rbfn_cmaes/seed464/history.npz,0.008441056797059143,True
supplement,f06,f12,rbfn_cmaes,465,results/supplement/f12/rbfn_cmaes/seed465/history.npz,0.003995718662264017,True
supplement,f06,f12,rbfn_cmaes,466,results/supplement/f12/rbfn_cmaes/seed466/history.npz,7.133797552862185e-06,True
supplement,f06,f12,rbfn_cmaes,467,results/supplement/f12/rbfn_cmaes/seed467/history.npz,0.012895294931075996,True
supplement,f06,f12,rbfn_cmaes,468,results/supplement/f12/rbfn_cmaes/seed468/history.npz,0.044063047994559304,True
supplement,f06,f12,rbfn_cmaes,469,results/supplement/f12/rbfn_cmaes/seed469/history.npz,0.03204870807641017,True
supplement,f06,f12,rbfn_cmaes,470,results/supplement/f12/rbfn_cmaes/seed470/history.npz,0.019526238489890633,True
supplement,f06,f12,rbfn_cmaes,471,results/supplement/f12/rbfn_cmaes/seed471/history.npz,0.0013523583329104788,True
supplement,f06,f12,rbfn_cmaes,472,results/supplement/f12/rbfn_cmaes/seed472/history.npz,0.008022874395832264,True
supplement,f06,f12,rbfn_cmaes,473,results/supplement/f12/rbfn_cmaes/seed473/history.npz,0.04052480654513257,True
supplement,f06,f12,rbfn_cmaes,474,results/supplement/f12/rbfn_cmaes/seed474/history.npz,0.9138807024862627,True
supplement,f06,f12,rbfn_cmaes,475,results/supplement/f12/rbfn_cmaes/seed475/history.npz,0.027040307418592393,True
supplement,f06,f12,rbfn_cmaes,476,results/supplement/f12/rbfn_cmaes/seed476/history.npz,0.9625427841510206,True
supplement,f06,f12,rbfn_cmaes,477,results/supplement/f12/rbfn_cmaes/seed477/history.npz,0.0019493957437169357,True
supplement,f06,f12,rbfn_cmaes,478,results/supplement/f12/rbfn_cmaes/seed478/history.npz,0.0031585459153177313,True
supplement,f06,f12,rbfn_cmaes,479,results/supplement/f12/rbfn_cmaes/seed479/history.npz,0.001976760301292231,True
supplement,f06,f12,rbfn_pso,450,results/supplement/f12/rbfn_pso/seed450/history.npz,0.0015553384064435263,True
supplement,f06,f12,rbfn_pso,451,results/supplement/f12/rbfn_pso/seed451/history.npz,0.0638311629904214,True
supplement,f06,f12,rbfn_pso,452,results/supplement/f12/rbfn_pso/seed452/history.npz,0.0009865968448756408,True
supplement,f06,f12,rbfn_pso,453,results/supplement/f12/rbfn_pso/seed453/history.npz,0.03451949931360035,True
supplement,f06,f12,rbfn_pso,454,results/supplement/f12/rbfn_pso/seed454/history.npz,0.015971507275557167,True
supplement,f06,f12,rbfn_pso,455,results/supplement/f12/rbfn_pso/seed455/history.npz,0.0006043538865228724,True
supplement,f06,f12,rbfn_pso,456,results/supplement/f12/rbfn_pso/seed456/history.npz,0.06952462151289071,True
supplement,f06,f12,rbfn_pso,457,results/supplement/f12/rbfn_pso/seed457/history.npz,0.025800386781435623,True
supplement,f06,f12,rbfn_pso,458,results/supplement/f12/rbfn_pso/seed458/history.npz,0.0006222153708779329,True
supplement,f06,f12,rbfn_pso,459,results/supplement/f12/rbfn_pso/seed459/history.npz,0.0009729589307454009,True
supplement,f06,f12,rbfn_pso,460,results/supplement/f12/rbfn_pso/seed460/history.npz,0.0010378075329897237,True
supplement,f06,f12,rbfn_pso,461,results/supplement/f12/rbfn_pso/seed461/history.npz,0.002532845977864133,True
supplement,f06,f12,rbfn_pso,462,results/supplement/f12/rbfn_pso/seed462/history.npz,0.00019362719664604128,True
supplement,f06,f12,rbfn_pso,463,results/supplement/f12/rbfn_pso/seed463/history.npz,0.4102858803563795,True
supplement,f06,f12,rbfn_pso,464,results/supplement/f12/rbfn_pso/seed464/history.npz,0.0013257216142751344,True
supplement,f06,f12,rbfn_pso,465,results/supplement/f12/rbfn_pso/seed465/history.npz,8.265116062219746e-05,True
supplement,f06,f12,rbfn_pso,466,results/supplement/f12/rbfn_pso/seed466/history.npz,0.012914635866442556,True
supplement,f06,f12,rbfn_pso,467,results/supplement/f12/rbfn_pso/seed467/history.npz,0.2962904747083768,True
supplement,f06,f12,rbfn_pso,468,results/supplement/f12/rbfn_pso/seed468/history.npz,1.8187704163091484e-05,True
supplement,f06,f12,rbfn_pso,469,results/supplement/f12/rbfn_pso/seed469/history.npz,0.044199445605658694,True
supplement,f06,f12,rbfn_pso,470,results/supplement/f12/rbfn_pso/seed470/history.npz,0.05283574005274964,True
supplement,f06,f12,rbfn_pso,471,results/supplement/f12/rbfn_pso/seed471/history.npz,0.1173848153297952,True
supplement,f06,f12,rbfn_pso,472,results/supplement/f12/rbfn_pso/seed472/history.npz,0.0008017392191401479,True
supplement,f06,f12,rbfn_pso,473,results/supplement/f12/rbfn_pso/seed473/history.npz,0.000724445296752215,True
supplement,f06,f12,rbfn_pso,474,results/supplement/f12/rbfn_pso/seed474/history.npz,0.07944918848256524,True
supplement,f06,f12,rbfn_pso,475,results/supplement/f12/rbfn_pso/seed475/history.npz,0.00023998553075081947,True
supplement,f06,f12,rbfn_pso,476,results/supplement/f12/rbfn_pso/seed476/history.npz,0.13352820283449032,True
supplement,f06,f12,rbfn_pso,477,results/supplement/f12/rbfn_pso/seed477/history.npz,0.06201637053785206,True
supplement,f06,f12,rbfn_pso,478,results/supplement/f12/rbfn_pso/seed478/history.npz,0.02596083096536976,True
supplement,f06,f12,rbfn_pso,479,results/supplement/f12/rbfn_pso/seed479/history.npz,0.00017358588031646672,True
